customer_id,age,income,recency,frequency,monetary,channel,treatment,conversion,revenue,true_ite
1,45,28162,11,2,101.5,sms,1,0,0.0,0.06
2,38,27665,3,6,204.56,sms,1,0,0.0,0.0773
3,47,12364,2,5,86.82,sms,1,1,44.75,0.0275
4,58,29790,2,7,166.55,sms,0,0,0.0,0.0291
5,37,56370,26,4,134.39,email,0,0,0.0,0.1295
6,37,16906,1,7,73.77,push,1,0,0.0,0.0613
7,58,68124,12,4,102.95,push,0,1,66.14,0.0953
8,49,48662,41,5,188.83,sms,0,0,0.0,0.0851
9,34,23375,10,5,368.6,email,0,1,33.67,0.0803
10,46,33358,43,5,134.63,email,0,0,0.0,0.0664
11,34,94749,41,6,159.3,email,0,0,0.0,0.2037
12,34,56394,8,5,119.32,sms,1,0,0.0,0.1374
13,42,36507,39,3,175.31,email,0,0,0.0,0.0822
14,18,31488,41,3,14.31,email,0,0,0.0,0.1359
15,19,38023,15,5,101.72,sms,0,0,0.0,0.1446
16,33,26713,7,4,86.35,push,0,1,99.78,0.0887
17,27,10271,22,5,83.15,email,0,0,0.0,0.0758
18,43,123661,76,2,105.42,sms,0,0,0.0,0.2303
19,29,39862,30,8,97.93,sms,0,0,0.0,0.1218
20,23,46114,5,4,98.75,push,0,0,0.0,0.1482
21,57,35075,34,1,0.48,sms,0,1,119.37,0.0408
22,37,23363,16,3,188.2,sms,0,0,0.0,0.0725
23,40,32482,26,6,156.07,sms,0,0,0.0,0.0805
24,22,13909,39,7,23.37,push,1,0,0.0,0.0951
25,33,142379,21,5,46.89,push,0,0,0.0,0.2886
26,41,17314,50,3,216.16,email,0,0,0.0,0.0517
27,26,19551,38,5,55.44,sms,1,0,0.0,0.0945
28,44,27885,28,4,112.71,sms,0,0,0.0,0.0621
29,32,78656,4,4,111.01,sms,0,0,0.0,0.181
30,36,36633,54,2,55.39,email,1,0,0.0,0.098
31,32,17297,82,3,32.34,email,0,0,0.0,0.075
32,62,77080,4,4,16.75,sms,1,0,0.0,0.1004
33,39,56308,20,6,108.33,email,0,0,0.0,0.1242
34,27,50164,8,8,121.67,email,1,0,0.0,0.1448
35,49,55795,42,5,34.75,push,0,0,0.0,0.0974
36,25,152759,38,2,126.62,email,1,1,17.64,0.3273
37,42,134733,4,3,83.85,sms,1,1,105.81,0.252
38,18,24051,62,6,110.57,push,0,0,0.0,0.123
39,24,96214,5,6,77.36,sms,0,0,0.0,0.2322
40,42,45702,47,9,86.53,email,0,1,67.35,0.0981
41,48,48994,18,5,95.31,email,0,0,0.0,0.0882
42,42,13156,11,3,130.26,sms,0,0,0.0,0.0419
43,38,32786,5,6,138.47,push,0,1,52.54,0.0862
44,36,22299,5,4,38.45,push,1,0,0.0,0.0733
45,22,59684,32,5,50.87,sms,1,0,0.0,0.1742
46,31,69054,23,4,32.42,email,0,0,0.0,0.167
47,34,10459,3,7,250.55,email,1,0,0.0,0.058
48,52,35838,3,9,35.23,sms,0,0,0.0,0.0551
49,44,71190,2,6,18.6,email,0,0,0.0,0.137
50,18,32467,40,5,42.29,push,0,0,0.0,0.1376
51,43,56243,37,2,274.15,email,1,0,0.0,0.1138
52,35,44832,1,7,42.92,email,0,0,0.0,0.1148
53,31,44578,24,2,47.62,email,0,0,0.0,0.1247
54,47,30859,2,5,137.51,email,0,1,20.46,0.0595
55,52,17501,70,5,165.45,sms,0,0,0.0,0.0234
56,51,18528,71,4,46.67,email,0,0,0.0,0.0278
57,29,55581,35,2,24.76,sms,1,0,0.0,0.149
58,36,36741,78,11,50.3,sms,0,0,0.0,0.0982
59,43,33419,50,5,114.78,email,0,0,0.0,0.0743
60,51,28160,52,8,87.95,email,1,0,0.0,0.0444
61,34,30238,25,10,155.14,push,0,1,69.29,0.0922
62,37,68060,10,10,121.02,email,1,1,17.84,0.1498
63,26,29698,7,5,131.85,sms,1,0,0.0,0.112
64,25,16242,11,2,139.83,email,1,1,22.83,0.0913
65,49,56737,29,7,121.41,sms,1,0,0.0,0.099
66,56,32114,5,7,96.52,sms,1,0,0.0,0.0383
67,39,37006,8,10,105.28,email,1,0,0.0,0.0909
68,52,95277,18,3,135.09,push,1,1,11.03,0.1579
69,44,35870,7,7,38.48,email,0,0,0.0,0.0759
70,32,43196,26,6,201.33,email,1,0,0.0,0.1198
71,44,17901,76,2,28.76,email,0,0,0.0,0.0449
72,58,31831,41,2,25.39,push,0,0,0.0,0.0326
73,39,52350,32,3,60.11,email,1,1,17.04,0.1174
74,58,14282,26,4,70.31,sms,0,0,0.0,0.0023
75,18,40966,20,2,85.61,sms,0,0,0.0,0.1523
76,49,38579,6,9,84.31,email,0,0,0.0,0.0676
77,41,37226,67,7,52.49,sms,0,0,0.0,0.0861
78,36,67663,8,8,47.64,sms,0,1,48.33,0.1517
79,41,44385,2,3,101.84,sms,0,1,66.11,0.0984
80,18,88154,41,7,155.48,email,0,0,0.0,0.2338
81,37,20007,5,3,44.83,push,0,0,0.0,0.0667
82,44,39401,13,10,12.0,email,1,0,0.0,0.082
83,57,38203,1,4,26.44,sms,0,0,0.0,0.0462
84,33,19119,4,7,50.35,push,1,0,0.0,0.0755
85,30,64458,5,2,20.28,email,0,0,0.0,0.1617
86,33,146503,1,2,126.67,email,0,0,0.0,0.2957
87,50,35946,32,5,51.03,email,1,0,0.0,0.0605
88,43,49168,54,10,134.38,sms,0,0,0.0,0.1015
89,33,38204,14,6,95.29,sms,1,0,0.0,0.1085
90,46,23667,62,4,135.66,push,0,0,0.0,0.0497
91,41,12179,7,1,141.51,email,1,1,6.74,0.0428
92,51,23778,11,8,243.83,push,0,0,0.0,0.0369
93,31,15753,4,5,3.08,email,1,0,0.0,0.0749
94,36,100958,29,3,128.0,push,0,1,24.21,0.2092
95,35,33891,16,4,101.58,email,0,0,0.0,0.0959
96,22,29508,28,3,168.77,email,0,0,0.0,0.1221
97,43,61913,43,3,29.75,email,0,1,60.94,0.1236
98,43,18526,23,4,54.75,email,0,0,0.0,0.0486
99,40,22922,29,4,99.97,email,1,1,40.35,0.0639
100,37,37829,82,5,82.24,email,1,0,0.0,0.0975
101,23,67323,10,3,30.08,email,1,0,0.0,0.1848
102,34,49070,13,6,42.44,sms,1,1,20.82,0.1247
103,35,42150,37,4,190.72,email,1,0,0.0,0.1102
104,30,38058,28,6,41.68,email,1,0,0.0,0.1161
105,38,46172,5,6,137.55,push,1,0,0.0,0.1093
106,44,40986,14,5,16.65,email,1,0,0.0,0.0848
107,62,19575,18,7,52.51,email,0,0,0.0,0.0011
108,42,37333,16,5,40.59,email,0,0,0.0,0.0837
109,43,19068,5,6,85.6,sms,0,0,0.0,0.0495
110,39,38125,77,4,41.32,email,0,0,0.0,0.0928
111,18,27217,43,8,41.69,email,0,0,0.0,0.1285
112,39,166646,19,11,248.92,sms,1,0,0.0,0.315
113,40,35456,34,6,38.62,email,0,0,0.0,0.0856
114,69,15637,68,3,151.84,email,0,0,0.0,0.0
115,37,33506,4,4,137.05,email,1,0,0.0,0.09
116,43,49593,8,8,101.64,email,1,1,29.37,0.1023
117,39,99113,23,6,74.85,email,0,1,59.74,0.1982
118,25,25497,48,5,86.5,email,0,0,0.0,0.1073
119,53,14052,1,6,49.24,push,0,0,0.0,0.0149
120,49,59284,124,4,53.32,email,0,0,0.0,0.1034
121,49,15861,18,5,54.12,email,0,1,79.71,0.0284
122,29,27953,13,14,75.06,email,0,0,0.0,0.1012
123,56,31114,10,4,153.14,email,1,0,0.0,0.0366
124,23,34829,5,6,200.51,email,1,0,0.0,0.1287
125,47,54912,47,2,55.99,push,0,0,0.0,0.1011
126,66,24096,93,5,33.88,email,1,0,0.0,0.0
127,28,30815,16,5,139.92,sms,0,0,0.0,0.1087
128,33,36005,91,4,38.37,push,0,0,0.0,0.1047
129,41,39725,52,3,56.98,email,0,1,48.91,0.0904
130,33,38510,19,6,61.83,sms,1,0,0.0,0.1091
131,21,47174,33,5,61.85,sms,0,1,70.81,0.1552
132,40,60252,17,7,107.59,email,0,0,0.0,0.1285
133,27,45962,24,8,164.65,email,0,0,0.0,0.1375
134,45,47674,1,6,263.45,email,1,0,0.0,0.0937
135,28,14054,35,5,91.12,email,0,0,0.0,0.0798
136,58,37426,1,8,30.76,sms,1,0,0.0,0.0423
137,30,48421,50,9,139.33,sms,0,0,0.0,0.134
138,36,56238,52,3,33.44,sms,0,0,0.0,0.1319
139,49,23970,8,5,39.1,email,0,1,25.02,0.0424
140,25,24454,11,2,11.35,push,0,0,0.0,0.1055
141,42,25733,19,6,100.69,email,0,1,52.68,0.0636
142,55,50103,27,9,133.22,email,0,0,0.0,0.072
143,20,67530,10,5,53.69,sms,0,1,31.92,0.193
144,42,28439,26,7,83.55,push,0,0,0.0,0.0683
145,43,62616,10,7,166.88,email,0,0,0.0,0.1248
146,49,39108,1,3,138.78,sms,0,0,0.0,0.0686
147,25,33705,1,5,39.88,email,0,1,32.77,0.1215
148,24,31989,3,5,88.23,email,0,0,0.0,0.1212
149,46,56838,47,4,119.42,email,0,0,0.0,0.107
150,43,44149,97,5,42.82,email,1,1,243.87,0.0928
151,43,142271,16,4,17.65,email,1,1,9.92,0.2624
152,44,21778,21,8,69.35,sms,0,0,0.0,0.0516
153,31,49556,4,7,129.42,email,0,1,43.52,0.1333
154,42,26435,24,6,89.88,sms,1,0,0.0,0.0648
155,43,21556,4,7,50.06,sms,0,0,0.0,0.0538
156,31,36079,28,10,132.93,email,1,0,0.0,0.1101
157,62,39435,81,4,347.31,sms,0,0,0.0,0.0354
158,45,209170,6,9,230.24,sms,1,0,0.0,0.3729
159,25,32516,43,9,116.57,email,0,0,0.0,0.1195
160,47,18432,1,9,110.78,email,0,0,0.0,0.038
161,28,42779,14,3,69.8,push,0,0,0.0,0.1294
162,49,10458,3,3,91.86,push,1,0,0.0,0.019
163,53,34366,13,8,7.95,email,1,0,0.0,0.05
164,30,36666,5,6,120.42,push,0,0,0.0,0.1137
165,51,58498,14,9,158.67,sms,0,0,0.0,0.0969
166,44,65132,16,2,32.42,email,0,0,0.0,0.1265
167,49,26845,10,6,39.51,push,1,1,24.76,0.0474
168,62,33177,32,2,9.37,push,0,0,0.0,0.0246
169,37,22932,75,9,68.27,email,1,0,0.0,0.0718
170,30,18456,15,6,82.16,email,0,0,0.0,0.0822
171,29,43736,6,1,92.49,push,0,0,0.0,0.1285
172,30,16913,9,3,73.04,email,0,0,0.0,0.0795
173,39,28317,57,4,9.11,email,0,0,0.0,0.0759
174,44,19988,25,4,2.93,push,0,0,0.0,0.0485
175,43,50504,18,6,69.22,email,0,0,0.0,0.1038
176,49,107029,4,8,51.92,sms,1,1,16.19,0.186
177,40,16631,17,5,109.36,email,0,1,30.31,0.0531
178,57,11946,9,11,69.49,email,0,1,15.53,0.0008
179,36,33693,86,9,62.0,email,0,0,0.0,0.0929
180,72,36659,64,5,18.17,email,0,1,48.55,0.0046
181,47,41406,2,4,103.09,email,0,0,0.0,0.0777
182,29,27783,21,3,73.17,sms,0,0,0.0,0.1009
183,27,32196,7,12,197.06,sms,0,1,39.77,0.1137
184,45,45274,15,5,98.13,sms,0,0,0.0,0.0896
185,37,67796,62,12,49.19,sms,0,0,0.0,0.1493
186,48,11237,22,4,63.84,email,0,0,0.0,0.023
187,45,29104,12,5,106.92,push,0,0,0.0,0.0617
188,39,41286,6,3,176.18,email,0,1,26.79,0.0983
189,29,20935,48,3,43.8,email,0,1,22.13,0.0891
190,21,102611,29,5,164.68,sms,0,0,0.0,0.251
191,34,24803,18,3,139.74,email,0,0,0.0,0.0828
192,50,35426,7,8,342.0,email,1,0,0.0,0.0596
193,42,50696,12,6,52.85,push,0,0,0.0,0.1068
194,25,25469,96,4,93.88,email,0,0,0.0,0.1073
195,42,11992,22,2,77.3,sms,0,0,0.0,0.0399
196,44,28079,15,8,211.22,push,1,1,61.7,0.0625
197,29,67350,22,7,24.39,push,1,0,0.0,0.1693
198,41,29669,45,3,210.16,email,0,0,0.0,0.073
199,40,21854,12,3,39.07,email,0,0,0.0,0.0621
200,26,63284,5,8,129.96,sms,0,0,0.0,0.1701
201,44,29778,26,5,150.67,email,0,0,0.0,0.0654
202,46,26739,32,6,50.26,sms,0,0,0.0,0.055
203,52,39722,37,9,36.81,sms,1,0,0.0,0.0618
204,52,57667,64,4,32.82,sms,0,0,0.0,0.0928
205,23,151604,13,5,31.38,sms,0,0,0.0,0.3305
206,28,59655,2,6,158.42,push,0,0,0.0,0.1586
207,46,72831,95,7,54.55,email,0,1,81.42,0.1346
208,46,26807,17,3,28.71,sms,1,0,0.0,0.0551
209,46,19623,29,4,152.23,email,0,0,0.0,0.0427
210,80,37699,32,4,57.55,email,0,1,44.55,0.0
211,46,38727,23,1,128.93,email,0,0,0.0,0.0757
212,53,19013,6,5,35.69,sms,1,0,0.0,0.0234
213,51,32689,42,4,67.38,push,0,0,0.0,0.0523
214,47,46147,48,1,37.6,sms,0,0,0.0,0.0859
215,36,45081,24,3,44.88,email,0,0,0.0,0.1126
216,49,49147,20,7,80.06,sms,0,0,0.0,0.0859
217,30,43242,3,0,189.05,email,0,0,0.0,0.125
218,37,26790,2,9,189.9,sms,0,0,0.0,0.0784
219,34,26679,12,5,61.03,push,0,1,65.01,0.086
220,40,17687,11,4,104.62,email,1,0,0.0,0.0549
221,67,105965,92,0,38.62,email,0,0,0.0,0.1374
222,18,36609,45,6,127.71,email,1,0,0.0,0.1447
223,48,31732,32,6,192.14,email,0,0,0.0,0.0584
224,20,20800,21,2,32.58,sms,0,0,0.0,0.1122
225,34,211376,5,3,93.26,email,0,0,0.0,0.4052
226,53,19072,115,5,6.39,email,0,0,0.0,0.0235
227,40,28076,14,7,150.08,sms,0,0,0.0,0.0729
228,27,46606,3,5,23.05,push,0,0,0.0,0.1386
229,31,52058,20,5,33.22,email,0,0,0.0,0.1377
230,48,64521,62,6,52.15,email,1,0,0.0,0.1151
231,31,107426,65,3,26.7,email,1,0,0.0,0.2334
232,42,49202,1,5,49.56,email,0,0,0.0,0.1042
233,40,19271,65,4,127.27,email,1,0,0.0,0.0576
234,32,31127,9,3,23.11,push,0,0,0.0,0.0989
235,65,43682,1,7,134.39,email,0,1,13.4,0.0349
236,47,125609,56,4,5.43,email,0,0,0.0,0.2233
237,18,15698,59,7,70.5,email,0,0,0.0,0.1086
238,42,74723,27,6,45.44,push,0,1,10.76,0.1483
239,32,40455,25,4,242.99,email,0,0,0.0,0.115
240,50,60035,50,4,24.82,sms,0,0,0.0,0.1021
241,30,34159,46,3,105.95,sms,0,0,0.0,0.1093
242,38,21906,66,5,25.76,push,0,0,0.0,0.0674
243,46,56983,24,4,75.29,email,1,0,0.0,0.1072
244,50,53780,102,10,69.02,email,0,0,0.0,0.0913
245,25,65070,166,8,81.64,sms,1,0,0.0,0.1757
246,35,36026,3,2,194.72,sms,0,0,0.0,0.0996
247,34,25339,56,3,71.73,sms,0,0,0.0,0.0837
248,32,14253,20,7,76.21,sms,0,0,0.0,0.0697
249,61,59374,14,4,156.2,sms,0,0,0.0,0.0724
250,44,46832,28,6,145.37,push,0,0,0.0,0.0949
251,24,20343,1,4,175.0,push,0,0,0.0,0.101
252,51,26287,21,5,87.09,email,0,0,0.0,0.0412
253,65,27445,61,5,64.96,email,0,0,0.0,0.0069
254,52,14916,7,9,115.76,sms,0,0,0.0,0.019
255,21,22234,16,4,64.29,email,1,0,0.0,0.1121
256,34,18392,84,1,10.95,email,0,0,0.0,0.0717
257,55,28353,16,4,12.86,email,0,0,0.0,0.0344
258,31,23313,13,6,91.92,push,1,0,0.0,0.088
259,45,13681,17,3,43.85,email,0,0,0.0,0.035
260,49,122217,21,4,30.51,push,1,1,13.35,0.2122
261,28,76997,29,10,14.52,email,0,0,0.0,0.1886
262,39,22756,48,9,26.91,sms,0,0,0.0,0.0663
263,18,42764,18,6,80.67,email,1,1,16.34,0.1554
264,27,46652,51,7,212.05,email,0,0,0.0,0.1387
265,36,74209,22,0,82.8,push,1,0,0.0,0.163
266,25,22221,12,6,63.55,push,0,0,0.0,0.1017
267,59,69930,32,2,48.7,email,0,0,0.0,0.0959
268,22,26140,37,3,131.28,sms,0,0,0.0,0.1162
269,34,16292,24,13,60.76,sms,1,0,0.0,0.0681
270,41,56077,1,5,55.03,email,0,0,0.0,0.1187
271,57,78783,5,2,31.34,email,1,0,0.0,0.1164
272,22,171569,10,6,42.58,sms,0,0,0.0,0.3676
273,53,17679,9,6,118.72,email,0,0,0.0,0.0211
274,40,55234,33,4,96.96,email,0,1,45.82,0.1198
275,28,28399,1,8,75.28,push,1,0,0.0,0.1046
276,45,58105,42,10,79.44,email,1,0,0.0,0.1118
277,42,15028,9,9,51.35,email,0,0,0.0,0.0451
278,32,17023,11,4,105.09,push,1,0,0.0,0.0745
279,40,22799,22,3,84.18,email,1,0,0.0,0.0637
280,35,38077,7,6,28.57,sms,0,0,0.0,0.1031
281,41,24719,64,7,64.73,email,0,1,10.14,0.0645
282,47,53929,2,5,40.55,push,0,0,0.0,0.0994
283,59,67247,17,4,176.56,email,0,0,0.0,0.0912
284,25,52038,56,6,111.9,email,0,1,28.63,0.1532
285,65,95920,28,5,172.11,email,1,1,26.81,0.1252
286,18,46606,10,5,36.37,email,0,0,0.0,0.162
287,38,17498,16,1,156.53,push,1,1,6.94,0.0598
288,47,82291,36,6,52.83,email,1,0,0.0,0.1484
289,43,25258,108,4,21.57,email,1,0,0.0,0.0602
290,32,62708,67,4,71.28,email,0,1,17.51,0.1535
291,37,93362,12,2,53.84,push,0,0,0.0,0.1935
292,34,47763,189,5,56.19,email,0,0,0.0,0.1225
293,32,14798,1,4,66.03,sms,0,0,0.0,0.0707
294,50,20932,1,9,151.48,sms,1,0,0.0,0.0345
295,44,80309,52,4,99.62,push,0,0,0.0,0.1528
296,31,32811,6,0,114.31,sms,0,0,0.0,0.1044
297,50,38091,1,11,105.13,email,1,0,0.0,0.0642
298,43,57256,8,8,37.14,email,0,0,0.0,0.1155
299,49,55148,16,7,8.72,email,1,1,86.02,0.0963
300,47,42928,39,6,65.68,sms,0,0,0.0,0.0804
301,30,32041,29,3,102.31,email,0,1,8.28,0.1057
302,33,30103,8,5,87.98,email,0,0,0.0,0.0945
303,48,60763,20,6,78.98,email,0,0,0.0,0.1086
304,47,50622,78,3,109.73,push,0,0,0.0,0.0937
305,39,31120,50,5,72.56,sms,0,0,0.0,0.0807
306,41,69512,11,8,76.59,email,0,0,0.0,0.1419
307,55,33610,120,6,40.87,email,0,0,0.0,0.0435
308,32,21785,36,7,179.62,email,1,1,23.12,0.0828
309,46,23031,1,4,15.04,email,0,0,0.0,0.0486
310,37,20186,1,3,154.92,sms,0,0,0.0,0.067
311,37,30839,5,8,13.84,sms,0,0,0.0,0.0854
312,53,76132,39,1,125.5,push,0,0,0.0,0.1222
313,49,22402,6,5,75.74,push,1,1,11.34,0.0397
314,49,40663,21,6,144.19,email,0,0,0.0,0.0712
315,55,24489,2,5,120.22,push,0,0,0.0,0.0277
316,40,31064,76,5,24.91,sms,0,0,0.0,0.078
317,48,14676,12,5,6.39,sms,0,0,0.0,0.0289
318,36,31814,71,5,43.49,push,0,0,0.0,0.0897
319,43,32330,86,6,58.3,push,0,0,0.0,0.0724
320,38,50220,1,5,96.36,push,0,0,0.0,0.1163
321,41,41521,18,5,67.39,email,0,1,8.58,0.0935
322,47,17693,1,8,45.98,email,0,0,0.0,0.0367
323,30,69599,71,3,87.17,push,0,0,0.0,0.1706
324,65,41199,21,5,145.98,email,0,0,0.0,0.0306
325,27,40906,2,3,145.68,sms,1,0,0.0,0.1288
326,25,36115,3,3,77.58,sms,0,1,62.17,0.1257
327,53,26618,14,7,96.14,sms,0,0,0.0,0.0366
328,49,41385,84,4,7.9,email,0,0,0.0,0.0725
329,47,48308,35,4,118.69,email,1,1,23.11,0.0897
330,47,12731,60,2,220.45,push,1,1,38.81,0.0282
331,39,26284,13,6,64.93,email,1,0,0.0,0.0724
332,29,31164,1,3,110.44,sms,0,0,0.0,0.1068
333,40,42349,109,7,94.57,sms,1,0,0.0,0.0975
334,31,74308,1,7,72.7,email,0,0,0.0,0.1761
335,51,22855,88,8,119.83,email,0,0,0.0,0.0353
336,38,26936,13,6,45.91,sms,1,0,0.0,0.0761
337,30,26701,1,7,58.05,email,1,0,0.0,0.0964
338,36,22450,35,4,46.53,email,1,0,0.0,0.0735
339,44,29486,118,7,247.2,push,1,0,0.0,0.0649
340,33,57669,101,2,37.9,sms,0,0,0.0,0.1422
341,30,19296,5,5,110.72,push,1,0,0.0,0.0836
342,42,46942,5,3,35.94,email,0,0,0.0,0.1003
343,42,13080,25,7,86.4,sms,1,0,0.0,0.0417
344,33,25931,30,5,103.48,email,0,0,0.0,0.0873
345,34,29801,40,7,11.86,email,0,0,0.0,0.0914
346,42,99202,5,9,21.75,push,1,0,0.0,0.1906
347,22,30795,95,6,35.65,email,0,0,0.0,0.1243
348,23,9693,30,5,24.34,email,0,0,0.0,0.0852
349,31,10945,56,7,31.82,push,0,0,0.0,0.0666
350,37,37064,23,1,91.61,push,0,0,0.0,0.0962
351,43,52483,16,3,48.99,push,1,1,46.08,0.1073
352,57,45491,113,3,118.94,email,0,0,0.0,0.0588
353,50,40156,26,11,209.52,email,1,0,0.0,0.0678
354,38,72937,60,4,21.62,email,0,0,0.0,0.1556
355,39,26271,91,2,223.53,sms,1,1,45.61,0.0723
356,27,62127,33,5,132.77,email,1,0,0.0,0.1655
357,39,13640,23,7,106.76,email,0,0,0.0,0.0505
358,36,21100,1,2,73.15,sms,0,1,17.56,0.0712
359,43,12280,1,5,82.4,sms,0,0,0.0,0.0378
360,30,30794,6,2,31.09,email,1,0,0.0,0.1035
361,46,35321,6,1,78.74,push,1,1,45.19,0.0698
362,58,38888,8,6,169.59,email,0,0,0.0,0.0448
363,38,37689,10,4,32.99,push,0,1,99.64,0.0947
364,44,20815,13,7,114.52,push,1,0,0.0,0.0499
365,48,32398,16,7,150.1,email,0,1,46.99,0.0596
366,35,14787,3,6,40.42,email,0,0,0.0,0.0629
367,42,82284,1,6,97.61,email,1,0,0.0,0.1614
368,40,30267,33,6,117.89,push,1,1,91.19,0.0766
369,41,27083,23,7,234.04,email,0,1,121.73,0.0685
370,30,94217,17,4,171.55,sms,0,0,0.0,0.2131
371,40,17234,30,9,169.05,sms,1,1,5.37,0.0541
372,45,18483,52,4,57.09,email,0,0,0.0,0.0433
373,57,18812,16,6,111.39,push,1,0,0.0,0.0127
374,51,34866,30,7,72.21,push,1,0,0.0,0.056
375,65,47050,92,4,19.81,email,0,1,141.97,0.0407
376,30,56602,54,6,34.78,email,0,0,0.0,0.1481
377,50,169939,16,2,77.61,email,1,1,15.51,0.2921
378,42,9417,31,6,66.33,push,0,0,0.0,0.0354
379,66,52325,5,4,220.91,email,0,0,0.0,0.0473
380,30,25996,24,3,82.88,push,0,0,0.0,0.0952
381,29,25543,119,3,148.82,email,0,0,0.0,0.097
382,32,25037,21,5,99.44,email,0,0,0.0,0.0884
383,18,21051,78,3,105.52,sms,0,0,0.0,0.1178
384,33,99779,15,4,133.74,email,0,0,0.0,0.215
385,30,60197,202,3,65.71,push,0,0,0.0,0.1543
386,41,36824,25,6,75.08,email,1,0,0.0,0.0854
387,44,81683,1,9,57.63,push,0,0,0.0,0.1551
388,62,14654,26,5,73.75,push,1,0,0.0,0.0
389,51,16343,9,6,83.88,push,0,0,0.0,0.024
390,33,9830,1,4,98.45,email,0,0,0.0,0.0595
391,29,23869,51,3,82.02,sms,0,0,0.0,0.0941
392,45,40015,9,9,87.13,email,1,1,19.57,0.0805
393,24,38627,47,3,97.47,push,1,1,86.79,0.1326
394,61,39719,10,9,2.05,email,1,0,0.0,0.0385
395,54,15574,6,4,48.32,email,0,1,146.98,0.0149
396,34,58799,109,8,51.16,push,0,0,0.0,0.1415
397,19,41930,13,3,96.49,email,0,0,0.0,0.1513
398,56,56377,27,3,110.8,email,1,0,0.0,0.0802
399,38,11664,28,5,33.31,sms,0,0,0.0,0.0497
400,54,43778,24,8,146.88,push,1,0,0.0,0.0637
401,20,17806,73,3,107.04,email,0,0,0.0,0.107
402,32,28612,33,4,36.4,push,1,0,0.0,0.0946
403,40,50042,15,8,52.17,email,1,0,0.0,0.1108
404,40,38355,59,3,71.63,push,1,0,0.0,0.0906
405,34,21787,5,3,136.04,email,1,0,0.0,0.0776
406,47,36452,23,2,118.25,email,0,0,0.0,0.0692
407,27,14488,90,7,36.39,push,0,0,0.0,0.0831
408,38,72414,29,2,153.05,email,1,1,26.08,0.1547
409,41,32107,50,6,81.34,email,0,0,0.0,0.0772
410,46,71049,31,5,157.69,email,1,0,0.0,0.1316
411,48,26478,54,6,86.71,sms,0,0,0.0,0.0493
412,26,26525,86,2,32.04,email,0,1,64.1,0.1065
413,21,22959,9,10,105.31,email,0,0,0.0,0.1133
414,55,61433,5,3,238.22,email,1,0,0.0,0.0916
415,43,23726,19,6,48.11,email,0,0,0.0,0.0576
416,31,53463,36,5,38.63,sms,0,0,0.0,0.1401
417,58,28869,7,7,62.64,push,0,0,0.0,0.0275
418,41,11096,1,6,107.54,sms,0,0,0.0,0.0409
419,54,25791,12,7,276.62,email,0,0,0.0,0.0326
420,40,17899,104,4,157.46,sms,0,0,0.0,0.0553
421,64,37061,35,7,31.41,email,0,0,0.0,0.0261
422,61,17778,15,2,186.62,push,0,0,0.0,0.0005
423,37,63296,6,6,106.78,sms,0,0,0.0,0.1415
424,51,34384,13,7,104.28,email,1,0,0.0,0.0552
425,47,32644,5,5,66.22,email,1,0,0.0,0.0626
426,56,53827,3,4,58.71,sms,0,0,0.0,0.0758
427,28,64753,71,5,82.11,sms,0,0,0.0,0.1674
428,48,35880,181,2,212.05,email,0,0,0.0,0.0656
429,52,22863,5,8,21.23,email,0,0,0.0,0.0327
430,18,12526,1,5,111.95,sms,1,0,0.0,0.1031
431,25,24061,12,6,95.19,email,1,0,0.0,0.1049
432,18,25076,18,5,81.02,sms,0,0,0.0,0.1248
433,36,38724,6,6,150.7,email,0,0,0.0,0.1016
434,48,29522,10,8,23.2,email,1,0,0.0,0.0546
435,58,54872,6,7,188.71,email,0,0,0.0,0.0724
436,40,25139,44,0,3.6,sms,0,0,0.0,0.0678
437,59,35093,37,4,67.35,email,0,0,0.0,0.0357
438,23,73894,30,7,20.14,sms,1,1,13.15,0.1962
439,19,44582,14,7,63.54,sms,0,0,0.0,0.1559
440,39,35030,71,2,200.18,sms,0,0,0.0,0.0875
441,44,25306,104,3,55.65,push,0,1,22.3,0.0577
442,39,24836,5,9,32.92,push,0,0,0.0,0.0699
443,18,21799,7,7,182.43,sms,0,0,0.0,0.1191
444,38,26249,22,8,94.03,sms,0,0,0.0,0.0749
445,24,57147,2,4,64.82,email,0,0,0.0,0.1646
446,48,31788,17,2,39.37,push,0,0,0.0,0.0585
447,44,16157,26,6,86.67,push,0,0,0.0,0.0419
448,28,104914,22,2,67.26,sms,1,0,0.0,0.2368
449,33,44001,12,4,107.8,email,0,1,19.18,0.1186
450,27,15612,23,9,16.14,sms,1,0,0.0,0.0851
451,39,27858,95,4,93.49,email,0,0,0.0,0.0751
452,51,38813,6,3,156.47,email,0,1,25.84,0.0629
453,28,100987,31,4,13.91,sms,1,1,41.97,0.23
454,46,18678,1,2,227.99,push,0,0,0.0,0.041
455,33,65226,2,7,38.53,email,0,1,82.92,0.1552
456,30,84094,24,7,19.29,email,0,0,0.0,0.1956
457,38,24904,3,2,59.89,email,0,0,0.0,0.0726
458,27,30745,1,4,29.84,push,1,0,0.0,0.1112
459,33,19500,5,4,34.99,sms,1,0,0.0,0.0762
460,25,32142,24,5,60.16,sms,0,0,0.0,0.1188
461,63,35526,36,6,50.25,sms,0,0,0.0,0.026
462,40,53948,6,6,62.88,sms,0,0,0.0,0.1176
463,31,69850,33,8,238.46,email,1,1,14.84,0.1684
464,42,23182,6,4,13.6,email,1,0,0.0,0.0592
465,38,11154,28,1,42.57,sms,0,0,0.0,0.0488
466,37,35855,15,4,103.0,email,1,0,0.0,0.0941
467,47,43309,31,6,76.42,email,1,0,0.0,0.081
468,49,42177,159,3,95.22,sms,0,0,0.0,0.0739
469,33,29851,83,4,83.41,email,1,0,0.0,0.0941
470,33,39138,1,1,65.53,email,0,0,0.0,0.1101
471,36,90153,64,7,10.16,email,1,1,50.71,0.1905
472,18,45662,2,2,191.65,sms,0,0,0.0,0.1604
473,21,29026,91,9,42.6,email,0,0,0.0,0.1238
474,56,26899,9,6,25.52,email,0,0,0.0,0.0293
475,59,32796,14,5,76.49,sms,1,0,0.0,0.0317
476,37,96959,2,10,298.51,sms,1,1,21.57,0.1997
477,46,32533,3,7,128.69,email,1,0,0.0,0.065
478,43,35886,38,5,148.81,email,0,0,0.0,0.0786
479,76,27190,86,4,464.6,push,1,0,0.0,0.0
480,53,70220,28,11,94.33,email,1,0,0.0,0.1119
481,38,117700,37,4,20.88,sms,0,1,13.65,0.233
482,28,47589,43,3,47.09,push,1,0,0.0,0.1377
483,20,38164,9,1,48.53,email,0,0,0.0,0.1422
484,42,37125,1,7,18.87,email,1,1,48.98,0.0833
485,30,8685,1,5,60.86,email,0,0,0.0,0.0653
486,22,56788,12,7,182.37,email,0,0,0.0,0.1692
487,32,39359,8,5,209.98,email,0,0,0.0,0.1131
488,27,46957,1,2,38.67,sms,1,0,0.0,0.1392
489,60,23697,5,5,201.59,sms,0,0,0.0,0.0134
490,50,28834,3,9,107.86,push,1,0,0.0,0.0482
491,39,28378,73,11,25.94,email,0,0,0.0,0.076
492,57,67035,4,6,8.66,sms,0,1,114.56,0.0961
493,40,28933,23,6,111.01,email,1,0,0.0,0.0743
494,29,126702,26,3,85.87,email,0,0,0.0,0.2719
495,58,47028,23,8,71.78,email,0,0,0.0,0.0589
496,46,16891,3,3,18.53,sms,0,0,0.0,0.0379
497,27,33619,11,8,19.57,push,0,0,0.0,0.1162
498,37,24562,1,7,47.35,push,0,0,0.0,0.0746
499,29,9733,15,6,31.29,email,0,1,56.32,0.0697
500,23,94814,6,6,107.13,email,0,0,0.0,0.2323
501,51,55375,24,3,98.76,email,1,0,0.0,0.0915
502,62,50007,35,7,43.65,email,0,0,0.0,0.0536
503,23,40104,22,4,73.24,email,0,0,0.0,0.1378
504,46,15847,17,4,177.63,email,0,1,16.32,0.0361
505,32,27168,14,10,120.43,email,0,0,0.0,0.0921
506,34,60178,55,6,45.23,email,0,0,0.0,0.1439
507,32,19327,7,2,121.97,email,0,0,0.0,0.0785
508,29,7950,39,4,163.89,sms,0,0,0.0,0.0666
509,40,31689,42,3,148.64,sms,0,0,0.0,0.0791
510,30,33354,16,9,36.91,push,0,0,0.0,0.1079
511,43,39392,10,6,42.55,email,0,0,0.0,0.0846
512,39,56224,19,3,13.06,email,0,0,0.0,0.1241
513,37,53239,2,7,111.45,email,1,0,0.0,0.1241
514,29,42415,1,5,205.37,email,0,1,83.52,0.1262
515,33,74408,3,7,122.47,sms,0,0,0.0,0.1711
516,49,14597,6,7,86.73,email,0,0,0.0,0.0262
517,46,49155,21,2,226.81,sms,0,0,0.0,0.0937
518,28,52887,56,7,91.67,sms,1,0,0.0,0.1469
519,41,17261,8,3,284.63,sms,0,0,0.0,0.0516
520,49,14739,82,7,129.66,sms,0,0,0.0,0.0264
521,19,23212,92,5,69.69,sms,0,0,0.0,0.119
522,46,24417,95,8,10.2,sms,0,0,0.0,0.051
523,32,57071,54,3,20.24,sms,0,1,37.07,0.1437
524,46,25116,13,7,237.08,sms,0,0,0.0,0.0522
525,30,21724,2,4,82.76,email,1,0,0.0,0.0878
526,18,25160,25,3,191.16,email,0,0,0.0,0.1249
527,20,71052,24,3,190.53,email,0,0,0.0,0.1991
528,40,36600,56,2,92.54,email,1,0,0.0,0.0876
529,43,32612,165,9,210.43,push,0,0,0.0,0.0729
530,29,33995,21,10,136.79,email,0,1,43.16,0.1116
531,47,78844,12,7,188.3,email,1,0,0.0,0.1424
532,20,23167,6,7,90.8,email,1,0,0.0,0.1163
533,39,79961,1,4,68.14,push,1,0,0.0,0.1651
534,25,41204,21,4,49.62,email,0,0,0.0,0.1345
535,32,32983,24,5,34.87,email,0,0,0.0,0.1021
536,40,162842,52,3,97.21,sms,0,0,0.0,0.3058
537,29,19276,21,7,36.91,sms,0,0,0.0,0.0862
538,35,29371,74,4,119.53,sms,0,1,56.74,0.0881
539,52,17336,29,4,54.1,sms,0,0,0.0,0.0231
540,33,64310,55,4,72.01,sms,1,1,42.56,0.1537
541,50,100058,4,8,138.84,email,1,0,0.0,0.1713
542,26,98908,58,5,176.57,email,0,0,0.0,0.2316
543,46,75687,33,3,56.76,push,0,0,0.0,0.1396
544,57,32254,5,11,30.66,email,0,0,0.0,0.0359
545,18,29168,6,7,115.22,email,0,0,0.0,0.1319
546,30,13323,78,5,107.25,sms,0,0,0.0,0.0733
547,46,123195,1,6,210.14,sms,0,0,0.0,0.2217
548,37,48116,18,2,51.7,email,0,0,0.0,0.1153
549,44,27033,11,1,50.43,email,1,1,18.06,0.0607
550,32,80566,32,3,124.54,email,0,1,7.51,0.1843
551,41,20258,54,5,88.35,sms,0,0,0.0,0.0567
552,38,46349,13,7,172.18,email,1,1,57.98,0.1096
553,54,32742,16,3,107.14,email,1,0,0.0,0.0446
554,43,53274,120,4,120.36,sms,0,0,0.0,0.1086
555,44,34956,45,2,65.49,push,1,0,0.0,0.0744
556,35,15205,68,5,89.12,push,0,1,46.53,0.0636
557,34,38000,17,2,145.72,push,1,1,65.18,0.1056
558,34,68139,8,5,9.29,email,0,0,0.0,0.1577
559,44,35684,15,7,295.68,push,0,0,0.0,0.0756
560,34,57818,37,3,47.91,sms,0,1,7.1,0.1398
561,43,19393,3,6,96.58,push,1,0,0.0,0.0501
562,64,35747,9,3,61.98,email,0,1,12.58,0.0238
563,50,24966,1,10,186.13,email,0,0,0.0,0.0415
564,36,56850,16,5,96.78,email,1,0,0.0,0.133
565,54,37008,52,3,415.44,push,0,0,0.0,0.052
566,35,54942,1,7,176.46,email,1,1,36.37,0.1323
567,18,69746,33,3,134.91,push,0,0,0.0,0.202
568,27,54993,80,5,5.03,email,0,0,0.0,0.1531
569,18,42781,8,4,25.65,email,1,0,0.0,0.1554
570,35,19951,35,7,79.8,sms,0,0,0.0,0.0718
571,40,36254,110,4,175.51,sms,1,0,0.0,0.087
572,60,26374,98,4,66.83,email,0,0,0.0,0.018
573,43,29541,8,3,185.9,push,0,0,0.0,0.0676
574,37,29006,3,6,65.01,push,0,1,13.56,0.0823
575,49,20171,4,10,31.59,email,0,0,0.0,0.0358
576,18,11221,36,3,109.62,push,0,0,0.0,0.1008
577,42,24321,38,5,49.83,email,0,0,0.0,0.0612
578,49,40783,33,4,58.55,sms,0,0,0.0,0.0715
579,22,16172,12,5,100.08,email,1,1,15.82,0.099
580,53,36658,5,2,70.78,email,0,0,0.0,0.0539
581,44,113568,26,3,82.46,email,1,0,0.0,0.2102
582,35,67092,19,4,262.73,email,1,1,265.52,0.1533
583,47,97355,39,6,138.28,email,1,1,9.28,0.1744
584,67,45920,17,7,35.21,email,0,0,0.0,0.0336
585,42,73167,12,4,271.95,sms,1,0,0.0,0.1456
586,42,23520,10,7,67.31,email,0,0,0.0,0.0598
587,34,24671,7,4,102.17,email,0,0,0.0,0.0825
588,29,7019,9,5,114.45,email,1,0,0.0,0.065
589,49,73990,2,6,280.68,email,0,1,64.9,0.1288
590,29,91509,12,9,5.65,email,1,1,17.48,0.2111
591,40,26058,1,3,121.36,email,0,0,0.0,0.0694
592,34,31183,6,9,109.65,push,0,0,0.0,0.0938
593,45,23102,41,6,153.54,email,0,0,0.0,0.0513
594,44,45688,11,2,50.15,email,1,1,52.29,0.0929
595,52,71321,33,9,101.51,email,0,0,0.0,0.1164
596,33,12763,37,4,86.2,email,0,0,0.0,0.0646
597,36,46428,26,5,70.28,email,0,0,0.0,0.115
598,28,30760,95,5,79.82,sms,0,0,0.0,0.1086
599,34,38872,1,4,27.59,sms,0,1,17.2,0.1071
600,44,47829,40,3,143.54,email,0,0,0.0,0.0966
601,49,32437,95,5,17.96,email,0,0,0.0,0.057
602,28,34127,59,4,19.31,email,0,0,0.0,0.1145
603,50,31941,5,3,220.08,email,0,1,46.99,0.0536
604,56,65003,11,5,76.39,email,0,1,39.79,0.0951
605,44,46688,5,6,123.82,push,1,0,0.0,0.0946
606,62,41454,27,9,194.75,sms,0,1,28.14,0.0389
607,30,16939,37,3,45.58,push,0,0,0.0,0.0796
608,25,28936,11,5,119.86,email,1,0,0.0,0.1133
609,18,62267,23,7,152.84,sms,0,0,0.0,0.1891
610,57,37146,35,5,97.54,email,1,1,21.57,0.0444
611,47,53944,16,2,61.75,push,0,0,0.0,0.0994
612,39,104810,57,5,119.84,email,0,0,0.0,0.2081
613,43,67721,44,7,46.14,email,0,0,0.0,0.1336
614,26,38403,2,8,120.68,email,0,0,0.0,0.1271
615,69,26726,29,2,13.04,email,0,0,0.0,0.0
616,41,7846,8,3,112.82,sms,0,0,0.0,0.0353
617,41,32825,24,6,112.96,email,0,0,0.0,0.0785
618,48,29863,94,3,93.27,sms,0,0,0.0,0.0552
619,45,45899,63,6,47.48,sms,0,0,0.0,0.0907
620,42,33112,15,10,20.84,sms,1,0,0.0,0.0764
621,30,29964,10,2,8.12,push,1,1,29.72,0.1021
622,45,12485,8,6,198.24,email,0,0,0.0,0.0329
623,62,20661,22,5,35.36,email,0,1,12.37,0.0029
624,56,48338,3,3,44.92,email,1,0,0.0,0.0663
625,59,101675,23,4,23.34,email,1,0,0.0,0.1507
626,33,34251,1,5,163.99,push,0,0,0.0,0.1017
627,28,44209,11,5,57.54,sms,0,0,0.0,0.1319
628,38,64311,7,9,98.93,sms,0,0,0.0,0.1407
629,40,22325,106,6,24.73,email,0,0,0.0,0.0629
630,53,45255,38,4,102.9,push,1,0,0.0,0.0688
631,19,23288,12,3,43.53,email,0,0,0.0,0.1191
632,58,61016,2,4,143.3,email,0,0,0.0,0.0831
633,38,39768,21,2,166.4,push,1,0,0.0,0.0983
634,34,43437,7,5,41.63,email,0,0,0.0,0.115
635,27,22707,23,4,120.68,sms,0,0,0.0,0.0973
636,20,55504,54,2,221.05,sms,1,0,0.0,0.1722
637,49,126858,28,5,47.07,push,1,0,0.0,0.2202
638,40,19835,30,11,408.94,email,0,1,35.61,0.0586
639,24,29618,23,4,42.07,push,0,0,0.0,0.1171
640,24,41729,78,6,105.6,email,0,1,29.29,0.138
641,35,58211,80,2,309.99,email,0,0,0.0,0.1379
642,60,25958,21,4,86.44,email,1,0,0.0,0.0173
643,36,6635,10,9,74.87,email,0,0,0.0,0.0462
644,21,82085,18,2,153.64,push,0,1,30.31,0.2155
645,37,57314,6,5,139.48,sms,0,0,0.0,0.1312
646,36,12762,30,4,59.93,sms,0,0,0.0,0.0568
647,18,25221,20,5,12.05,email,0,0,0.0,0.125
648,39,93051,3,3,77.58,sms,0,0,0.0,0.1878
649,37,86567,6,4,92.27,email,0,0,0.0,0.1817
650,48,63779,19,5,151.72,email,1,0,0.0,0.1138
651,62,32673,65,7,113.01,sms,0,0,0.0,0.0237
652,53,38169,25,6,64.14,sms,0,0,0.0,0.0566
653,36,33571,34,5,98.94,email,0,0,0.0,0.0927
654,26,71463,12,7,17.2,email,0,0,0.0,0.1842
655,70,21471,25,5,93.66,sms,0,0,0.0,0.0
656,40,22393,17,9,105.85,email,1,0,0.0,0.063
657,40,66580,32,5,64.04,push,1,0,0.0,0.1394
658,39,35361,1,5,124.1,push,1,0,0.0,0.088
659,42,83040,20,8,255.19,sms,0,1,4.2,0.1627
660,38,24272,10,4,80.85,email,0,0,0.0,0.0715
661,33,35141,11,2,146.61,sms,1,0,0.0,0.1032
662,33,20880,97,5,207.17,email,0,0,0.0,0.0786
663,39,36476,6,3,31.14,sms,1,1,15.32,0.09
664,33,14956,11,2,24.29,email,1,0,0.0,0.0684
665,31,27103,21,5,55.93,email,0,0,0.0,0.0945
666,41,15340,59,8,214.16,push,0,0,0.0,0.0482
667,36,55069,16,3,81.03,email,0,0,0.0,0.1299
668,58,55823,40,4,68.61,sms,0,0,0.0,0.0741
669,18,12859,58,11,43.51,sms,1,0,0.0,0.1037
670,53,80848,11,4,27.66,email,0,1,52.54,0.1303
671,54,162502,14,7,42.92,email,0,0,0.0,0.2689
672,18,37331,13,1,66.13,sms,1,0,0.0,0.146
673,35,24719,53,3,51.45,sms,0,0,0.0,0.08
674,35,197718,1,2,60.11,email,1,0,0.0,0.379
675,23,16458,11,6,196.54,email,0,0,0.0,0.0969
676,30,36756,34,3,51.14,sms,1,0,0.0,0.1138
677,26,40448,25,5,30.73,push,0,0,0.0,0.1306
678,61,81396,17,8,135.41,push,0,0,0.0,0.1105
679,51,45064,23,8,59.37,sms,0,0,0.0,0.0737
680,55,26925,6,2,62.75,push,0,0,0.0,0.0319
681,48,20522,16,6,43.03,email,0,0,0.0,0.039
682,26,29581,20,7,79.38,email,0,0,0.0,0.1118
683,33,19847,69,3,224.0,email,0,0,0.0,0.0768
684,45,37372,9,4,195.8,push,1,0,0.0,0.0759
685,25,25886,60,8,111.6,push,1,0,0.0,0.108
686,48,14817,31,6,49.92,email,1,0,0.0,0.0292
687,37,77117,1,5,119.21,sms,0,0,0.0,0.1654
688,35,26940,38,2,250.06,email,0,0,0.0,0.0839
689,48,16968,1,6,124.35,sms,0,0,0.0,0.0329
690,45,32828,178,5,99.13,email,0,1,11.17,0.0681
691,35,37836,61,8,29.41,push,0,1,22.43,0.1027
692,53,12735,10,3,122.71,email,1,0,0.0,0.0126
693,27,44311,8,5,140.05,sms,1,0,0.0,0.1347
694,47,19374,14,4,89.83,email,1,0,0.0,0.0396
695,47,101378,13,7,13.26,email,0,1,4.76,0.1814
696,36,49730,13,9,148.62,sms,1,0,0.0,0.1207
697,43,28568,11,6,111.28,email,0,0,0.0,0.0659
698,24,23223,29,13,99.18,email,1,0,0.0,0.106
699,51,34098,5,3,111.99,sms,0,0,0.0,0.0547
700,37,52453,56,7,34.89,sms,0,0,0.0,0.1228
701,33,35764,50,5,57.48,email,0,0,0.0,0.1043
702,52,31879,19,6,92.21,sms,0,0,0.0,0.0483
703,31,37609,57,11,66.4,sms,0,0,0.0,0.1127
704,23,25277,8,7,86.21,email,0,0,0.0,0.1122
705,21,29557,1,4,46.81,sms,1,0,0.0,0.1247
706,47,10389,28,8,73.86,push,1,0,0.0,0.0241
707,24,65136,18,6,283.08,push,0,1,75.4,0.1784
708,61,43446,25,4,87.33,email,1,1,31.4,0.0449
709,18,22832,68,4,62.54,sms,1,0,0.0,0.1209
710,60,113464,105,7,30.09,sms,0,0,0.0,0.1685
711,42,38261,30,8,117.77,email,0,0,0.0,0.0853
712,38,19502,43,3,85.84,sms,1,0,0.0,0.0632
713,33,60720,2,8,98.8,email,1,0,0.0,0.1475
714,44,46112,5,6,39.78,email,0,0,0.0,0.0936
715,39,46016,39,8,68.1,sms,0,0,0.0,0.1065
716,53,28128,16,3,76.64,email,1,0,0.0,0.0392
717,41,47586,17,3,110.67,email,0,0,0.0,0.104
718,41,31037,11,7,290.55,email,0,1,24.21,0.0754
719,35,50694,28,6,106.09,email,0,0,0.0,0.1249
720,39,11579,6,6,119.3,email,0,0,0.0,0.0469
721,43,27992,29,4,39.01,push,0,0,0.0,0.0649
722,19,102057,5,3,15.97,email,1,0,0.0,0.2552
723,23,22919,1,7,109.91,sms,1,0,0.0,0.1081
724,48,25278,12,7,56.27,email,0,0,0.0,0.0473
725,42,27756,7,7,82.41,email,0,0,0.0,0.0671
726,37,17520,65,5,36.09,push,1,0,0.0,0.0624
727,40,9653,1,4,39.57,sms,1,0,0.0,0.041
728,44,31623,5,4,394.34,email,1,0,0.0,0.0686
729,33,39399,23,7,149.77,sms,0,1,119.07,0.1106
730,30,35189,19,5,90.35,email,0,0,0.0,0.1111
731,42,33292,1,4,58.57,push,0,1,52.16,0.0767
732,28,37265,1,3,393.45,email,1,0,0.0,0.1199
733,44,67084,132,3,76.5,push,0,0,0.0,0.1299
734,19,32394,32,3,106.91,email,0,0,0.0,0.1348
735,52,25733,13,6,212.83,sms,0,1,171.44,0.0377
736,45,30678,19,5,42.41,push,0,0,0.0,0.0644
737,43,51411,9,5,192.44,email,1,1,3.62,0.1054
738,51,84729,12,4,188.01,email,0,0,0.0,0.1422
739,59,24912,31,8,20.0,sms,0,0,0.0,0.0181
740,52,38536,64,7,112.87,email,1,0,0.0,0.0598
741,18,44489,6,4,72.31,sms,0,0,0.0,0.1583
742,24,20019,55,3,47.88,sms,0,0,0.0,0.1005
743,32,36763,3,4,89.55,email,1,0,0.0,0.1086
744,40,15072,7,7,176.03,sms,0,0,0.0,0.0504
745,46,12563,1,9,108.94,email,1,0,0.0,0.0305
746,31,45254,4,8,21.81,push,0,0,0.0,0.1259
747,42,28844,74,3,104.65,email,0,1,38.97,0.069
748,30,41001,18,5,60.42,sms,0,0,0.0,0.1212
749,32,35927,2,6,102.02,email,1,0,0.0,0.1072
750,23,20214,96,7,177.95,sms,0,0,0.0,0.1034
751,28,35342,63,6,181.2,email,0,0,0.0,0.1166
752,23,17329,42,5,53.82,email,0,0,0.0,0.0984
753,28,83665,81,8,37.62,email,0,0,0.0,0.2001
754,52,16097,7,7,78.63,email,0,0,0.0,0.021
755,28,32290,54,4,100.37,email,0,0,0.0,0.1113
756,71,19431,35,6,43.21,email,0,1,18.97,0.0
757,45,51136,61,9,230.71,push,0,0,0.0,0.0997
758,42,29766,47,6,78.24,email,0,1,49.03,0.0706
759,29,26603,12,5,314.59,sms,1,0,0.0,0.0989
760,48,60592,44,4,68.42,email,0,1,65.07,0.1083
761,33,36962,9,3,100.16,email,0,0,0.0,0.1064
762,41,49512,11,0,37.83,email,1,1,316.95,0.1073
763,70,20154,3,6,156.76,sms,1,0,0.0,0.0
764,38,15632,82,3,138.2,email,0,0,0.0,0.0565
765,53,38728,10,4,38.09,push,0,0,0.0,0.0575
766,31,29992,22,4,99.68,push,0,0,0.0,0.0995
767,39,52884,14,8,117.35,email,0,0,0.0,0.1183
768,61,34615,96,3,133.73,email,0,0,0.0,0.0296
769,32,41070,12,4,254.26,email,0,0,0.0,0.1161
770,61,13711,45,2,340.41,email,1,0,0.0,0.0
771,48,112765,58,5,99.14,email,0,0,0.0,0.1985
772,33,32907,17,7,173.01,push,0,0,0.0,0.0994
773,47,55190,14,9,52.8,sms,1,0,0.0,0.1015
774,51,21990,41,8,276.15,push,0,0,0.0,0.0338
775,47,43687,73,10,69.86,email,0,1,55.15,0.0817
776,21,16618,42,6,123.03,email,0,1,68.32,0.1024
777,31,47631,7,14,81.63,email,0,0,0.0,0.13
778,37,29331,65,3,193.9,sms,0,0,0.0,0.0828
779,39,36957,14,6,15.8,sms,0,0,0.0,0.0908
780,47,55203,25,8,53.55,push,0,0,0.0,0.1016
781,42,17334,53,4,122.1,email,1,0,0.0,0.0491
782,23,24084,6,6,232.17,email,0,0,0.0,0.1101
783,44,47781,46,8,19.95,email,1,0,0.0,0.0965
784,47,127890,27,9,116.35,sms,0,1,148.3,0.2272
785,46,33428,67,6,50.54,sms,0,1,19.52,0.0665
786,52,51775,5,9,24.85,email,0,0,0.0,0.0827
787,50,34057,16,1,117.93,email,1,1,37.61,0.0572
788,45,116465,53,6,266.95,push,0,0,0.0,0.2126
789,39,12729,1,6,92.53,sms,1,0,0.0,0.0489
790,20,38436,3,7,156.12,email,0,0,0.0,0.1427
791,45,13693,139,4,43.3,email,1,0,0.0,0.035
792,42,8071,9,13,19.4,sms,0,0,0.0,0.0331
793,43,43411,111,3,45.88,email,0,0,0.0,0.0916
794,24,39485,6,5,99.64,email,1,0,0.0,0.1341
795,27,30610,13,4,76.36,sms,0,0,0.0,0.111
796,52,34073,41,4,27.53,email,1,0,0.0,0.0521
797,39,233043,32,8,36.12,email,1,1,34.47,0.4297
798,48,31104,26,3,140.51,email,1,1,13.0,0.0573
799,40,49319,22,2,221.42,email,0,0,0.0,0.1096
800,40,24597,55,4,110.65,email,0,0,0.0,0.0668
801,51,43353,8,5,90.46,email,0,0,0.0,0.0707
802,33,31478,17,5,49.77,email,1,0,0.0,0.0969
803,41,28387,5,6,4.72,sms,0,0,0.0,0.0708
804,34,108156,27,7,189.85,push,0,0,0.0,0.2268
805,34,73593,8,6,79.94,sms,0,0,0.0,0.1671
806,36,39420,12,4,358.99,email,1,0,0.0,0.1028
807,42,9113,19,10,68.28,email,0,0,0.0,0.0349
808,34,29242,1,7,94.83,email,0,0,0.0,0.0904
809,55,183839,2,5,78.9,email,1,0,0.0,0.3031
810,29,31621,34,2,41.45,email,0,0,0.0,0.1075
811,37,70398,16,5,173.71,email,1,1,42.85,0.1538
812,34,86263,60,4,32.08,sms,0,0,0.0,0.189
813,57,41414,35,3,77.74,sms,1,1,8.52,0.0518
814,42,21914,1,2,43.31,sms,0,0,0.0,0.057
815,52,8423,28,2,66.54,push,1,0,0.0,0.0077
816,22,54748,2,6,119.2,email,0,0,0.0,0.1657
817,43,22273,45,12,324.14,push,0,1,37.72,0.055
818,50,40363,143,7,185.45,email,0,0,0.0,0.0681
819,40,17156,22,1,111.21,email,1,0,0.0,0.054
820,52,30972,34,8,111.64,push,0,0,0.0,0.0467
821,33,37057,8,4,12.89,email,0,0,0.0,0.1066
822,56,42665,17,3,215.89,email,1,0,0.0,0.0565
823,67,18603,58,10,137.0,email,0,0,0.0,0.0
824,35,74469,5,2,146.16,email,0,0,0.0,0.166
825,34,25383,9,7,4.34,push,0,0,0.0,0.0838
826,57,13297,17,3,104.0,email,0,0,0.0,0.0032
827,58,34015,37,5,43.33,push,0,0,0.0,0.0364
828,33,37072,14,5,88.46,email,0,0,0.0,0.1066
829,34,39988,78,9,70.0,email,0,0,0.0,0.109
830,36,82230,2,2,109.88,email,1,0,0.0,0.1768
831,23,31512,13,7,94.42,email,0,0,0.0,0.1229
832,28,33800,37,5,33.09,email,0,0,0.0,0.1139
833,27,18733,7,6,141.57,sms,0,0,0.0,0.0905
834,30,59416,32,4,50.92,email,0,0,0.0,0.153
835,39,40561,5,5,143.13,push,0,0,0.0,0.097
836,42,28225,1,6,43.82,push,0,0,0.0,0.0679
837,58,11581,3,10,53.82,email,0,1,33.63,0.0
838,28,86391,79,7,81.09,sms,0,0,0.0,0.2048
839,51,17385,24,2,85.79,push,0,0,0.0,0.0258
840,37,25469,47,7,78.85,sms,0,0,0.0,0.0761
841,39,45026,12,5,42.27,email,1,0,0.0,0.1047
842,48,17713,26,9,345.65,email,0,1,23.67,0.0342
843,26,14822,20,4,49.79,sms,0,0,0.0,0.0863
844,44,10154,87,7,34.27,email,0,1,49.96,0.0315
845,41,55971,41,3,31.49,email,0,0,0.0,0.1185
846,45,26183,39,7,43.7,email,1,1,72.04,0.0566
847,43,210315,1,6,24.91,email,0,0,0.0,0.38
848,69,19997,23,3,119.28,email,1,0,0.0,0.0
849,32,20892,18,5,52.31,email,0,0,0.0,0.0812
850,33,25868,78,4,109.71,email,0,0,0.0,0.0872
851,32,42019,8,7,48.93,email,0,0,0.0,0.1177
852,33,27388,9,6,116.03,email,0,1,18.88,0.0898
853,32,52438,15,3,228.63,sms,0,1,54.69,0.1357
854,54,20188,8,3,30.15,push,0,0,0.0,0.0229
855,57,15851,4,2,184.56,email,0,0,0.0,0.0076
856,33,12345,58,6,181.7,email,0,0,0.0,0.0638
857,30,9564,24,5,139.13,email,0,1,18.27,0.0668
858,45,26613,59,6,45.39,push,0,0,0.0,0.0573
859,33,30315,53,5,17.01,sms,0,0,0.0,0.0949
860,47,24863,9,6,35.98,email,1,0,0.0,0.0491
861,42,76576,23,3,199.11,sms,0,0,0.0,0.1515
862,21,75873,2,5,174.28,email,0,0,0.0,0.2048
863,58,29706,74,8,67.87,email,0,0,0.0,0.0289
864,61,12377,15,6,116.35,email,0,1,27.65,0.0
865,32,25847,15,4,153.69,email,0,0,0.0,0.0898
866,35,25339,10,4,96.63,sms,0,0,0.0,0.0811
867,43,24482,18,2,25.32,email,1,1,7.07,0.0589
868,44,23893,8,6,72.32,sms,1,0,0.0,0.0552
869,47,24536,14,10,49.47,sms,0,0,0.0,0.0486
870,64,28798,48,5,62.81,email,0,0,0.0,0.0118
871,37,24801,53,3,99.54,sms,1,1,65.6,0.075
872,30,41150,10,7,84.41,email,1,0,0.0,0.1214
873,23,45081,18,6,18.22,email,0,0,0.0,0.1464
874,31,21028,62,5,231.08,sms,0,0,0.0,0.084
875,39,77857,1,6,40.39,push,0,1,42.39,0.1615
876,61,20170,65,1,42.59,email,0,0,0.0,0.0047
877,33,13757,7,5,20.63,email,0,0,0.0,0.0663
878,42,45636,34,4,134.52,email,0,0,0.0,0.098
879,39,22237,26,9,23.71,push,0,0,0.0,0.0654
880,54,44036,24,9,78.56,push,0,0,0.0,0.0641
881,70,8585,58,6,159.93,push,0,0,0.0,0.0
882,33,83740,3,9,487.01,email,1,1,42.09,0.1872
883,34,54359,12,7,118.11,push,1,0,0.0,0.1339
884,52,14760,23,2,95.93,email,0,0,0.0,0.0187
885,48,14953,50,3,307.38,email,0,0,0.0,0.0294
886,62,99047,7,4,54.75,sms,1,0,0.0,0.1384
887,47,23331,48,5,196.49,push,0,0,0.0,0.0465
888,35,22015,15,8,66.45,sms,0,0,0.0,0.0754
889,47,9324,6,4,466.05,sms,1,0,0.0,0.0223
890,53,29423,42,4,248.33,push,0,0,0.0,0.0414
891,49,31677,2,4,42.13,email,0,0,0.0,0.0557
892,46,55786,21,3,162.85,sms,1,0,0.0,0.1052
893,52,15686,1,2,65.83,email,0,0,0.0,0.0203
894,54,14586,13,5,126.01,email,1,0,0.0,0.0132
895,56,47599,27,9,122.46,email,0,0,0.0,0.0651
896,47,66438,24,6,5.23,push,1,1,55.95,0.121
897,37,14147,15,3,164.98,push,0,0,0.0,0.0566
898,41,69487,16,4,16.71,email,1,0,0.0,0.1418
899,54,37142,7,3,141.08,sms,0,0,0.0,0.0522
900,30,69918,18,4,135.88,email,0,0,0.0,0.1711
901,44,34817,91,3,123.82,email,1,0,0.0,0.0741
902,35,7995,57,5,95.03,email,0,0,0.0,0.0511
903,40,33150,4,6,140.51,email,0,0,0.0,0.0816
904,55,68602,1,8,116.05,email,0,0,0.0,0.104
905,42,21242,81,2,29.64,sms,0,0,0.0,0.0559
906,40,28773,22,6,52.41,email,0,0,0.0,0.0741
907,23,32673,23,4,54.4,sms,0,0,0.0,0.1249
908,48,6375,45,5,34.58,email,1,0,0.0,0.0146
909,47,98993,11,5,176.47,push,0,0,0.0,0.1773
910,65,21145,19,7,71.79,sms,0,0,0.0,0.0
911,36,49189,103,7,58.36,sms,1,1,58.95,0.1197
912,42,34474,33,6,91.56,email,0,0,0.0,0.0787
913,42,77232,5,5,82.98,email,0,0,0.0,0.1526
914,58,46334,4,2,147.87,push,0,0,0.0,0.0577
915,38,31541,6,0,69.94,email,0,0,0.0,0.084
916,43,21245,43,4,33.74,email,0,0,0.0,0.0533
917,47,58612,10,4,41.06,push,1,1,21.69,0.1075
918,42,11800,1,2,130.01,email,0,1,32.86,0.0395
919,34,53505,86,5,102.64,sms,0,0,0.0,0.1324
920,42,18780,5,8,46.43,email,1,0,0.0,0.0516
921,52,76985,1,5,159.92,email,0,0,0.0,0.1262
922,27,40005,8,7,342.69,email,0,0,0.0,0.1272
923,41,53448,8,7,125.14,email,0,0,0.0,0.1141
924,31,38146,16,6,72.07,email,0,0,0.0,0.1136
925,54,12690,75,6,140.34,sms,1,0,0.0,0.0099
926,21,21667,63,5,103.67,push,0,0,0.0,0.1111
927,33,54362,18,5,64.26,sms,1,0,0.0,0.1365
928,44,40134,15,4,327.47,email,1,0,0.0,0.0833
929,58,73761,24,10,207.99,sms,0,1,54.09,0.1051
930,39,46256,8,2,112.27,sms,1,0,0.0,0.1069
931,33,20332,1,8,14.65,email,0,1,12.49,0.0776
932,62,22524,84,2,53.67,email,1,1,27.94,0.0061
933,22,38628,6,4,78.39,sms,0,0,0.0,0.1378
934,18,9059,6,7,70.28,sms,0,0,0.0,0.0971
935,45,99117,19,3,112.64,push,0,1,13.07,0.1827
936,33,47337,20,6,38.19,push,0,0,0.0,0.1243
937,27,75827,1,10,28.2,email,0,0,0.0,0.1891
938,48,14067,4,5,209.54,sms,0,0,0.0,0.0279
939,42,76629,14,4,22.32,email,0,0,0.0,0.1516
940,33,138537,34,4,343.52,email,0,0,0.0,0.2819
941,24,16440,7,7,104.39,sms,0,0,0.0,0.0943
942,50,57690,16,4,133.34,push,0,1,48.1,0.0981
943,47,36339,24,1,70.83,push,0,0,0.0,0.069
944,38,14376,65,4,134.43,sms,0,0,0.0,0.0544
945,62,48811,11,2,191.72,email,0,0,0.0,0.0516
946,27,59883,4,12,123.1,email,0,0,0.0,0.1616
947,21,25319,20,4,35.78,email,0,0,0.0,0.1174
948,31,73097,41,7,8.27,push,0,0,0.0,0.174
949,39,13358,3,8,97.71,sms,1,1,24.05,0.05
950,42,14811,16,6,76.08,sms,1,1,39.03,0.0447
951,37,39417,1,8,109.92,sms,1,1,50.83,0.1002
952,44,36872,1,4,150.54,sms,0,0,0.0,0.0777
953,24,23624,19,1,40.89,sms,0,0,0.0,0.1067
954,57,59027,10,3,7.03,email,1,0,0.0,0.0822
955,39,49937,55,4,80.8,email,0,0,0.0,0.1132
956,53,60771,27,4,67.37,push,0,0,0.0,0.0956
957,44,33729,18,5,33.47,email,1,1,3.82,0.0722
958,45,52132,15,6,152.36,push,0,0,0.0,0.1015
959,46,27794,20,7,95.75,push,0,1,140.07,0.0568
960,45,124528,1,7,153.89,sms,0,0,0.0,0.2266
961,47,22302,66,2,166.25,email,0,0,0.0,0.0447
962,55,128435,191,6,61.55,email,0,0,0.0,0.2074
963,42,37083,6,6,17.22,email,0,0,0.0,0.0832
964,48,15909,3,4,62.55,push,1,0,0.0,0.0311
965,38,82524,4,6,200.6,push,1,0,0.0,0.1722
966,57,39165,32,8,35.46,email,0,0,0.0,0.0479
967,31,60516,32,6,114.19,email,0,0,0.0,0.1523
968,61,75683,56,2,18.54,push,0,0,0.0,0.1006
969,39,44479,41,3,42.73,email,1,1,101.57,0.1038
970,22,25454,17,9,257.79,push,0,1,11.49,0.1151
971,41,65213,28,6,190.9,email,1,0,0.0,0.1344
972,31,36331,34,8,91.27,push,1,0,0.0,0.1105
973,50,54803,21,3,71.29,email,0,0,0.0,0.0931
974,32,9974,19,5,100.36,email,1,0,0.0,0.0623
975,34,47485,31,9,48.47,email,1,0,0.0,0.122
976,18,24756,24,5,79.02,push,1,0,0.0,0.1242
977,34,97927,30,2,106.22,email,0,1,12.12,0.2092
978,18,52778,28,7,85.53,sms,0,0,0.0,0.1727
979,20,41936,38,2,67.13,email,0,0,0.0,0.1487
980,49,48619,30,2,71.31,push,1,0,0.0,0.085
981,49,19949,22,6,22.46,email,0,0,0.0,0.0354
982,45,96177,34,5,304.72,email,0,1,8.88,0.1776
983,28,119949,17,7,114.12,email,1,1,5.9,0.2628
984,39,45970,8,6,48.68,sms,0,0,0.0,0.1064
985,39,94300,1,5,17.97,email,1,1,39.01,0.1899
986,26,25809,24,7,108.59,email,1,0,0.0,0.1053
987,58,22510,26,5,140.63,push,1,0,0.0,0.0165
988,50,37218,107,5,41.16,email,0,0,0.0,0.0627
989,37,47144,13,9,82.11,email,1,0,0.0,0.1136
990,40,28670,15,7,188.08,email,0,0,0.0,0.0739
991,42,50144,6,3,260.11,email,0,0,0.0,0.1058
992,18,43644,2,7,18.31,email,0,0,0.0,0.1569
993,37,19950,44,6,29.47,push,1,0,0.0,0.0666
994,31,49576,8,7,172.08,email,0,0,0.0,0.1334
995,27,60968,28,3,219.54,sms,0,0,0.0,0.1635
996,36,40250,34,4,170.0,email,0,0,0.0,0.1043
997,61,72517,19,7,49.62,sms,0,0,0.0,0.0952
998,47,17493,62,8,201.33,push,1,0,0.0,0.0364
999,33,48087,17,5,40.75,email,0,0,0.0,0.1256
1000,46,17994,10,5,114.6,email,0,0,0.0,0.0399
1001,56,18611,67,5,54.23,email,1,0,0.0,0.015
1002,51,24870,59,4,63.27,push,0,0,0.0,0.0388
1003,40,20635,5,5,44.4,email,0,0,0.0,0.06
1004,32,26139,1,5,107.35,push,1,0,0.0,0.0903
1005,48,31936,2,3,146.82,email,1,0,0.0,0.0588
1006,44,60011,10,3,88.41,email,0,0,0.0,0.1177
1007,50,29950,107,3,56.42,email,1,1,46.11,0.0501
1008,47,14025,24,3,183.35,email,0,0,0.0,0.0304
1009,52,71972,14,6,171.24,sms,0,0,0.0,0.1176
1010,33,21976,65,6,451.1,sms,0,0,0.0,0.0805
1011,55,35058,18,6,63.55,sms,0,0,0.0,0.046
1012,42,47473,11,5,161.93,sms,0,1,19.01,0.1012
1013,64,40936,85,3,139.88,push,0,0,0.0,0.0328
1014,31,70018,56,6,138.65,sms,0,0,0.0,0.1687
1015,60,48407,55,6,53.97,email,1,1,59.09,0.0561
1016,42,21659,21,5,17.85,email,0,0,0.0,0.0566
1017,32,134206,46,4,75.15,email,1,0,0.0,0.2771
1018,34,40806,5,5,30.49,email,0,0,0.0,0.1104
1019,36,33242,25,6,48.43,sms,0,1,37.67,0.0922
1020,45,64754,123,4,90.95,sms,0,0,0.0,0.1233
1021,46,42178,10,4,81.8,sms,0,0,0.0,0.0817
1022,33,46144,47,4,106.68,sms,1,0,0.0,0.1223
1023,39,161993,20,6,25.89,email,0,0,0.0,0.3069
1024,65,30789,1,4,88.15,email,1,0,0.0,0.0126
1025,60,30011,43,3,214.46,sms,0,0,0.0,0.0243
1026,45,38946,5,4,73.08,email,0,0,0.0,0.0787
1027,40,69072,29,6,119.52,push,0,0,0.0,0.1437
1028,41,14707,2,4,103.28,email,0,0,0.0,0.0472
1029,47,11166,88,3,150.68,sms,0,0,0.0,0.0255
1030,27,25533,10,6,115.25,push,0,0,0.0,0.1022
1031,36,13624,7,6,33.78,email,1,0,0.0,0.0583
1032,19,28144,4,3,28.3,email,0,0,0.0,0.1275
1033,44,49094,87,3,62.55,email,1,0,0.0,0.0988
1034,47,21280,37,2,228.98,email,0,0,0.0,0.0429
1035,34,15427,40,3,72.74,sms,0,0,0.0,0.0666
1036,58,37858,20,5,96.48,email,0,0,0.0,0.043
1037,25,60932,19,7,89.0,email,0,1,39.09,0.1686
1038,22,13134,3,3,2.48,sms,1,0,0.0,0.0938
1039,42,59405,24,3,103.56,email,1,0,0.0,0.1218
1040,52,59301,8,6,165.42,sms,1,0,0.0,0.0957
1041,60,64373,113,7,93.92,email,0,0,0.0,0.0837
1042,34,75439,47,3,59.16,email,1,0,0.0,0.1703
1043,52,136108,15,6,94.16,email,0,0,0.0,0.2284
1044,39,29329,4,8,29.04,email,0,0,0.0,0.0776
1045,37,38783,46,3,14.18,push,1,0,0.0,0.0992
1046,50,28286,3,3,87.96,email,1,0,0.0,0.0473
1047,47,36358,6,5,133.13,email,0,0,0.0,0.069
1048,21,91100,7,5,132.57,email,0,0,0.0,0.2311
1049,57,16203,24,7,240.77,email,0,0,0.0,0.0082
1050,56,21663,46,9,54.51,sms,0,0,0.0,0.0202
1051,32,82976,11,4,56.88,email,1,0,0.0,0.1885
1052,44,66971,2,6,74.8,email,0,0,0.0,0.1297
1053,45,29205,18,6,234.21,email,1,1,14.4,0.0618
1054,43,60635,41,5,15.32,email,0,0,0.0,0.1213
1055,33,44566,7,6,187.46,email,1,0,0.0,0.1195
1056,31,89336,7,10,75.64,sms,0,0,0.0,0.2021
1057,39,37975,88,4,81.56,push,1,0,0.0,0.0926
1058,54,67196,92,3,6.61,email,1,0,0.0,0.1041
1059,46,177230,139,8,96.09,email,0,0,0.0,0.3151
1060,35,51992,49,6,28.09,sms,0,0,0.0,0.1272
1061,49,37406,6,7,137.78,email,0,0,0.0,0.0656
1062,18,56020,7,5,197.94,email,0,0,0.0,0.1783
1063,53,29168,12,6,163.4,email,1,0,0.0,0.041
1064,19,152174,11,2,19.16,sms,0,1,30.91,0.3419
1065,35,40458,94,4,58.08,email,1,0,0.0,0.1072
1066,26,30829,46,4,18.37,email,0,0,0.0,0.114
1067,24,21995,38,5,114.64,sms,0,0,0.0,0.1039
1068,53,70145,6,6,93.26,sms,0,0,0.0,0.1118
1069,34,61102,72,6,163.87,sms,0,0,0.0,0.1455
1070,44,26945,52,3,95.63,sms,0,0,0.0,0.0605
1071,39,51321,5,6,60.61,email,0,0,0.0,0.1156
1072,45,14689,61,3,23.86,email,0,0,0.0,0.0367
1073,40,40578,9,7,38.53,email,0,0,0.0,0.0945
1074,24,47650,2,3,162.7,push,0,0,0.0,0.1482
1075,51,101153,32,6,23.35,sms,1,1,26.69,0.1706
1076,34,22868,31,9,79.09,sms,0,0,0.0,0.0794
1077,21,16864,2,3,71.84,push,0,0,0.0,0.1028
1078,34,21220,11,5,77.55,sms,0,0,0.0,0.0766
1079,58,16285,148,7,74.97,sms,0,0,0.0,0.0057
1080,50,80982,34,2,33.25,sms,0,0,0.0,0.1383
1081,35,91966,39,4,152.45,email,1,0,0.0,0.1963
1082,35,44008,7,4,114.61,push,1,1,61.07,0.1134
1083,36,75567,2,12,63.3,sms,1,1,40.0,0.1653
1084,64,39354,9,3,96.98,email,0,0,0.0,0.03
1085,44,34301,8,4,72.59,email,1,0,0.0,0.0732
1086,45,29737,8,7,67.54,push,0,0,0.0,0.0627
1087,52,30144,6,6,184.1,email,1,1,15.26,0.0453
1088,42,14347,25,9,95.65,email,0,0,0.0,0.0439
1089,36,42555,11,6,61.77,email,0,0,0.0,0.1083
1090,37,35447,51,3,42.23,push,0,1,118.63,0.0934
1091,39,56795,6,3,73.75,email,0,0,0.0,0.1251
1092,39,38411,18,1,151.16,push,0,0,0.0,0.0933
1093,48,32937,1,4,58.7,push,0,0,0.0,0.0605
1094,40,21531,19,4,124.92,push,0,0,0.0,0.0615
1095,48,37922,1,2,67.25,sms,1,0,0.0,0.0691
1096,39,56553,114,2,88.91,sms,0,0,0.0,0.1247
1097,40,18287,46,8,190.07,email,0,0,0.0,0.0559
1098,18,38272,20,8,39.14,email,1,0,0.0,0.1476
1099,50,41765,2,6,116.79,sms,0,1,16.63,0.0706
1100,44,23603,26,7,120.18,email,0,1,44.11,0.0547
1101,51,25521,42,1,18.1,email,1,0,0.0,0.0399
1102,18,41704,6,6,24.46,email,0,0,0.0,0.1535
1103,65,18397,25,5,54.22,email,0,1,37.86,0.0
1104,38,44799,50,7,149.96,push,0,0,0.0,0.107
1105,53,21221,43,11,76.58,sms,1,0,0.0,0.0273
1106,27,68714,48,1,151.63,sms,0,0,0.0,0.1768
1107,47,147664,63,5,137.25,email,1,0,0.0,0.2614
1108,27,21667,83,5,23.95,email,0,0,0.0,0.0955
1109,32,50037,15,5,104.98,email,0,0,0.0,0.1316
1110,62,23481,25,3,97.74,email,0,0,0.0,0.0078
1111,37,67817,46,4,83.02,sms,0,0,0.0,0.1493
1112,42,16997,35,6,33.78,email,0,0,0.0,0.0485
1113,50,48453,162,7,124.71,email,0,0,0.0,0.0821
1114,45,21508,1,7,103.04,email,1,0,0.0,0.0485
1115,41,32074,13,2,162.46,email,0,0,0.0,0.0772
1116,44,19562,9,5,143.09,push,0,0,0.0,0.0478
1117,68,59480,9,8,84.66,push,0,0,0.0,0.0544
1118,39,21978,7,6,47.73,email,1,0,0.0,0.0649
1119,42,50573,37,8,49.68,email,0,0,0.0,0.1065
1120,52,29541,2,4,159.69,push,0,0,0.0,0.0442
1121,53,33904,40,4,38.4,push,0,0,0.0,0.0492
1122,54,39682,35,3,50.12,email,0,1,51.8,0.0566
1123,47,22992,8,2,46.7,email,1,1,44.17,0.0459
1124,26,41201,8,4,63.95,email,1,0,0.0,0.1319
1125,59,90962,29,5,65.34,sms,0,1,5.87,0.1322
1126,26,22768,43,5,98.1,email,0,0,0.0,0.1
1127,43,73356,62,3,70.2,sms,1,0,0.0,0.1433
1128,30,89219,57,4,74.0,sms,0,0,0.0,0.2045
1129,39,22254,100,3,167.63,push,1,0,0.0,0.0654
1130,43,15168,26,9,77.95,email,0,0,0.0,0.0428
1131,43,43528,71,2,53.19,email,0,0,0.0,0.0918
1132,45,26148,49,7,179.66,push,0,0,0.0,0.0565
1133,59,111431,67,5,44.11,email,0,0,0.0,0.1676
1134,45,37081,1,6,80.66,push,0,0,0.0,0.0754
1135,37,22441,101,5,93.76,email,1,0,0.0,0.0709
1136,51,18246,19,11,145.26,push,0,0,0.0,0.0273
1137,54,69838,48,3,52.36,email,0,0,0.0,0.1087
1138,25,25778,4,3,78.26,email,0,0,0.0,0.1078
1139,47,37283,15,5,237.93,sms,1,1,10.38,0.0706
1140,48,64439,9,5,89.98,push,0,1,13.13,0.1149
1141,36,27158,10,3,141.36,email,0,0,0.0,0.0817
1142,56,35328,3,6,436.26,email,0,0,0.0,0.0439
1143,38,35956,49,5,334.32,sms,0,0,0.0,0.0917
1144,41,54720,1,6,85.12,push,1,1,75.77,0.1163
1145,37,51763,11,2,65.8,email,0,0,0.0,0.1216
1146,40,31822,5,5,71.77,email,0,0,0.0,0.0793
1147,26,37729,26,6,102.25,email,0,0,0.0,0.1259
1148,22,29054,8,2,187.61,email,0,0,0.0,0.1213
1149,59,14964,8,8,112.29,email,0,0,0.0,0.0009
1150,29,42385,20,5,96.96,email,0,0,0.0,0.1261
1151,28,113019,31,5,40.33,sms,1,0,0.0,0.2508
1152,18,21370,3,12,89.11,sms,1,0,0.0,0.1184
1153,32,22838,5,4,58.84,sms,1,0,0.0,0.0846
1154,24,21537,8,7,30.58,email,1,0,0.0,0.1031
1155,59,56092,109,5,40.96,sms,0,0,0.0,0.072
1156,52,47528,15,3,152.27,sms,0,1,118.56,0.0753
1157,31,33020,27,8,202.21,push,1,0,0.0,0.1048
1158,67,20935,8,3,100.54,email,0,0,0.0,0.0
1159,51,38385,20,3,59.97,email,0,0,0.0,0.0621
1160,36,14203,2,6,94.66,sms,1,0,0.0,0.0593
1161,18,39579,1,4,49.41,email,1,1,161.17,0.1499
1162,67,61261,18,7,11.84,push,0,0,0.0,0.0601
1163,23,17141,15,5,20.5,sms,0,0,0.0,0.0981
1164,20,14479,4,4,31.9,sms,0,0,0.0,0.1013
1165,52,93682,34,3,36.92,sms,0,1,126.72,0.1551
1166,69,25158,148,3,165.39,email,0,0,0.0,0.0
1167,56,71794,15,6,95.18,email,0,0,0.0,0.1069
1168,46,33110,29,4,9.66,sms,0,0,0.0,0.066
1169,47,32952,98,3,226.58,email,1,0,0.0,0.0631
1170,50,47242,53,7,62.91,sms,0,0,0.0,0.08
1171,49,21366,18,2,74.35,push,0,0,0.0,0.0379
1172,43,39320,40,7,62.98,email,0,1,25.18,0.0845
1173,41,28885,4,3,173.9,email,1,0,0.0,0.0717
1174,39,16443,21,6,147.68,push,1,0,0.0,0.0553
1175,30,44466,9,5,61.65,email,0,0,0.0,0.1271
1176,36,31008,5,4,32.2,email,0,0,0.0,0.0883
1177,19,33050,16,3,234.43,email,1,1,23.28,0.136
1178,38,17569,4,4,197.15,sms,0,1,53.04,0.0599
1179,28,94356,36,6,45.29,push,0,0,0.0,0.2186
1180,26,61453,18,6,114.3,email,0,0,0.0,0.1669
1181,42,64763,22,3,58.4,push,0,0,0.0,0.1311
1182,56,30234,4,3,193.41,email,0,0,0.0,0.035
1183,51,12867,4,4,184.17,sms,1,0,0.0,0.018
1184,21,117213,26,7,71.73,email,0,0,0.0,0.2762
1185,28,35008,126,5,172.02,email,1,1,9.02,0.116
1186,51,23172,3,6,190.03,push,1,0,0.0,0.0358
1187,28,46633,10,4,106.17,email,0,0,0.0,0.1361
1188,37,73150,61,2,205.31,email,1,0,0.0,0.1586
1189,46,35816,2,4,70.97,sms,0,0,0.0,0.0707
1190,28,78209,62,6,33.36,email,0,0,0.0,0.1907
1191,41,69549,22,6,35.86,email,0,0,0.0,0.1419
1192,23,19037,15,7,180.04,push,0,0,0.0,0.1014
1193,32,24239,11,6,57.36,sms,0,1,30.99,0.087
1194,43,64506,10,2,53.36,email,0,0,0.0,0.128
1195,20,7132,10,6,21.6,push,0,1,15.8,0.0886
1196,45,33200,64,5,141.14,email,0,0,0.0,0.0687
1197,39,15390,38,3,75.12,push,1,1,12.08,0.0535
1198,46,27284,33,6,187.06,email,1,0,0.0,0.0559
1199,42,30354,48,6,200.36,email,0,1,59.79,0.0716
1200,56,29291,8,11,275.95,email,1,1,13.09,0.0334
1201,41,26072,28,5,68.35,sms,0,0,0.0,0.0668
1202,34,18801,18,7,56.19,sms,0,1,45.26,0.0724
1203,41,143651,45,5,155.46,email,0,0,0.0,0.27
1204,46,111354,11,4,58.15,email,1,1,14.3,0.2012
1205,40,18083,30,1,132.46,sms,0,0,0.0,0.0556
1206,40,93832,64,7,60.62,push,0,0,0.0,0.1865
1207,31,28575,15,5,128.23,sms,0,0,0.0,0.0971
1208,32,39242,2,4,105.96,email,0,0,0.0,0.1129
1209,23,34962,21,6,16.46,sms,1,0,0.0,0.1289
1210,60,24444,12,1,51.89,sms,1,0,0.0,0.0147
1211,25,65533,33,3,69.23,email,0,0,0.0,0.1765
1212,31,39164,90,5,34.79,sms,0,0,0.0,0.1154
1213,31,27284,19,8,158.16,email,0,0,0.0,0.0949
1214,50,16601,18,5,54.19,email,1,0,0.0,0.0271
1215,36,21244,31,2,96.99,sms,1,0,0.0,0.0714
1216,54,13563,3,11,86.69,sms,1,0,0.0,0.0114
1217,31,36582,8,8,115.91,push,0,0,0.0,0.1109
1218,43,17712,75,3,66.81,email,0,1,10.05,0.0472
1219,29,30966,33,7,112.99,sms,1,0,0.0,0.1064
1220,65,82624,1,5,198.39,email,1,0,0.0,0.1022
1221,25,74576,6,3,46.98,sms,0,0,0.0,0.1922
1222,43,35618,34,10,126.34,email,1,0,0.0,0.0781
1223,47,34466,43,6,80.93,email,1,0,0.0,0.0657
1224,44,112187,54,7,97.13,email,1,0,0.0,0.2078
1225,37,49635,10,2,142.41,sms,0,0,0.0,0.1179
1226,38,29831,80,4,105.0,sms,0,0,0.0,0.0811
1227,40,15434,24,8,197.48,sms,1,0,0.0,0.051
1228,38,45996,35,6,178.21,email,0,0,0.0,0.109
1229,51,59730,27,4,102.56,email,0,0,0.0,0.099
1230,66,24859,3,7,127.98,email,0,1,28.67,0.0
1231,33,43248,98,5,107.47,sms,0,0,0.0,0.1173
1232,23,29198,3,5,17.23,email,0,0,0.0,0.1189
1233,38,32519,8,4,114.24,email,0,0,0.0,0.0857
1234,70,8162,50,7,35.48,email,0,0,0.0,0.0
1235,30,31790,28,7,81.38,sms,0,0,0.0,0.1052
1236,59,64966,54,5,23.64,sms,0,0,0.0,0.0873
1237,60,24863,21,2,279.58,sms,1,0,0.0,0.0154
1238,33,37478,14,5,104.24,email,0,0,0.0,0.1073
1239,46,23073,76,1,27.96,sms,0,0,0.0,0.0486
1240,59,45083,1,3,130.03,sms,0,0,0.0,0.0529
1241,35,31891,58,11,249.15,email,0,0,0.0,0.0924
1242,37,20670,7,4,160.5,email,0,0,0.0,0.0678
1243,33,80783,56,6,60.92,email,1,0,0.0,0.1821
1244,27,63408,4,5,76.16,sms,0,0,0.0,0.1677
1245,32,25261,26,11,85.64,email,0,0,0.0,0.0888
1246,25,48955,65,5,177.25,email,1,0,0.0,0.1479
1247,40,50133,19,7,189.18,email,0,0,0.0,0.111
1248,30,53390,41,6,111.68,email,0,0,0.0,0.1426
1249,42,13140,48,6,86.08,email,0,0,0.0,0.0418
1250,21,66433,40,7,56.85,push,0,0,0.0,0.1885
1251,43,25801,77,6,273.3,email,0,0,0.0,0.0611
1252,50,29298,17,5,125.44,email,1,0,0.0,0.049
1253,18,176791,5,2,45.25,sms,0,1,49.29,0.387
1254,44,43526,1,3,52.71,push,0,0,0.0,0.0892
1255,54,28802,8,2,157.02,push,0,0,0.0,0.0378
1256,25,9670,4,4,55.34,email,0,0,0.0,0.08
1257,60,83604,24,6,44.57,email,1,0,0.0,0.1169
1258,45,16201,6,2,179.32,sms,1,0,0.0,0.0394
1259,31,19889,1,6,85.24,email,1,0,0.0,0.0821
1260,39,29767,1,6,98.16,sms,0,0,0.0,0.0784
1261,46,84952,53,7,203.03,email,1,0,0.0,0.1556
1262,40,57753,26,5,164.76,sms,0,0,0.0,0.1242
1263,46,33034,13,2,110.18,push,0,0,0.0,0.0659
1264,28,43694,67,2,157.86,email,0,1,17.62,0.131
1265,42,25330,2,7,29.93,sms,0,0,0.0,0.0629
1266,23,39489,117,3,133.74,email,1,1,17.2,0.1367
1267,38,37949,28,8,65.52,email,1,1,52.25,0.0951
1268,29,64942,6,3,134.84,sms,1,0,0.0,0.1651
1269,31,64880,34,3,43.82,push,0,1,25.38,0.1598
1270,54,48843,43,6,137.7,push,0,0,0.0,0.0724
1271,53,29219,16,6,33.5,sms,1,0,0.0,0.0411
1272,47,56675,59,4,81.79,email,0,0,0.0,0.1041
1273,26,34365,4,5,185.4,email,0,0,0.0,0.1201
1274,36,18974,9,7,81.65,sms,0,0,0.0,0.0675
1275,54,28510,2,5,129.96,email,0,0,0.0,0.0373
1276,41,38204,7,5,10.92,sms,1,0,0.0,0.0878
1277,67,62700,8,5,27.75,sms,0,0,0.0,0.0626
1278,44,32528,74,4,123.16,sms,0,0,0.0,0.0702
1279,42,17579,2,6,22.89,email,0,1,51.83,0.0495
1280,36,37573,16,2,47.11,sms,0,0,0.0,0.0997
1281,41,38873,22,4,78.78,sms,0,0,0.0,0.0889
1282,38,40599,68,5,119.56,email,0,1,207.14,0.0997
1283,48,63065,182,7,155.79,email,1,0,0.0,0.1126
1284,51,66926,41,3,67.11,sms,1,0,0.0,0.1114
1285,30,25424,105,9,135.75,push,0,0,0.0,0.0942
1286,24,25092,46,2,256.07,email,1,0,0.0,0.1092
1287,18,19455,99,3,199.31,email,1,0,0.0,0.1151
1288,46,55231,36,6,206.16,email,0,0,0.0,0.1042
1289,26,86620,2,5,78.07,push,0,0,0.0,0.2104
1290,18,30060,15,7,159.16,sms,1,0,0.0,0.1334
1291,44,31418,31,2,116.43,sms,0,0,0.0,0.0682
1292,69,87559,12,8,168.66,email,0,0,0.0,0.1004
1293,39,49184,9,7,202.39,email,1,0,0.0,0.1119
1294,50,47180,25,2,104.74,sms,0,0,0.0,0.0799
1295,40,17773,81,6,120.66,push,1,0,0.0,0.055
1296,38,54569,1,3,17.54,email,1,0,0.0,0.1238
1297,51,20796,43,4,242.33,push,1,0,0.0,0.0317
1298,36,18390,38,5,69.98,email,0,0,0.0,0.0665
1299,43,29493,99,4,207.58,email,1,0,0.0,0.0675
1300,43,25553,80,6,80.48,push,0,0,0.0,0.0607
1301,31,31794,43,5,92.64,sms,1,0,0.0,0.1026
1302,51,15296,22,6,102.82,push,0,0,0.0,0.0222
1303,37,64556,6,3,119.55,push,0,0,0.0,0.1437
1304,30,71439,23,4,86.09,sms,0,0,0.0,0.1738
1305,46,11289,43,3,177.05,email,0,0,0.0,0.0283
1306,29,65321,67,4,122.58,sms,0,0,0.0,0.1658
1307,40,22329,46,4,80.24,sms,0,0,0.0,0.0629
1308,39,60729,6,5,33.98,sms,0,0,0.0,0.1319
1309,53,34854,27,4,65.58,sms,0,0,0.0,0.0508
1310,45,36947,12,6,128.95,push,0,0,0.0,0.0752
1311,39,32498,1,5,185.8,push,0,0,0.0,0.0831
1312,49,75152,6,7,65.25,sms,0,0,0.0,0.1309
1313,56,17261,3,5,140.39,sms,1,0,0.0,0.0126
1314,46,52297,55,5,86.12,sms,0,0,0.0,0.0991
1315,40,70319,8,6,43.99,email,0,0,0.0,0.1459
1316,24,55815,10,3,165.22,push,0,1,103.04,0.1623
1317,27,146505,96,7,100.31,sms,0,0,0.0,0.3113
1318,36,26439,14,6,15.08,push,0,0,0.0,0.0804
1319,32,64497,1,7,41.75,sms,0,0,0.0,0.1566
1320,37,34075,10,7,41.68,sms,0,1,19.29,0.091
1321,40,76118,3,5,173.76,sms,0,0,0.0,0.1559
1322,46,36148,3,5,62.17,sms,0,1,87.56,0.0712
1323,39,28775,2,5,61.21,email,0,0,0.0,0.0767
1324,45,79510,26,7,37.74,email,0,0,0.0,0.1488
1325,40,27039,6,3,56.25,email,0,0,0.0,0.0711
1326,18,15558,13,6,57.3,email,1,0,0.0,0.1083
1327,28,26632,59,6,214.63,email,0,0,0.0,0.1015
1328,38,52649,16,3,121.43,email,1,0,0.0,0.1205
1329,25,83719,74,8,158.29,push,1,0,0.0,0.208
1330,47,38819,20,7,213.28,push,1,0,0.0,0.0733
1331,58,80090,15,3,50.72,sms,0,1,87.8,0.116
1332,54,16076,41,4,40.65,email,0,0,0.0,0.0158
1333,37,27834,2,2,154.24,email,0,0,0.0,0.0802
1334,57,30541,2,4,76.37,sms,1,0,0.0,0.033
1335,41,33903,31,3,313.04,email,0,0,0.0,0.0803
1336,35,38194,20,5,34.52,email,0,0,0.0,0.1033
1337,32,54970,46,6,27.13,email,0,0,0.0,0.1401
1338,36,27809,74,6,122.56,email,0,0,0.0,0.0828
1339,35,39474,14,4,57.66,email,1,0,0.0,0.1055
1340,42,35345,27,4,82.56,email,0,0,0.0,0.0802
1341,41,20836,20,5,60.28,push,0,0,0.0,0.0577
1342,40,33921,119,8,82.18,sms,0,0,0.0,0.083
1343,45,33316,53,5,132.55,email,0,0,0.0,0.0689
1344,54,32890,72,8,71.34,email,0,0,0.0,0.0448
1345,51,37014,8,2,59.72,sms,0,0,0.0,0.0597
1346,22,38002,44,7,76.39,email,1,0,0.0,0.1367
1347,18,28018,9,11,3.94,sms,1,1,96.19,0.1299
1348,51,77934,7,4,154.95,email,0,0,0.0,0.1305
1349,23,18003,86,6,160.94,email,1,1,24.82,0.0996
1350,37,23562,1,3,196.13,email,0,0,0.0,0.0728
1351,25,192524,100,3,84.15,email,0,0,0.0,0.396
1352,18,19481,4,1,80.01,push,0,0,0.0,0.1151
1353,46,16118,51,3,274.1,sms,0,0,0.0,0.0366
1354,49,56426,9,6,37.6,push,0,0,0.0,0.0985
1355,33,10443,12,3,219.39,sms,0,1,35.89,0.0606
1356,18,31534,7,2,243.36,sms,0,0,0.0,0.1359
1357,33,131596,26,6,54.09,email,0,0,0.0,0.27
1358,44,14372,12,4,55.82,sms,0,0,0.0,0.0388
1359,22,11057,32,3,39.57,push,0,0,0.0,0.0902
1360,42,14772,1,6,45.36,email,1,0,0.0,0.0447
1361,39,62256,1,2,79.28,email,0,0,0.0,0.1345
1362,46,71315,3,3,68.71,email,1,0,0.0,0.132
1363,41,26700,16,10,239.24,push,1,0,0.0,0.0679
1364,28,54716,50,7,66.05,sms,0,0,0.0,0.1501
1365,54,83629,65,4,265.96,push,0,0,0.0,0.1325
1366,38,106128,8,1,165.32,email,0,0,0.0,0.213
1367,39,31325,25,3,34.85,push,1,0,0.0,0.0811
1368,28,9128,43,7,178.51,email,0,1,125.35,0.0713
1369,34,22191,10,7,101.64,email,0,0,0.0,0.0783
1370,29,28111,15,3,129.8,email,1,0,0.0,0.1015
1371,37,31089,22,7,56.44,email,0,0,0.0,0.0859
1372,60,32444,4,2,167.29,email,0,0,0.0,0.0285
1373,23,71064,1,5,138.75,email,1,0,0.0,0.1913
1374,20,78015,4,2,79.58,sms,1,1,360.46,0.2111
1375,57,32761,29,4,12.45,push,0,1,8.31,0.0368
1376,37,70199,2,5,170.17,sms,1,0,0.0,0.1535
1377,31,45008,6,3,32.5,email,0,0,0.0,0.1255
1378,52,37748,12,4,58.73,email,0,0,0.0,0.0584
1379,32,62562,2,5,32.94,email,0,0,0.0,0.1532
1380,61,37924,6,2,82.33,sms,0,0,0.0,0.0354
1381,48,124827,72,5,129.26,sms,0,0,0.0,0.2193
1382,34,15320,1,6,257.17,sms,0,0,0.0,0.0664
1383,65,26659,31,2,51.2,email,1,0,0.0,0.0055
1384,32,33660,14,5,36.46,email,0,0,0.0,0.1033
1385,48,47271,33,5,95.36,sms,0,0,0.0,0.0853
1386,43,77712,26,7,173.07,sms,0,0,0.0,0.1509
1387,55,35787,7,8,74.55,email,1,1,54.6,0.0472
1388,58,15470,56,7,87.6,email,0,1,73.48,0.0043
1389,40,60204,20,4,19.68,push,0,0,0.0,0.1284
1390,30,57123,51,7,67.26,sms,0,0,0.0,0.149
1391,45,11326,15,6,27.76,sms,0,0,0.0,0.0309
1392,31,36232,125,7,78.79,email,0,0,0.0,0.1103
1393,64,13987,44,5,116.73,sms,1,0,0.0,0.0
1394,41,24372,101,5,378.5,email,0,0,0.0,0.0639
1395,35,21127,21,5,106.44,email,0,0,0.0,0.0738
1396,42,59015,19,7,98.78,email,0,0,0.0,0.1211
1397,23,38952,42,5,90.0,email,0,0,0.0,0.1358
1398,28,16791,63,2,50.87,email,0,0,0.0,0.0845
1399,54,61576,99,4,320.22,email,0,1,51.87,0.0944
1400,32,15362,11,7,153.34,sms,0,1,37.72,0.0717
1401,27,44270,48,7,158.26,email,1,0,0.0,0.1346
1402,46,22283,7,6,171.76,email,0,0,0.0,0.0473
1403,54,29161,23,3,48.47,sms,0,0,0.0,0.0384
1404,48,49146,5,1,113.65,sms,1,0,0.0,0.0885
1405,51,49655,12,4,83.47,push,0,0,0.0,0.0816
1406,30,80998,80,9,27.83,sms,1,1,29.76,0.1903
1407,22,34566,4,5,9.87,email,0,0,0.0,0.1308
1408,58,43646,30,4,123.91,push,1,0,0.0,0.053
1409,36,27927,26,4,114.59,email,0,0,0.0,0.083
1410,36,40505,3,7,84.21,sms,0,0,0.0,0.1047
1411,55,47272,11,4,220.22,email,0,0,0.0,0.0671
1412,46,34235,24,6,69.71,sms,0,0,0.0,0.0679
1413,45,12304,6,2,184.07,push,0,0,0.0,0.0326
1414,65,44306,48,7,11.28,sms,1,1,35.97,0.036
1415,32,45194,107,3,77.41,email,0,0,0.0,0.1232
1416,51,24146,7,3,126.27,push,0,0,0.0,0.0375
1417,40,16803,6,6,121.67,email,0,1,16.95,0.0534
1418,43,88038,18,4,11.06,email,1,0,0.0,0.1687
1419,58,48769,41,7,94.18,push,1,0,0.0,0.0619
1420,46,31651,9,6,103.4,sms,0,1,24.19,0.0635
1421,46,18357,1,8,85.55,sms,0,0,0.0,0.0405
1422,52,22179,23,3,83.01,sms,1,1,23.75,0.0315
1423,35,79344,94,5,69.41,email,0,1,96.16,0.1744
1424,29,39442,14,6,26.06,email,0,0,0.0,0.1211
1425,27,26098,16,3,49.4,email,0,0,0.0,0.1032
1426,18,49306,104,4,186.82,email,0,0,0.0,0.1667
1427,64,22278,35,8,91.0,email,0,0,0.0,0.0005
1428,26,89366,38,4,60.88,email,0,0,0.0,0.2151
1429,37,81771,24,4,95.73,sms,0,0,0.0,0.1735
1430,36,27448,110,4,126.67,email,0,1,22.91,0.0822
1431,43,24904,35,4,18.68,email,0,0,0.0,0.0596
1432,49,7548,67,8,152.73,email,0,0,0.0,0.014
1433,50,14928,36,7,120.15,email,0,0,0.0,0.0242
1434,33,16257,39,7,11.52,email,0,0,0.0,0.0706
1435,37,39383,10,5,193.75,sms,0,0,0.0,0.1002
1436,43,29859,10,7,42.91,email,1,0,0.0,0.0682
1437,37,16200,45,4,140.47,email,0,0,0.0,0.0601
1438,59,30678,10,7,112.66,push,0,0,0.0,0.028
1439,45,49178,24,2,165.35,email,1,0,0.0,0.0963
1440,48,49846,8,2,73.77,push,0,0,0.0,0.0897
1441,47,11616,50,5,206.12,push,1,0,0.0,0.0262
1442,54,33625,3,5,161.0,sms,0,0,0.0,0.0461
1443,42,15835,53,8,13.38,sms,0,0,0.0,0.0465
1444,24,62382,27,6,78.0,sms,0,1,6.92,0.1737
1445,44,58132,6,5,185.64,push,1,0,0.0,0.1144
1446,32,21187,23,8,34.71,sms,0,0,0.0,0.0817
1447,33,22933,9,5,98.38,email,0,0,0.0,0.0821
1448,47,27535,11,7,53.88,email,0,0,0.0,0.0537
1449,54,9398,12,4,101.46,email,0,1,92.71,0.0042
1450,40,44426,1,7,83.12,email,0,0,0.0,0.1011
1451,43,30831,127,6,27.31,email,0,0,0.0,0.0698
1452,60,64997,1,5,131.1,sms,1,0,0.0,0.0847
1453,42,18787,32,3,5.92,sms,1,0,0.0,0.0516
1454,71,25047,13,5,32.55,sms,0,1,45.42,0.0
1455,46,14707,31,5,76.89,email,0,0,0.0,0.0342
1456,18,19879,13,4,166.99,email,1,0,0.0,0.1158
1457,49,17868,33,1,95.52,sms,0,0,0.0,0.0318
1458,44,66011,39,6,11.15,email,0,0,0.0,0.128
1459,55,23885,35,6,82.4,sms,0,1,11.81,0.0267
1460,48,39124,3,7,11.05,email,0,0,0.0,0.0712
1461,38,28898,32,8,52.65,sms,0,0,0.0,0.0795
1462,25,16955,9,7,62.43,sms,0,0,0.0,0.0926
1463,37,32827,1,1,70.44,sms,0,0,0.0,0.0889
1464,29,52024,16,5,171.69,email,1,0,0.0,0.1428
1465,33,17594,17,4,131.86,push,1,0,0.0,0.0729
1466,47,59010,18,8,180.2,email,1,0,0.0,0.1082
1467,60,21810,36,3,168.02,email,1,0,0.0,0.0101
1468,44,27179,11,1,102.2,sms,1,0,0.0,0.0609
1469,25,49931,11,2,16.98,email,0,0,0.0,0.1496
1470,45,24390,1,3,88.97,email,0,1,38.44,0.0535
1471,54,37143,34,7,168.15,sms,0,0,0.0,0.0522
1472,32,30067,25,4,40.74,email,0,0,0.0,0.0971
1473,38,39246,12,7,42.49,sms,0,1,17.32,0.0974
1474,40,8704,36,11,40.69,sms,0,1,26.09,0.0394
1475,30,12114,23,3,87.81,email,1,0,0.0,0.0712
1476,47,52553,19,7,95.9,sms,0,0,0.0,0.097
1477,38,67663,21,5,130.25,email,0,0,0.0,0.1465
1478,45,21030,30,9,168.15,sms,0,0,0.0,0.0477
1479,29,31369,32,5,162.35,email,0,1,263.98,0.1071
1480,34,43340,10,7,39.85,sms,0,0,0.0,0.1148
1481,48,55046,4,4,104.6,sms,1,1,69.31,0.0987
1482,35,10757,5,3,38.71,push,1,1,56.11,0.0559
1483,60,21340,30,5,194.71,email,0,0,0.0,0.0093
1484,35,29746,61,4,104.96,email,1,0,0.0,0.0887
1485,42,55375,15,8,91.5,email,0,0,0.0,0.1148
1486,51,162601,5,4,284.48,email,1,0,0.0,0.2768
1487,22,31672,42,3,9.17,email,0,0,0.0,0.1258
1488,18,15612,53,5,123.28,push,0,0,0.0,0.1084
1489,21,46228,63,2,86.2,email,0,0,0.0,0.1536
1490,55,80225,28,6,72.42,email,0,0,0.0,0.1241
1491,33,38746,59,6,40.24,sms,0,0,0.0,0.1095
1492,70,21078,1,3,86.11,email,0,0,0.0,0.0
1493,33,64524,3,4,89.16,email,0,0,0.0,0.154
1494,42,54075,2,5,126.66,push,1,1,44.81,0.1126
1495,58,19620,37,7,90.51,email,0,1,33.75,0.0115
1496,64,45654,2,6,170.68,sms,1,0,0.0,0.0409
1497,64,66062,20,3,64.7,email,1,1,153.33,0.0762
1498,54,73801,19,6,285.75,sms,0,1,39.19,0.1155
1499,52,34896,11,3,77.01,email,0,0,0.0,0.0535
1500,47,29294,61,6,44.62,email,0,0,0.0,0.0568
1501,49,75838,5,2,45.07,email,0,0,0.0,0.132
1502,33,17569,13,3,6.85,email,0,0,0.0,0.0729
1503,30,47247,44,4,123.94,push,0,1,36.98,0.132
1504,39,15962,1,11,96.25,email,1,1,28.18,0.0545
1505,37,68818,33,5,121.28,sms,0,0,0.0,0.1511
1506,34,31106,50,4,16.63,push,0,0,0.0,0.0937
1507,48,77741,80,3,222.83,email,0,0,0.0,0.1379
1508,51,48768,62,2,131.24,push,1,0,0.0,0.0801
1509,41,17432,11,7,28.35,sms,0,0,0.0,0.0519
1510,57,85372,26,4,21.14,sms,0,0,0.0,0.1278
1511,26,92110,2,1,55.05,push,0,0,0.0,0.2199
1512,37,61658,8,0,185.69,email,0,0,0.0,0.1387
1513,31,22995,2,6,210.91,email,1,1,54.56,0.0874
1514,18,30224,11,5,120.35,email,0,0,0.0,0.1337
1515,39,39626,62,5,47.03,push,0,0,0.0,0.0954
1516,38,23807,12,9,35.51,email,1,1,224.24,0.0707
1517,58,100248,24,1,77.85,push,0,1,20.54,0.1509
1518,47,39600,17,2,45.31,email,1,0,0.0,0.0746
1519,27,7172,18,5,181.39,sms,1,0,0.0,0.0705
1520,62,44516,104,4,126.85,sms,1,0,0.0,0.0442
1521,54,29469,10,5,52.0,push,1,1,58.83,0.0389
1522,46,34719,29,8,8.47,email,0,0,0.0,0.0688
1523,37,29109,16,7,37.94,email,0,0,0.0,0.0824
1524,28,58937,1,5,76.98,push,0,0,0.0,0.1574
1525,35,71097,20,6,66.44,push,0,0,0.0,0.1602
1526,53,43037,50,4,22.66,email,0,0,0.0,0.065
1527,62,29626,3,4,146.57,sms,1,0,0.0,0.0184
1528,58,35425,2,5,64.59,email,0,0,0.0,0.0388
1529,34,36745,5,5,56.02,sms,0,0,0.0,0.1034
1530,26,22438,43,3,129.0,sms,0,0,0.0,0.0995
1531,41,51398,38,6,80.63,sms,1,1,50.75,0.1106
1532,18,47859,24,8,85.38,email,1,1,18.89,0.1642
1533,43,91515,18,3,109.8,email,0,1,13.75,0.1747
1534,38,77127,65,6,186.87,sms,0,1,37.07,0.1628
1535,34,24066,43,3,133.32,sms,0,0,0.0,0.0815
1536,20,59407,50,8,28.88,push,1,1,32.95,0.1789
1537,46,20525,50,3,383.96,email,1,0,0.0,0.0442
1538,33,55136,30,11,81.49,email,0,1,51.95,0.1378
1539,25,26636,18,8,5.61,email,0,0,0.0,0.1093
1540,18,19654,60,10,40.7,sms,1,0,0.0,0.1154
1541,39,42960,78,7,40.36,sms,0,0,0.0,0.1012
1542,61,7297,1,9,193.51,sms,0,0,0.0,0.0
1543,59,12700,1,7,94.86,email,0,0,0.0,0.0
1544,34,32646,95,8,89.92,email,0,0,0.0,0.0963
1545,32,38157,9,8,98.21,push,1,1,46.19,0.111
1546,45,29097,61,4,122.38,push,0,0,0.0,0.0616
1547,28,14077,14,5,115.91,email,1,0,0.0,0.0798
1548,43,22231,3,6,38.27,email,0,0,0.0,0.055
1549,49,45923,2,5,231.0,push,0,0,0.0,0.0803
1550,54,51486,5,2,14.85,email,0,0,0.0,0.077
1551,38,35963,8,5,200.59,push,1,1,22.97,0.0917
1552,37,72700,20,3,14.14,email,0,0,0.0,0.1578
1553,29,46094,36,7,42.73,push,0,0,0.0,0.1326
1554,30,23191,128,1,85.03,sms,0,0,0.0,0.0904
1555,37,30690,17,1,70.27,email,0,0,0.0,0.0852
1556,44,15650,21,3,36.36,sms,0,0,0.0,0.041
1557,50,34034,22,2,121.77,email,1,0,0.0,0.0572
1558,30,70774,23,5,62.28,email,0,0,0.0,0.1726
1559,57,54785,21,0,138.97,email,1,0,0.0,0.0749
1560,36,84221,1,4,49.05,sms,0,0,0.0,0.1803
1561,39,30280,1,4,44.71,email,0,0,0.0,0.0793
1562,31,81443,3,3,95.74,email,0,0,0.0,0.1885
1563,18,32338,3,2,156.63,email,1,0,0.0,0.1373
1564,50,87811,36,5,142.62,sms,1,0,0.0,0.1501
1565,48,35842,6,5,23.06,push,0,0,0.0,0.0655
1566,36,55511,67,3,78.03,email,1,0,0.0,0.1307
1567,40,87997,79,2,153.32,email,0,0,0.0,0.1764
1568,46,32336,111,6,64.79,sms,0,1,191.24,0.0646
1569,21,41399,83,2,163.65,email,0,0,0.0,0.1452
1570,33,78693,9,7,201.57,sms,0,0,0.0,0.1785
1571,49,33530,21,5,181.23,email,0,0,0.0,0.0589
1572,24,16439,5,10,144.8,sms,0,0,0.0,0.0943
1573,43,131374,49,2,70.94,email,0,0,0.0,0.2436
1574,23,27395,65,6,72.73,email,0,0,0.0,0.1158
1575,45,39944,57,6,49.12,sms,0,0,0.0,0.0804
1576,39,72664,17,6,98.4,sms,1,0,0.0,0.1525
1577,20,25207,42,4,124.39,email,0,0,0.0,0.1198
1578,53,19836,3,6,143.63,sms,0,0,0.0,0.0249
1579,31,42287,1,6,88.52,email,1,0,0.0,0.1208
1580,30,12383,41,2,72.47,sms,1,0,0.0,0.0717
1581,42,30554,16,3,87.02,email,1,0,0.0,0.0719
1582,53,42067,162,3,35.31,email,0,0,0.0,0.0633
1583,27,30885,3,6,146.75,push,0,1,109.38,0.1115
1584,40,14384,58,2,142.89,email,0,0,0.0,0.0492
1585,45,94514,19,5,37.63,sms,0,0,0.0,0.1747
1586,48,38643,52,3,114.09,push,0,0,0.0,0.0704
1587,42,85707,50,8,24.53,sms,0,0,0.0,0.1673
1588,35,31069,74,3,176.04,sms,0,0,0.0,0.091
1589,30,21418,10,7,281.93,email,1,0,0.0,0.0873
1590,41,42680,89,2,119.5,push,0,0,0.0,0.0955
1591,27,31905,4,4,125.67,email,1,0,0.0,0.1132
1592,18,17914,2,3,63.69,push,1,0,0.0,0.1124
1593,45,87716,16,6,72.1,sms,1,1,18.42,0.163
1594,50,25000,52,5,204.36,sms,0,0,0.0,0.0416
1595,18,12038,19,2,73.31,email,0,1,19.93,0.1023
1596,27,80571,53,12,79.5,email,0,0,0.0,0.1973
1597,47,26833,39,1,94.75,email,0,0,0.0,0.0525
1598,64,25217,7,4,95.66,sms,1,0,0.0,0.0056
1599,40,12591,89,6,231.64,sms,0,0,0.0,0.0461
1600,31,103214,1,4,173.06,sms,1,0,0.0,0.2261
1601,37,16752,68,7,215.73,push,0,0,0.0,0.0611
1602,56,37611,10,5,285.69,push,0,0,0.0,0.0478
1603,32,62791,20,4,146.17,email,0,1,26.5,0.1536
1604,30,46771,16,7,39.76,email,0,0,0.0,0.1311
1605,34,35038,5,7,50.41,email,0,0,0.0,0.1005
1606,28,13082,13,2,105.46,push,0,0,0.0,0.0781
1607,41,22340,6,5,12.93,email,1,0,0.0,0.0603
1608,59,40646,6,3,73.77,email,0,0,0.0,0.0453
1609,43,22645,6,4,147.67,sms,0,0,0.0,0.0557
1610,36,41028,20,5,100.63,sms,0,0,0.0,0.1056
1611,36,54668,47,7,65.45,push,0,0,0.0,0.1292
1612,21,64699,25,6,156.08,sms,1,0,0.0,0.1855
1613,50,17401,67,3,42.9,push,0,0,0.0,0.0284
1614,39,135670,30,6,178.49,email,0,0,0.0,0.2614
1615,37,57554,35,3,122.12,push,1,1,18.1,0.1316
1616,78,36278,33,4,129.23,email,0,0,0.0,0.0
1617,43,69823,17,5,64.53,push,0,0,0.0,0.1372
1618,30,150128,35,4,148.87,push,0,1,24.18,0.3098
1619,34,15317,2,5,106.86,sms,0,0,0.0,0.0664
1620,53,31724,58,4,164.48,sms,0,0,0.0,0.0454
1621,41,8716,45,9,310.7,push,1,0,0.0,0.0368
1622,22,40765,8,6,41.69,email,0,0,0.0,0.1415
1623,51,45217,43,1,287.51,sms,1,0,0.0,0.0739
1624,31,35472,1,5,137.66,push,0,0,0.0,0.109
1625,62,24520,7,7,158.07,sms,1,0,0.0,0.0096
1626,52,10617,2,2,216.88,push,0,1,12.69,0.0115
1627,34,45438,45,4,253.03,sms,0,0,0.0,0.1184
1628,55,86964,42,4,10.06,sms,0,0,0.0,0.1357
1629,40,25473,50,2,72.43,email,1,0,0.0,0.0684
1630,50,47289,1,4,232.71,email,0,0,0.0,0.0801
1631,45,14173,20,6,48.72,sms,0,0,0.0,0.0358
1632,29,47778,36,3,102.88,email,1,0,0.0,0.1355
1633,32,28680,5,4,74.95,email,1,0,0.0,0.0947
1634,52,22983,31,2,46.03,push,1,0,0.0,0.0329
1635,35,23012,2,6,44.78,sms,1,0,0.0,0.0771
1636,35,28676,6,3,168.7,email,0,0,0.0,0.0869
1637,28,45682,19,4,104.4,email,0,0,0.0,0.1344
1638,45,16526,31,4,30.42,sms,0,0,0.0,0.0399
1639,64,28616,4,4,64.01,push,0,1,41.98,0.0115
1640,27,35423,6,4,43.96,sms,0,0,0.0,0.1193
1641,40,18780,6,6,37.02,sms,1,0,0.0,0.0568
1642,56,106723,8,4,151.66,email,0,0,0.0,0.1673
1643,39,21761,7,7,99.05,push,0,0,0.0,0.0645
1644,45,24302,15,4,87.19,sms,0,0,0.0,0.0534
1645,27,20191,31,3,12.65,email,0,1,13.51,0.093
1646,45,106840,17,2,207.83,email,1,0,0.0,0.196
1647,37,50601,44,4,23.37,email,1,1,64.17,0.1196
1648,51,20703,38,3,96.48,push,0,1,13.61,0.0316
1649,54,70526,4,1,109.76,sms,1,0,0.0,0.1099
1650,71,40962,1,4,65.28,email,0,0,0.0,0.0147
1651,46,42376,63,5,112.36,email,0,0,0.0,0.082
1652,43,29534,2,5,177.43,email,0,0,0.0,0.0676
1653,42,23163,4,4,102.34,email,0,0,0.0,0.0592
1654,35,44473,1,3,51.16,email,0,0,0.0,0.1142
1655,44,26185,29,3,32.86,email,1,1,34.89,0.0592
1656,36,108018,26,6,27.67,push,1,0,0.0,0.2214
1657,42,16956,130,1,175.81,push,1,0,0.0,0.0484
1658,55,91280,65,5,125.11,email,1,1,57.3,0.1432
1659,27,33969,15,4,143.65,email,1,1,30.01,0.1168
1660,53,43453,13,6,33.96,sms,0,0,0.0,0.0657
1661,55,59867,10,6,79.51,email,0,0,0.0,0.0889
1662,38,24880,4,8,12.2,email,0,0,0.0,0.0725
1663,18,60995,4,4,87.95,email,0,1,65.75,0.1869
1664,32,7154,4,1,139.15,email,0,0,0.0,0.0575
1665,55,23576,3,7,71.86,email,1,0,0.0,0.0261
1666,39,20859,8,9,185.03,push,0,0,0.0,0.063
1667,28,17118,10,2,22.03,email,0,0,0.0,0.0851
1668,33,31921,97,5,97.41,email,1,0,0.0,0.0977
1669,50,45773,25,6,51.13,email,0,0,0.0,0.0775
1670,46,55359,131,2,72.4,email,0,0,0.0,0.1044
1671,37,41962,13,10,77.23,sms,0,0,0.0,0.1046
1672,35,24357,18,5,86.91,sms,0,0,0.0,0.0794
1673,35,45315,11,2,91.49,email,0,0,0.0,0.1156
1674,28,39127,6,5,49.68,push,1,0,0.0,0.1231
1675,59,63680,4,7,13.72,sms,1,0,0.0,0.0851
1676,36,57882,87,5,95.82,push,0,0,0.0,0.1348
1677,54,36985,129,5,72.2,email,0,0,0.0,0.0519
1678,58,21197,1,3,32.37,email,0,0,0.0,0.0142
1679,51,24544,4,7,70.18,sms,1,0,0.0,0.0382
1680,34,26111,16,2,108.0,email,0,0,0.0,0.085
1681,44,30056,6,11,27.42,email,0,1,8.5,0.0659
1682,39,42652,13,6,199.17,push,1,0,0.0,0.1006
1683,29,55776,4,5,55.86,push,1,0,0.0,0.1493
1684,43,35218,18,6,48.45,email,1,0,0.0,0.0774
1685,25,36668,9,4,171.88,push,0,0,0.0,0.1266
1686,54,39576,13,4,201.84,sms,0,0,0.0,0.0564
1687,34,26647,2,5,113.99,email,0,1,6.83,0.086
1688,42,20842,16,5,69.0,email,0,0,0.0,0.0552
1689,43,12666,122,1,101.16,email,0,0,0.0,0.0384
1690,36,23930,11,7,146.85,email,1,0,0.0,0.0761
1691,47,48237,62,9,225.95,email,0,0,0.0,0.0895
1692,34,23819,55,6,49.54,email,0,0,0.0,0.0811
1693,50,31486,91,6,49.83,email,0,0,0.0,0.0528
1694,23,48043,46,3,99.27,email,1,0,0.0,0.1515
1695,41,49633,32,6,73.85,email,1,1,49.26,0.1075
1696,63,19001,58,8,18.57,email,0,0,0.0,0.0
1697,27,66054,2,8,51.57,email,1,0,0.0,0.1722
1698,31,71425,18,8,39.4,email,0,0,0.0,0.1711
1699,46,18436,136,6,316.03,sms,0,0,0.0,0.0406
1700,42,22152,44,4,98.55,email,1,0,0.0,0.0574
1701,44,74210,98,3,47.5,email,0,0,0.0,0.1422
1702,45,33252,45,5,101.48,push,1,0,0.0,0.0688
1703,47,9586,62,5,115.63,email,0,0,0.0,0.0227
1704,53,15680,36,3,101.09,email,0,1,87.66,0.0177
1705,44,31268,42,4,77.17,email,0,0,0.0,0.068
1706,37,18073,22,6,80.35,sms,0,0,0.0,0.0634
1707,48,28337,77,4,133.02,push,0,0,0.0,0.0525
1708,62,37028,52,6,103.92,email,0,0,0.0,0.0312
1709,38,87321,55,3,96.56,email,0,0,0.0,0.1804
1710,28,30507,33,3,84.23,sms,1,0,0.0,0.1082
1711,53,69114,10,4,68.98,email,0,0,0.0,0.11
1712,38,85584,1,5,117.36,push,0,0,0.0,0.1774
1713,18,85869,82,3,93.77,email,0,0,0.0,0.2299
1714,50,43081,26,9,94.59,email,1,0,0.0,0.0728
1715,33,11181,10,3,268.38,email,1,1,21.14,0.0618
1716,38,47881,4,4,34.75,email,0,1,88.75,0.1123
1717,43,68120,53,5,54.92,email,1,0,0.0,0.1343
1718,42,34591,54,1,422.41,sms,0,0,0.0,0.0789
1719,48,103440,50,2,69.43,email,0,0,0.0,0.1823
1720,34,60833,31,5,87.28,email,0,0,0.0,0.1451
1721,46,51070,13,6,75.15,email,1,0,0.0,0.097
1722,36,69691,10,3,113.94,sms,0,0,0.0,0.1552
1723,48,44356,1,5,59.91,email,1,0,0.0,0.0802
1724,47,8138,53,5,11.65,email,1,0,0.0,0.0202
1725,28,26917,2,6,178.65,email,0,1,77.61,0.102
1726,53,74481,29,1,7.89,email,0,1,23.52,0.1193
1727,33,22369,21,6,313.17,push,0,1,141.36,0.0812
1728,49,31758,22,5,129.84,email,1,0,0.0,0.0559
1729,44,19401,78,7,43.67,email,0,0,0.0,0.0475
1730,62,105910,1,2,45.61,push,0,1,19.03,0.1503
1731,37,99597,44,2,12.76,email,1,1,40.56,0.2043
1732,35,21368,1,3,39.08,sms,0,0,0.0,0.0742
1733,39,39671,1,2,43.85,sms,1,0,0.0,0.0955
1734,36,24141,16,4,148.09,email,0,1,28.32,0.0764
1735,49,52520,1,3,102.04,email,0,0,0.0,0.0917
1736,20,49306,46,5,12.05,push,0,1,31.46,0.1615
1737,27,59102,22,5,13.16,email,0,0,0.0,0.1602
1738,27,44318,1,5,33.5,email,0,0,0.0,0.1347
1739,51,211344,1,7,36.15,email,0,0,0.0,0.3611
1740,60,19599,28,4,219.23,email,0,0,0.0,0.0063
1741,38,13012,49,4,41.0,email,0,0,0.0,0.052
1742,37,28685,17,3,244.75,email,0,0,0.0,0.0817
1743,40,14174,24,6,109.64,email,0,0,0.0,0.0488
1744,53,14831,48,4,133.34,sms,1,0,0.0,0.0162
1745,28,19914,28,5,81.23,email,0,0,0.0,0.0899
1746,42,20882,7,5,37.7,email,0,1,20.92,0.0552
1747,51,20480,28,7,50.2,email,0,1,21.97,0.0312
1748,46,49559,29,3,242.29,email,1,0,0.0,0.0944
1749,42,26803,39,7,130.34,email,0,1,9.65,0.0655
1750,52,32607,29,3,126.38,email,0,0,0.0,0.0495
1751,18,62102,104,6,173.52,email,1,0,0.0,0.1888
1752,48,22930,6,6,129.89,sms,0,0,0.0,0.0432
1753,32,30985,90,3,34.1,email,0,0,0.0,0.0987
1754,18,45227,23,5,45.79,email,0,0,0.0,0.1596
1755,46,11328,33,4,94.09,push,1,0,0.0,0.0283
1756,56,8682,3,7,286.93,email,0,0,0.0,0.0
1757,38,44697,14,6,156.35,email,1,0,0.0,0.1068
1758,51,48786,44,4,54.68,push,1,0,0.0,0.0801
1759,59,125308,36,3,119.49,email,0,0,0.0,0.1916
1760,55,39928,1,4,37.61,push,1,1,47.91,0.0544
1761,59,59387,23,3,71.01,email,1,0,0.0,0.0776
1762,48,32296,2,10,134.89,push,0,0,0.0,0.0594
1763,40,43405,164,4,169.47,email,1,0,0.0,0.0994
1764,20,98750,68,1,47.46,push,0,0,0.0,0.2469
1765,37,10153,1,3,59.73,sms,0,0,0.0,0.0497
1766,29,46544,58,4,171.55,email,0,0,0.0,0.1333
1767,66,130790,75,4,70.95,push,1,0,0.0,0.1829
1768,37,43011,13,4,46.33,email,1,0,0.0,0.1065
1769,41,97767,38,5,152.03,sms,1,0,0.0,0.1907
1770,46,24896,17,5,104.47,sms,0,0,0.0,0.0518
1771,40,35623,31,7,106.45,sms,1,1,13.21,0.0859
1772,60,37053,12,5,17.28,email,0,0,0.0,0.0365
1773,32,9599,11,11,36.68,push,0,0,0.0,0.0617
1774,42,18017,16,4,88.7,sms,0,0,0.0,0.0503
1775,31,18804,4,3,72.53,email,1,0,0.0,0.0802
1776,24,59470,53,4,145.58,email,0,0,0.0,0.1687
1777,32,61285,12,0,91.71,sms,0,0,0.0,0.151
1778,39,44109,15,6,32.04,push,0,0,0.0,0.1032
1779,34,59543,67,7,59.94,sms,0,0,0.0,0.1428
1780,31,32909,20,1,32.38,email,0,0,0.0,0.1046
1781,23,74694,23,5,169.83,email,0,1,54.35,0.1976
1782,39,36507,94,6,67.22,sms,0,0,0.0,0.09
1783,21,37598,65,4,70.7,email,0,1,19.98,0.1386
1784,49,30965,5,3,41.63,email,1,0,0.0,0.0545
1785,40,54757,19,3,26.15,sms,0,0,0.0,0.119
1786,22,28205,106,3,61.12,email,0,0,0.0,0.1198
1787,36,65242,13,4,37.34,email,1,0,0.0,0.1475
1788,30,18411,13,6,4.79,email,0,0,0.0,0.0821
1789,43,18781,6,3,63.56,email,0,0,0.0,0.049
1790,56,54855,3,4,69.38,sms,0,0,0.0,0.0776
1791,18,34436,40,6,54.22,sms,0,0,0.0,0.141
1792,41,27657,44,5,29.64,sms,0,0,0.0,0.0695
1793,38,61947,104,7,68.53,email,0,0,0.0,0.1366
1794,48,25226,44,5,74.35,push,0,0,0.0,0.0472
1795,42,32205,8,1,36.35,sms,0,0,0.0,0.0748
1796,30,84081,1,8,80.34,push,1,1,94.17,0.1956
1797,36,91444,126,6,31.17,push,0,0,0.0,0.1928
1798,30,93287,12,4,237.28,email,0,0,0.0,0.2115
1799,52,30660,11,10,28.04,push,1,1,8.16,0.0462
1800,40,75994,70,3,6.04,email,0,0,0.0,0.1557
1801,62,20550,26,5,52.41,email,0,1,36.66,0.0027
1802,39,21075,7,6,81.93,email,1,0,0.0,0.0634
1803,31,8863,65,5,210.43,email,0,1,21.6,0.063
1804,21,99083,150,7,67.19,sms,0,0,0.0,0.2449
1805,18,21625,2,6,38.69,push,1,0,0.0,0.1188
1806,20,33660,59,3,110.93,sms,0,0,0.0,0.1344
1807,43,21032,14,8,65.0,sms,0,0,0.0,0.0529
1808,46,55110,22,6,59.93,push,0,0,0.0,0.104
1809,21,28987,73,7,105.27,sms,1,0,0.0,0.1238
1810,50,16599,108,6,99.69,email,0,0,0.0,0.0271
1811,34,47334,9,4,67.01,push,0,0,0.0,0.1217
1812,41,15363,7,6,71.44,sms,0,0,0.0,0.0483
1813,59,21972,2,6,157.6,sms,0,0,0.0,0.013
1814,50,10258,24,4,56.06,sms,0,0,0.0,0.0161
1815,36,15454,1,3,166.32,email,1,0,0.0,0.0614
1816,29,40421,15,6,34.0,email,0,0,0.0,0.1228
1817,18,11173,2,2,60.53,email,0,1,13.9,0.1008
1818,31,14932,15,7,105.79,email,0,0,0.0,0.0735
1819,37,36263,1,6,123.1,push,0,0,0.0,0.0948
1820,28,26208,54,2,71.05,sms,0,0,0.0,0.1008
1821,38,119996,7,6,94.44,email,0,0,0.0,0.2369
1822,40,109134,11,3,85.18,email,1,0,0.0,0.213
1823,37,21574,61,5,58.14,sms,0,0,0.0,0.0694
1824,32,50730,41,6,187.91,email,0,0,0.0,0.1328
1825,42,56929,7,3,43.12,email,0,0,0.0,0.1175
1826,45,25374,2,6,222.86,email,0,0,0.0,0.0552
1827,26,14804,37,7,18.96,email,0,0,0.0,0.0863
1828,56,36048,14,4,83.15,push,1,0,0.0,0.0451
1829,38,32738,43,3,71.71,push,1,0,0.0,0.0861
1830,40,27960,17,9,32.36,sms,0,0,0.0,0.0727
1831,48,47353,12,7,214.28,email,1,0,0.0,0.0854
1832,42,23145,18,6,224.0,sms,1,0,0.0,0.0591
1833,51,18193,41,11,20.87,email,0,0,0.0,0.0272
1834,43,38771,69,1,20.59,email,0,0,0.0,0.0836
1835,32,45779,1,7,96.93,email,0,0,0.0,0.1242
1836,44,17926,22,7,262.17,email,0,0,0.0,0.0449
1837,26,63376,1,4,73.72,email,0,0,0.0,0.1702
1838,41,12552,18,4,161.52,sms,1,0,0.0,0.0434
1839,39,25671,64,2,62.18,email,0,0,0.0,0.0713
1840,37,31107,13,6,275.34,email,0,0,0.0,0.0859
1841,38,24791,80,5,144.69,sms,0,0,0.0,0.0724
1842,18,25873,29,6,21.08,sms,0,0,0.0,0.1262
1843,33,111596,81,9,119.83,email,0,1,67.82,0.2354
1844,41,21795,42,6,68.36,sms,1,0,0.0,0.0594
1845,41,157114,3,6,26.79,sms,1,0,0.0,0.2933
1846,27,47205,7,7,144.04,email,1,0,0.0,0.1397
1847,55,38377,15,6,68.89,push,0,1,19.48,0.0517
1848,29,48326,5,8,73.42,email,1,0,0.0,0.1364
1849,51,165703,20,2,56.01,sms,0,1,56.63,0.2822
1850,45,20007,19,5,47.98,email,0,0,0.0,0.0459
1851,32,18541,93,10,236.55,email,0,1,47.22,0.0771
1852,61,23088,17,3,239.05,email,0,0,0.0,0.0097
1853,25,37022,46,6,120.06,sms,0,0,0.0,0.1273
1854,51,12894,85,6,71.84,email,0,0,0.0,0.0181
1855,52,36805,62,7,286.9,push,0,0,0.0,0.0568
1856,31,100320,7,3,119.28,sms,0,1,36.38,0.2211
1857,56,39769,20,10,74.41,push,0,0,0.0,0.0515
1858,36,30466,12,4,42.56,email,0,0,0.0,0.0874
1859,43,25061,15,5,246.88,email,0,1,28.8,0.0599
1860,43,62262,13,1,91.59,email,1,0,0.0,0.1242
1861,38,22125,52,4,215.01,push,0,0,0.0,0.0678
1862,49,109956,18,4,172.28,email,1,0,0.0,0.191
1863,49,115845,22,6,213.59,push,0,0,0.0,0.2012
1864,19,42363,121,2,16.31,email,0,0,0.0,0.1521
1865,55,36065,1,5,200.14,push,0,0,0.0,0.0477
1866,20,67399,20,5,32.11,email,0,0,0.0,0.1927
1867,52,70044,44,5,41.77,sms,0,1,46.03,0.1142
1868,53,22390,4,7,129.84,push,1,0,0.0,0.0293
1869,26,26477,28,7,117.74,push,0,1,31.16,0.1064
1870,35,16425,8,6,107.99,push,0,0,0.0,0.0657
1871,26,46417,60,4,38.47,sms,1,0,0.0,0.1409
1872,37,54175,11,5,24.81,push,0,0,0.0,0.1258
1873,36,16155,11,2,213.88,sms,1,0,0.0,0.0626
1874,49,27636,27,4,124.62,push,0,0,0.0,0.0487
1875,55,16181,6,9,86.94,sms,1,0,0.0,0.0134
1876,56,21178,10,6,247.64,sms,0,0,0.0,0.0194
1877,33,50544,16,4,177.35,sms,0,0,0.0,0.1299
1878,37,23386,13,8,190.55,sms,1,0,0.0,0.0725
1879,19,30318,22,5,108.28,email,0,0,0.0,0.1313
1880,30,13678,27,8,19.61,sms,0,0,0.0,0.0739
1881,51,40627,25,3,30.57,email,0,0,0.0,0.066
1882,59,35363,31,3,21.98,sms,0,0,0.0,0.0361
1883,25,23449,11,3,56.24,sms,0,0,0.0,0.1038
1884,32,32421,4,5,151.18,push,1,1,92.44,0.1011
1885,39,40464,42,8,60.53,sms,0,0,0.0,0.0969
1886,43,22271,57,9,117.01,sms,0,0,0.0,0.055
1887,30,14976,8,7,50.99,email,1,1,110.51,0.0762
1888,45,107295,15,4,83.34,push,0,0,0.0,0.1968
1889,34,24835,20,6,49.45,email,0,0,0.0,0.0828
1890,39,34267,22,7,91.09,push,0,0,0.0,0.0862
1891,46,66602,32,2,58.6,sms,0,1,84.63,0.1239
1892,40,301773,1,3,52.24,email,1,1,50.69,0.5
1893,34,17211,38,2,110.14,push,0,1,53.79,0.0697
1894,38,47567,1,4,9.81,email,1,0,0.0,0.1117
1895,38,23753,18,5,131.08,email,0,1,83.05,0.0706
1896,35,26284,52,6,104.4,email,0,0,0.0,0.0827
1897,36,23573,18,4,165.75,push,0,0,0.0,0.0755
1898,59,18483,4,0,101.64,sms,0,0,0.0,0.007
1899,46,35426,126,6,166.12,push,0,0,0.0,0.07
1900,36,14992,66,4,86.36,email,0,0,0.0,0.0606
1901,48,64092,44,3,32.82,email,0,1,18.97,0.1143
1902,35,37533,15,5,59.54,sms,0,0,0.0,0.1022
1903,54,46791,6,6,130.06,email,1,0,0.0,0.0689
1904,44,27454,85,4,107.0,sms,0,0,0.0,0.0614
1905,38,29134,22,5,42.82,sms,1,1,17.58,0.0799
1906,45,43154,57,4,69.18,email,0,0,0.0,0.0859
1907,21,18062,12,4,132.42,email,1,1,45.26,0.1049
1908,26,29295,12,4,59.82,email,0,0,0.0,0.1113
1909,25,21681,127,1,137.02,email,0,0,0.0,0.1007
1910,41,21282,22,6,53.42,push,0,1,153.18,0.0585
1911,60,10240,4,5,39.38,push,1,0,0.0,0.0
1912,66,81112,7,4,26.62,push,0,1,200.1,0.097
1913,47,24054,19,6,124.26,email,0,1,55.16,0.0477
1914,46,72986,1,5,47.81,email,0,0,0.0,0.1349
1915,18,68959,18,1,104.55,sms,0,0,0.0,0.2006
1916,33,16787,16,3,26.01,sms,1,0,0.0,0.0715
1917,30,18900,45,6,54.29,push,0,0,0.0,0.083
1918,32,168771,13,5,77.21,push,0,0,0.0,0.3368
1919,37,103834,121,2,142.73,email,0,0,0.0,0.2116
1920,34,35635,5,6,19.59,push,1,0,0.0,0.1015
1921,18,42379,26,6,51.61,email,0,0,0.0,0.1547
1922,48,24871,2,4,101.91,push,0,0,0.0,0.0465
1923,27,47070,39,5,123.9,sms,0,0,0.0,0.1394
1924,42,23616,157,2,43.14,sms,1,0,0.0,0.06
1925,64,10727,51,9,161.76,sms,1,0,0.0,0.0
1926,28,16433,24,4,56.77,push,1,0,0.0,0.0839
1927,18,36778,19,2,37.33,sms,0,0,0.0,0.145
1928,36,18423,54,1,23.02,push,0,0,0.0,0.0666
1929,53,34878,82,5,136.36,email,0,0,0.0,0.0509
1930,63,19057,135,2,195.97,push,1,0,0.0,0.0
1931,25,22710,15,8,105.47,push,1,0,0.0,0.1025
1932,45,60590,141,6,269.38,sms,0,0,0.0,0.1161
1933,34,42128,5,4,55.77,push,0,0,0.0,0.1127
1934,38,36105,8,3,90.08,email,0,0,0.0,0.0919
1935,71,61536,2,8,75.52,push,1,1,17.82,0.0502
1936,21,48453,9,0,8.09,email,0,0,0.0,0.1574
1937,43,86503,43,4,17.3,sms,0,0,0.0,0.1661
1938,45,27559,57,2,44.75,sms,0,0,0.0,0.059
1939,53,28063,45,7,181.62,sms,0,1,63.11,0.0391
1940,41,16636,29,2,62.04,sms,1,0,0.0,0.0505
1941,43,28074,21,4,226.73,email,0,0,0.0,0.0651
1942,35,64787,37,5,45.13,push,1,0,0.0,0.1493
1943,43,79220,14,7,251.25,email,0,1,14.54,0.1535
1944,35,64613,55,1,32.63,sms,0,1,18.4,0.149
1945,47,12375,33,5,27.5,push,1,0,0.0,0.0275
1946,35,69555,35,6,127.95,push,1,1,20.8,0.1575
1947,44,12050,23,2,11.16,sms,1,0,0.0,0.0348
1948,39,62247,64,3,18.75,sms,0,0,0.0,0.1345
1949,53,29124,8,1,121.68,email,1,0,0.0,0.0409
1950,39,55354,14,7,261.84,email,1,0,0.0,0.1226
1951,18,16326,45,3,182.35,email,0,0,0.0,0.1097
1952,55,73328,20,6,99.36,sms,0,1,26.48,0.1121
1953,29,15078,66,4,111.21,sms,0,0,0.0,0.0789
1954,32,24316,12,4,70.57,sms,1,0,0.0,0.0871
1955,32,19953,13,9,27.34,sms,0,0,0.0,0.0796
1956,56,12675,65,11,84.99,sms,0,0,0.0,0.0047
1957,18,38434,18,8,43.0,email,0,0,0.0,0.1479
1958,77,107328,21,7,124.83,push,0,0,0.0,0.1138
1959,52,179897,12,5,208.03,push,1,1,10.56,0.3041
1960,42,38495,9,5,27.58,email,1,0,0.0,0.0857
1961,39,70969,32,8,12.07,sms,1,0,0.0,0.1496
1962,43,41741,3,6,320.57,sms,1,0,0.0,0.0887
1963,46,48987,63,5,192.12,email,0,1,30.56,0.0934
1964,47,29575,45,6,10.68,email,1,0,0.0,0.0573
1965,46,40824,6,4,151.18,email,0,0,0.0,0.0793
1966,41,50135,35,5,75.33,sms,1,0,0.0,0.1084
1967,37,25666,27,4,212.91,email,0,1,42.35,0.0765
1968,38,34665,6,3,122.23,email,0,0,0.0,0.0894
1969,37,35064,9,5,137.69,email,0,0,0.0,0.0927
1970,53,59625,15,7,151.7,email,1,0,0.0,0.0936
1971,47,19156,36,6,5.34,sms,0,0,0.0,0.0393
1972,18,35209,30,8,133.8,sms,0,0,0.0,0.1423
1973,47,114371,22,6,207.67,email,0,1,22.65,0.2038
1974,42,73016,43,6,91.13,sms,0,0,0.0,0.1453
1975,39,81593,42,4,28.86,email,1,0,0.0,0.168
1976,35,36851,28,3,69.56,email,0,0,0.0,0.101
1977,53,44028,46,5,63.69,email,0,0,0.0,0.0667
1978,51,66260,12,8,94.19,sms,0,0,0.0,0.1103
1979,30,92610,63,6,239.94,email,0,0,0.0,0.2104
1980,44,11260,28,5,65.69,sms,0,0,0.0,0.0334
1981,28,16493,51,6,43.09,email,0,0,0.0,0.084
1982,23,79671,23,9,180.08,email,1,0,0.0,0.2062
1983,32,30756,7,9,45.03,sms,1,0,0.0,0.0983
1984,50,24269,23,6,81.46,sms,0,1,20.03,0.0403
1985,51,17111,13,4,182.2,email,0,0,0.0,0.0253
1986,46,26029,35,5,51.97,email,0,1,12.83,0.0537
1987,48,15655,19,4,152.08,sms,0,0,0.0,0.0306
1988,46,127345,54,3,68.87,email,0,1,14.33,0.2289
1989,32,35829,34,10,21.8,email,0,0,0.0,0.107
1990,45,35074,34,3,120.5,email,1,0,0.0,0.072
1991,49,51681,7,7,100.74,sms,0,0,0.0,0.0903
1992,49,64692,124,9,102.67,email,0,0,0.0,0.1128
1993,54,64057,55,2,22.18,push,0,0,0.0,0.0987
1994,48,69159,46,7,111.86,push,1,0,0.0,0.1231
1995,44,24871,12,3,114.59,push,0,1,23.39,0.0569
1996,52,30372,23,8,221.35,push,1,0,0.0,0.0457
1997,39,57608,4,8,108.26,push,1,1,59.28,0.1265
1998,29,26464,23,4,44.73,push,0,0,0.0,0.0986
1999,38,36204,4,6,166.98,email,1,0,0.0,0.0921
2000,31,46131,24,4,250.89,email,1,0,0.0,0.1274
2001,31,58169,31,4,133.03,email,0,0,0.0,0.1482
2002,38,12498,14,5,78.22,sms,0,0,0.0,0.0511
2003,30,55761,20,5,23.3,sms,1,0,0.0,0.1467
2004,36,31563,62,7,72.31,push,0,0,0.0,0.0893
2005,18,55518,3,3,168.19,push,0,0,0.0,0.1774
2006,42,57881,47,3,64.51,email,1,0,0.0,0.1192
2007,40,95296,5,2,20.25,sms,1,0,0.0,0.189
2008,30,81803,1,3,126.27,email,0,0,0.0,0.1917
2009,47,81466,6,3,82.35,sms,0,0,0.0,0.147
2010,51,86353,43,4,54.83,sms,1,0,0.0,0.145
2011,20,43253,15,3,41.02,push,1,0,0.0,0.151
2012,30,37023,61,6,61.51,push,0,1,38.08,0.1143
2013,30,61309,22,6,31.37,email,0,1,33.97,0.1563
2014,28,56344,1,7,102.35,email,0,0,0.0,0.1529
2015,49,30168,37,8,40.71,sms,0,0,0.0,0.0531
2016,37,46299,3,4,9.01,sms,0,0,0.0,0.1121
2017,36,35558,46,4,144.49,sms,1,0,0.0,0.0962
2018,18,21755,5,5,114.04,push,0,0,0.0,0.119
2019,47,78769,12,6,69.66,email,0,0,0.0,0.1423
2020,25,37538,42,7,28.38,sms,0,1,18.24,0.1282
2021,40,124147,92,10,223.21,push,0,0,0.0,0.2389
2022,43,13693,13,3,153.5,sms,0,0,0.0,0.0402
2023,56,26002,53,3,20.17,sms,0,1,33.33,0.0277
2024,24,37033,6,4,102.97,email,0,0,0.0,0.1299
2025,18,71856,49,2,51.73,email,0,0,0.0,0.2056
2026,42,46151,32,1,38.57,email,0,0,0.0,0.0989
2027,61,43751,6,4,188.12,email,0,1,50.05,0.0454
2028,54,18465,10,6,166.52,email,0,1,17.25,0.0199
2029,42,18139,4,4,38.41,push,1,0,0.0,0.0505
2030,34,44068,14,6,72.63,email,0,0,0.0,0.1161
2031,49,16019,6,5,57.1,email,0,0,0.0,0.0287
2032,28,26393,30,3,46.02,email,0,0,0.0,0.1011
2033,45,49047,156,5,93.94,sms,1,0,0.0,0.0961
2034,46,20142,1,10,31.2,push,0,0,0.0,0.0436
2035,52,95150,23,2,25.38,push,0,0,0.0,0.1576
2036,73,75687,25,8,68.09,sms,1,0,0.0,0.0695
2037,44,14145,73,4,61.53,email,1,0,0.0,0.0384
2038,33,20755,21,6,16.24,email,1,0,0.0,0.0784
2039,39,9214,23,2,164.62,push,0,0,0.0,0.0429
2040,18,22707,19,4,321.63,sms,0,0,0.0,0.1207
2041,31,57516,9,7,197.01,email,0,0,0.0,0.1471
2042,35,28329,1,6,22.86,email,0,0,0.0,0.0863
2043,33,47881,15,3,183.1,email,1,0,0.0,0.1253
2044,41,14568,1,4,29.11,sms,0,0,0.0,0.0469
2045,30,58617,23,4,115.55,push,1,0,0.0,0.1516
2046,53,26028,11,7,57.62,email,0,1,45.2,0.0356
2047,40,36581,22,5,132.28,sms,0,0,0.0,0.0876
2048,39,34347,4,7,77.34,email,0,0,0.0,0.0863
2049,36,16933,80,4,154.05,push,1,0,0.0,0.064
2050,41,18181,67,3,200.9,email,0,0,0.0,0.0532
2051,49,64904,6,3,89.86,sms,1,0,0.0,0.1131
2052,29,46138,12,3,44.25,email,0,0,0.0,0.1326
2053,32,68188,28,3,113.11,push,0,0,0.0,0.163
2054,36,44125,3,4,350.18,email,0,0,0.0,0.111
2055,23,39568,13,6,33.76,email,1,1,20.51,0.1369
2056,30,12892,8,4,33.11,email,0,0,0.0,0.0726
2057,34,30877,74,11,63.4,sms,0,0,0.0,0.0933
2058,50,35723,57,3,67.21,email,1,0,0.0,0.0601
2059,43,117226,26,6,72.08,email,0,1,51.44,0.2192
2060,42,54839,22,1,197.92,sms,0,0,0.0,0.1139
2061,50,91275,80,10,127.73,push,0,0,0.0,0.1561
2062,38,51975,80,4,114.81,email,0,0,0.0,0.1194
2063,44,23699,104,5,85.65,email,0,0,0.0,0.0549
2064,38,38959,4,3,45.27,sms,0,1,20.84,0.0969
2065,43,41845,5,6,64.97,sms,1,0,0.0,0.0889
2066,33,20671,33,11,55.92,sms,1,0,0.0,0.0782
2067,18,28835,23,6,85.21,email,1,0,0.0,0.1313
2068,38,32097,1,3,24.78,push,0,0,0.0,0.085
2069,57,95165,1,2,31.01,email,0,0,0.0,0.1447
2070,51,10420,65,5,29.43,email,0,0,0.0,0.0138
2071,51,74868,60,7,15.96,email,0,0,0.0,0.1252
2072,54,20700,13,3,158.18,push,1,0,0.0,0.0238
2073,41,15942,66,1,149.33,push,0,0,0.0,0.0493
2074,42,73715,27,9,72.95,push,0,0,0.0,0.1465
2075,32,56338,49,6,81.44,email,1,0,0.0,0.1425
2076,36,77088,16,6,25.65,sms,1,0,0.0,0.168
2077,47,58713,3,3,374.79,email,0,0,0.0,0.1076
2078,54,124979,17,4,88.21,push,0,0,0.0,0.204
2079,38,50778,18,6,94.51,sms,0,0,0.0,0.1173
2080,34,33061,24,2,112.92,sms,1,0,0.0,0.097
2081,40,44611,3,7,169.64,email,1,1,90.55,0.1014
2082,47,76579,142,8,118.78,sms,0,0,0.0,0.1385
2083,22,22751,8,5,87.77,sms,0,0,0.0,0.1104
2084,18,24559,6,6,79.87,sms,0,0,0.0,0.1239
2085,33,30170,22,3,29.91,sms,0,0,0.0,0.0946
2086,25,10272,23,6,171.09,email,0,0,0.0,0.081
2087,33,39452,17,6,118.45,sms,1,0,0.0,0.1107
2088,38,11711,44,5,89.47,push,0,0,0.0,0.0498
2089,34,37490,21,8,63.79,email,1,1,15.91,0.1047
2090,57,61033,28,7,71.37,email,0,0,0.0,0.0857
2091,43,27279,38,5,76.32,sms,1,0,0.0,0.0637
2092,43,99336,1,2,47.58,email,1,0,0.0,0.1882
2093,47,15118,25,2,141.88,email,0,0,0.0,0.0323
2094,26,74217,64,9,42.23,email,0,0,0.0,0.189
2095,52,54452,1,4,154.35,sms,0,0,0.0,0.0873
2096,39,12969,15,5,128.14,email,1,1,23.16,0.0493
2097,48,184697,78,11,80.24,sms,0,0,0.0,0.3228
2098,27,34952,13,3,23.49,push,0,0,0.0,0.1185
2099,21,21450,18,3,95.02,sms,0,1,58.43,0.1107
2100,49,15611,119,4,62.79,sms,0,0,0.0,0.0279
2101,44,31824,6,3,143.56,email,0,0,0.0,0.069
2102,29,33642,2,6,85.93,email,1,0,0.0,0.111
2103,29,38622,58,7,137.72,email,0,0,0.0,0.1196
2104,53,30373,60,2,27.53,push,0,0,0.0,0.0431
2105,25,53100,19,4,76.57,sms,1,1,55.03,0.155
2106,59,28779,21,3,29.31,email,0,0,0.0,0.0247
2107,29,11373,54,5,39.98,email,1,1,37.09,0.0725
2108,47,33202,40,7,103.18,email,1,0,0.0,0.0635
2109,36,8773,9,5,30.26,sms,1,0,0.0,0.0499
2110,47,44903,1,4,30.9,email,1,0,0.0,0.0838
2111,33,20179,19,5,92.34,email,0,0,0.0,0.0774
2112,38,40055,58,7,31.28,email,1,0,0.0,0.0988
2113,40,79893,67,6,176.56,email,1,0,0.0,0.1624
2114,27,20552,93,3,13.28,sms,0,0,0.0,0.0936
2115,48,68648,63,6,187.4,email,0,0,0.0,0.1222
2116,33,28000,26,5,129.47,email,0,0,0.0,0.0909
2117,37,103976,17,4,20.95,sms,0,0,0.0,0.2118
2118,28,29170,44,2,50.39,email,1,0,0.0,0.1059
2119,18,21932,40,5,242.75,sms,1,0,0.0,0.1194
2120,37,54849,23,5,94.06,email,1,0,0.0,0.1269
2121,68,27959,2,5,75.58,email,1,0,0.0,0.0
2122,49,21919,78,3,267.07,email,0,0,0.0,0.0389
2123,39,27263,18,6,139.11,email,1,0,0.0,0.074
2124,36,35356,13,5,69.05,push,0,0,0.0,0.0958
2125,40,81251,29,5,113.8,email,1,0,0.0,0.1648
2126,46,11379,33,6,51.93,email,1,1,81.29,0.0284
2127,25,36821,7,5,90.49,email,1,0,0.0,0.1269
2128,53,52835,54,6,186.79,email,1,0,0.0,0.0819
2129,48,40784,10,2,73.32,email,0,0,0.0,0.0741
2130,48,79691,6,12,88.18,email,0,1,38.51,0.1413
2131,45,34731,15,7,41.32,push,1,0,0.0,0.0714
2132,40,32508,39,4,184.53,email,0,1,29.68,0.0805
2133,48,51813,100,5,74.48,sms,1,0,0.0,0.0931
2134,47,38545,49,7,51.15,email,0,1,6.47,0.0728
2135,35,28731,84,1,49.66,email,0,0,0.0,0.087
2136,33,49497,4,5,175.32,sms,0,0,0.0,0.1281
2137,41,24550,2,6,82.28,sms,0,0,0.0,0.0642
2138,58,25167,24,5,149.95,email,0,0,0.0,0.0211
2139,25,26455,10,2,51.45,email,1,1,100.78,0.109
2140,22,81784,52,5,105.44,email,0,0,0.0,0.2124
2141,41,5257,33,2,172.31,email,0,0,0.0,0.0308
2142,40,46044,105,4,206.18,push,1,0,0.0,0.1039
2143,42,37069,8,5,85.2,sms,0,0,0.0,0.0832
2144,42,13246,19,6,87.12,push,0,0,0.0,0.042
2145,37,43732,20,3,148.19,email,1,0,0.0,0.1077
2146,57,48312,8,6,72.34,sms,1,1,17.27,0.0637
2147,20,51729,26,6,118.45,email,0,0,0.0,0.1657
2148,30,7397,17,3,128.19,push,0,0,0.0,0.0631
2149,38,82440,17,4,18.01,email,1,0,0.0,0.172
2150,20,23326,13,4,149.38,sms,0,0,0.0,0.1166
2151,37,54827,1,7,184.55,email,1,1,30.86,0.1269
2152,59,56649,22,4,67.78,sms,1,0,0.0,0.0729
2153,40,21460,12,7,164.78,sms,1,0,0.0,0.0614
2154,42,53974,1,5,84.36,sms,1,0,0.0,0.1124
2155,24,28816,11,2,149.46,email,0,0,0.0,0.1157
2156,32,10479,9,6,60.01,sms,0,0,0.0,0.0632
2157,35,73177,14,5,65.42,email,0,0,0.0,0.1638
2158,36,22810,4,3,31.48,email,0,0,0.0,0.0741
2159,55,21748,21,2,93.67,email,0,0,0.0,0.023
2160,46,28514,35,8,68.34,push,0,0,0.0,0.058
2161,26,42759,29,1,16.44,push,0,0,0.0,0.1346
2162,42,35088,48,5,178.15,email,0,0,0.0,0.0798
2163,45,50455,18,4,252.68,push,0,0,0.0,0.0986
2164,53,16257,21,6,114.48,push,0,0,0.0,0.0187
2165,58,23261,49,3,171.02,email,0,0,0.0,0.0178
2166,27,33873,16,5,41.96,sms,1,0,0.0,0.1166
2167,30,113406,36,3,64.77,push,1,0,0.0,0.2463
2168,24,33918,17,7,118.51,sms,1,0,0.0,0.1245
2169,37,69642,16,5,92.13,email,1,0,0.0,0.1525
2170,45,37165,42,7,64.43,sms,0,1,20.08,0.0756
2171,51,27168,5,6,352.78,email,1,0,0.0,0.0427
2172,39,31318,12,8,36.97,email,1,0,0.0,0.0811
2173,36,32825,7,6,335.52,push,0,0,0.0,0.0914
2174,41,52166,13,4,119.28,email,1,0,0.0,0.1119
2175,29,82848,7,4,92.02,push,0,0,0.0,0.1961
2176,65,45062,25,2,71.87,email,0,0,0.0,0.0373
2177,20,74031,48,2,39.79,email,0,0,0.0,0.2042
2178,42,20355,46,5,44.78,sms,1,0,0.0,0.0543
2179,64,28317,13,2,219.22,sms,0,0,0.0,0.011
2180,40,23515,134,1,313.68,push,0,0,0.0,0.065
2181,37,43855,27,4,60.08,push,0,0,0.0,0.1079
2182,35,29278,15,6,72.11,sms,1,0,0.0,0.0879
2183,37,56267,54,6,200.4,email,0,0,0.0,0.1294
2184,56,20772,39,9,54.25,sms,1,0,0.0,0.0187
2185,18,37265,41,3,12.1,email,0,0,0.0,0.1459
2186,58,54836,6,9,33.26,email,0,0,0.0,0.0724
2187,22,10517,18,6,57.05,email,0,0,0.0,0.0892
2188,36,129699,59,11,72.88,email,0,0,0.0,0.2589
2189,34,30641,21,5,55.84,email,1,0,0.0,0.0929
2190,47,10774,34,2,88.08,email,0,0,0.0,0.0248
2191,20,39928,26,7,48.02,email,0,1,45.38,0.1453
2192,45,37051,55,2,129.66,email,0,0,0.0,0.0754
2193,64,34574,10,2,193.49,email,0,0,0.0,0.0218
2194,23,65822,25,5,37.69,email,1,0,0.0,0.1822
2195,42,56866,3,7,73.9,email,0,0,0.0,0.1174
2196,32,43422,35,4,49.23,email,0,0,0.0,0.1201
2197,45,47576,39,6,144.91,email,1,0,0.0,0.0936
2198,40,34111,1,6,35.89,email,1,0,0.0,0.0833
2199,32,105376,33,2,139.19,push,0,1,100.23,0.2272
2200,45,14950,16,10,69.63,email,0,1,52.47,0.0372
2201,61,39489,3,4,275.86,sms,0,0,0.0,0.0381
2202,37,37760,16,4,140.16,email,0,0,0.0,0.0974
2203,48,59158,6,4,210.26,email,1,0,0.0,0.1058
2204,24,21887,16,3,212.8,email,0,0,0.0,0.1037
2205,28,12756,14,3,54.43,email,0,0,0.0,0.0775
2206,45,39898,40,7,113.1,email,1,0,0.0,0.0803
2207,57,42990,44,7,186.97,sms,0,0,0.0,0.0545
2208,44,88766,28,7,134.21,push,1,1,34.84,0.1674
2209,36,16945,1,3,5.04,email,0,0,0.0,0.064
2210,39,72606,80,5,23.52,email,0,0,0.0,0.1524
2211,24,150309,34,7,51.08,email,0,0,0.0,0.3257
2212,47,28950,1,7,19.45,email,0,0,0.0,0.0562
2213,50,16737,51,4,287.16,push,0,0,0.0,0.0273
2214,34,28447,6,8,277.89,push,0,0,0.0,0.0891
2215,34,36621,25,8,39.35,email,0,1,36.54,0.1032
2216,43,50933,18,5,92.49,sms,0,0,0.0,0.1046
2217,34,25467,16,10,38.95,sms,0,0,0.0,0.0839
2218,39,92329,66,6,121.91,sms,0,1,21.25,0.1865
2219,65,18606,17,9,54.32,email,0,0,0.0,0.0
2220,37,12790,2,8,61.6,email,1,0,0.0,0.0542
2221,35,70546,87,6,308.1,sms,1,0,0.0,0.1592
2222,32,9276,75,4,116.37,sms,1,0,0.0,0.0611
2223,48,32129,34,2,183.66,push,1,0,0.0,0.0591
2224,37,235769,18,3,154.2,sms,1,0,0.0,0.4396
2225,32,36054,2,1,108.66,email,0,0,0.0,0.1074
2226,55,18537,46,8,37.93,push,0,1,22.88,0.0174
2227,57,35086,2,7,3.62,email,1,0,0.0,0.0408
2228,32,35225,2,5,75.49,email,0,1,88.01,0.106
2229,18,39990,23,2,57.17,sms,0,0,0.0,0.1506
2230,52,54033,5,7,19.67,email,0,0,0.0,0.0866
2231,31,19468,1,12,94.75,push,1,1,8.78,0.0813
2232,49,99960,16,5,39.72,email,0,1,41.93,0.1737
2233,18,42069,4,3,288.14,email,0,0,0.0,0.1542
2234,50,56166,5,4,84.81,email,1,0,0.0,0.0954
2235,25,24912,2,5,7.68,sms,0,0,0.0,0.1063
2236,48,78576,6,6,123.85,email,1,0,0.0,0.1394
2237,40,31125,37,3,129.9,email,0,0,0.0,0.0781
2238,28,42895,49,3,96.0,sms,0,0,0.0,0.1296
2239,35,20746,18,1,148.18,email,1,0,0.0,0.0732
2240,48,19967,21,5,86.12,email,0,0,0.0,0.0381
2241,41,54881,1,2,50.77,sms,1,1,13.28,0.1166
2242,47,27829,2,4,172.79,email,0,0,0.0,0.0543
2243,63,21757,8,2,26.47,push,0,0,0.0,0.0022
2244,21,24688,23,7,150.37,email,0,1,10.93,0.1163
2245,59,55236,40,3,35.95,email,1,0,0.0,0.0705
2246,41,24898,27,9,220.98,email,1,0,0.0,0.0648
2247,29,33840,14,6,53.47,email,1,0,0.0,0.1114
2248,24,36644,3,5,60.04,push,0,0,0.0,0.1292
2249,37,11494,45,2,23.09,sms,1,0,0.0,0.052
2250,51,15022,13,5,85.42,email,0,1,20.23,0.0217
2251,38,44434,39,5,86.48,email,0,0,0.0,0.1063
2252,58,23336,21,8,340.35,email,0,0,0.0,0.0179
2253,22,68462,40,2,184.88,sms,1,0,0.0,0.1894
2254,39,64866,71,5,46.57,sms,0,0,0.0,0.139
2255,24,55910,76,5,105.68,email,1,0,0.0,0.1625
2256,44,108213,22,6,69.24,email,1,0,0.0,0.201
2257,50,34549,21,1,43.41,sms,0,0,0.0,0.0581
2258,34,53601,9,3,50.47,sms,0,0,0.0,0.1326
2259,18,25574,82,9,59.95,email,1,0,0.0,0.1256
2260,42,158169,18,6,86.88,email,0,1,14.25,0.2925
2261,45,119393,4,5,59.92,push,0,0,0.0,0.2177
2262,44,36575,17,4,5.59,sms,0,0,0.0,0.0772
2263,54,45795,4,3,73.76,email,0,0,0.0,0.0671
2264,27,82090,20,11,85.08,email,0,1,28.72,0.2
2265,48,33246,24,6,159.49,push,1,0,0.0,0.061
2266,54,24490,12,3,36.02,sms,0,0,0.0,0.0303
2267,18,61352,2,7,120.37,sms,0,1,14.74,0.1875
2268,43,38065,86,6,315.63,email,0,0,0.0,0.0823
2269,33,40529,44,2,51.02,push,0,0,0.0,0.1126
2270,39,22014,54,4,86.57,sms,0,1,26.52,0.065
2271,44,12957,13,5,267.36,email,0,0,0.0,0.0363
2272,34,41843,42,2,82.98,email,0,0,0.0,0.1122
2273,31,62503,19,2,25.21,email,0,0,0.0,0.1557
2274,40,31714,6,4,76.76,sms,1,1,21.18,0.0791
2275,26,85978,3,6,256.73,sms,0,1,43.48,0.2093
2276,26,23804,12,4,276.3,email,1,1,18.49,0.1018
2277,48,19286,4,6,167.12,email,1,0,0.0,0.0369
2278,26,34879,190,8,130.63,email,0,0,0.0,0.121
2279,47,34559,1,7,63.29,email,0,0,0.0,0.0659
2280,45,57640,17,8,69.63,email,0,0,0.0,0.111
2281,19,22811,18,5,37.55,email,0,0,0.0,0.1183
2282,31,82524,10,1,32.35,email,0,0,0.0,0.1903
2283,54,118201,25,5,139.43,push,1,0,0.0,0.1923
2284,28,35472,4,5,68.66,email,0,0,0.0,0.1168
2285,34,76866,45,7,137.54,email,0,0,0.0,0.1728
2286,45,19266,12,2,20.31,push,1,0,0.0,0.0446
2287,49,69226,26,6,54.91,email,0,0,0.0,0.1206
2288,36,68075,37,6,16.57,sms,0,0,0.0,0.1524
2289,32,60965,65,3,228.82,email,1,1,16.4,0.1505
2290,57,35977,54,5,145.16,email,0,0,0.0,0.0424
2291,60,6169,28,7,83.75,sms,0,0,0.0,0.0
2292,51,24710,14,4,209.34,email,0,0,0.0,0.0385
2293,41,24945,20,3,37.5,email,0,1,35.64,0.0648
2294,30,20192,43,2,209.92,email,0,0,0.0,0.0852
2295,30,39079,63,4,3.28,push,0,1,31.31,0.1178
2296,46,28243,3,8,110.75,email,0,1,49.46,0.0576
2297,45,22142,14,9,19.69,email,0,0,0.0,0.0496
2298,56,19239,44,11,97.26,email,0,0,0.0,0.016
2299,47,23639,16,4,59.71,sms,0,0,0.0,0.047
2300,21,71175,12,8,73.77,sms,1,0,0.0,0.1967
2301,52,24425,15,2,224.95,email,1,0,0.0,0.0354
2302,28,26663,27,2,205.19,push,0,1,22.33,0.1016
2303,35,27611,256,8,200.93,sms,0,0,0.0,0.085
2304,43,44506,20,3,256.99,sms,1,0,0.0,0.0935
2305,63,47750,7,6,76.88,email,0,0,0.0,0.0472
2306,77,5844,5,6,83.55,email,0,0,0.0,0.0
2307,47,67035,1,6,68.09,push,1,0,0.0,0.122
2308,37,85975,24,4,87.93,push,0,0,0.0,0.1807
2309,46,19339,23,2,357.09,sms,0,0,0.0,0.0422
2310,50,20264,6,4,134.77,sms,0,0,0.0,0.0334
2311,36,27718,35,7,40.94,email,1,0,0.0,0.0826
2312,61,23072,40,5,18.12,push,0,0,0.0,0.0097
2313,42,41537,8,5,13.87,sms,0,0,0.0,0.0909
2314,45,11294,12,5,22.73,email,0,0,0.0,0.0309
2315,47,18568,139,4,95.4,push,0,0,0.0,0.0383
2316,45,91447,14,4,36.7,email,0,0,0.0,0.1694
2317,50,20807,42,2,99.82,email,0,0,0.0,0.0343
2318,32,76577,18,4,24.64,sms,1,0,0.0,0.1775
2319,33,44945,47,3,90.91,sms,1,0,0.0,0.1202
2320,26,12264,43,5,30.75,sms,0,0,0.0,0.0819
2321,45,53167,33,3,37.04,sms,0,1,60.64,0.1032
2322,49,33840,57,6,83.09,email,0,0,0.0,0.0595
2323,45,27631,84,8,51.89,email,0,0,0.0,0.0591
2324,60,42065,26,5,146.82,sms,0,0,0.0,0.0451
2325,39,48280,8,6,144.97,email,1,0,0.0,0.1104
2326,48,55523,15,2,92.03,sms,0,0,0.0,0.0995
2327,26,73640,42,7,199.12,sms,1,0,0.0,0.188
2328,35,46391,31,4,36.11,push,0,0,0.0,0.1175
2329,48,15908,5,7,29.64,email,0,0,0.0,0.0311
2330,50,27331,1,3,16.2,email,0,0,0.0,0.0456
2331,36,212315,34,7,97.93,push,0,1,146.94,0.4017
2332,39,56088,8,5,22.08,email,0,0,0.0,0.1239
2333,21,150478,20,4,56.54,sms,0,1,70.06,0.3337
2334,35,83889,41,7,41.69,email,0,0,0.0,0.1823
2335,50,41985,24,5,18.84,push,0,0,0.0,0.0709
2336,46,43514,2,6,58.92,email,0,0,0.0,0.084
2337,46,35527,6,7,45.71,push,0,0,0.0,0.0702
2338,40,12801,7,6,66.4,email,1,0,0.0,0.0465
2339,40,36710,8,8,95.84,sms,0,0,0.0,0.0878
2340,32,75087,25,4,44.05,sms,0,0,0.0,0.1749
2341,48,25341,21,7,121.32,sms,0,1,23.1,0.0474
2342,45,46498,6,5,29.41,email,0,0,0.0,0.0917
2343,45,60533,2,5,242.86,email,1,0,0.0,0.116
2344,33,21040,5,5,69.2,email,1,1,93.6,0.0789
2345,18,27700,124,4,198.51,email,0,0,0.0,0.1293
2346,53,19717,18,2,103.52,sms,0,0,0.0,0.0247
2347,34,22174,60,5,118.49,email,0,0,0.0,0.0782
2348,29,16771,56,7,2.48,sms,0,1,43.11,0.0819
2349,48,21157,21,4,215.81,sms,0,0,0.0,0.0401
2350,35,85107,36,6,140.68,email,1,1,43.67,0.1844
2351,52,20967,6,4,374.16,email,0,0,0.0,0.0294
2352,47,39178,34,3,88.29,email,0,0,0.0,0.0739
2353,48,26856,9,2,173.29,email,0,0,0.0,0.05
2354,23,73667,53,3,156.57,sms,1,1,64.55,0.1958
2355,54,79753,2,5,148.72,sms,1,0,0.0,0.1258
2356,43,60988,44,11,140.8,push,0,0,0.0,0.122
2357,35,43637,3,4,36.38,email,0,1,72.8,0.1127
2358,41,31614,63,6,83.96,sms,0,0,0.0,0.0764
2359,18,17763,10,8,35.22,sms,1,0,0.0,0.1121
2360,44,116554,31,8,99.88,email,0,0,0.0,0.2154
2361,27,23021,20,4,111.31,push,1,0,0.0,0.0979
2362,23,54078,13,12,25.05,push,0,0,0.0,0.1619
2363,21,68578,31,7,39.29,email,1,0,0.0,0.1922
2364,53,26025,88,1,63.19,email,0,0,0.0,0.0356
2365,32,67697,1,1,35.28,push,0,0,0.0,0.1621
2366,58,57441,75,7,42.3,email,0,0,0.0,0.0769
2367,33,102413,28,3,109.02,sms,0,1,15.06,0.2195
2368,19,27402,49,4,65.9,email,1,0,0.0,0.1262
2369,26,16789,14,2,147.29,email,0,0,0.0,0.0897
2370,54,26814,19,3,64.78,email,0,0,0.0,0.0343
2371,38,41163,60,8,119.03,email,1,0,0.0,0.1007
2372,33,37606,16,4,42.25,push,0,0,0.0,0.1075
2373,41,28679,22,10,62.73,sms,0,0,0.0,0.0713
2374,46,11550,1,4,99.34,sms,0,0,0.0,0.0287
2375,53,48160,5,3,82.94,email,1,0,0.0,0.0738
2376,57,118587,30,3,16.64,email,0,0,0.0,0.1852
2377,35,47980,37,3,73.67,sms,0,0,0.0,0.1202
2378,24,52338,26,5,137.91,sms,0,0,0.0,0.1563
2379,35,51198,4,5,83.88,push,0,0,0.0,0.1258
2380,43,46084,17,8,24.93,email,0,1,15.43,0.0962
2381,28,63512,13,7,158.51,email,1,1,54.35,0.1653
2382,28,46038,20,5,9.06,push,1,0,0.0,0.1351
2383,44,30103,61,1,117.67,email,1,1,29.7,0.066
2384,39,22525,44,4,37.51,email,1,0,0.0,0.0659
2385,40,31276,2,6,92.97,email,1,0,0.0,0.0784
2386,30,43847,66,4,18.19,sms,0,0,0.0,0.1261
2387,37,30041,19,4,89.41,sms,1,1,175.71,0.084
2388,28,43853,40,3,237.48,email,0,0,0.0,0.1313
2389,50,47263,4,3,64.03,push,0,0,0.0,0.0801
2390,52,59868,33,3,80.11,sms,0,0,0.0,0.0967
2391,18,78407,8,7,109.11,email,0,0,0.0,0.217
2392,28,38055,17,8,68.92,email,1,1,57.8,0.1213
2393,22,16569,1,6,215.74,push,1,0,0.0,0.0997
2394,32,29523,4,6,19.02,email,0,0,0.0,0.0961
2395,38,37288,2,2,83.85,sms,0,1,52.15,0.094
2396,22,12070,8,9,117.19,email,0,0,0.0,0.0919
2397,28,83549,3,7,110.62,email,1,0,0.0,0.1999
2398,27,39554,35,5,50.21,email,0,1,41.1,0.1264
2399,42,45652,1,6,193.6,sms,0,0,0.0,0.098
2400,40,82397,28,4,153.92,email,0,0,0.0,0.1667
2401,31,24882,4,6,33.04,push,1,0,0.0,0.0907
2402,42,51247,87,5,197.49,email,0,0,0.0,0.1077
2403,33,33998,81,5,23.65,sms,0,0,0.0,0.1013
2404,36,32517,7,4,72.35,email,0,0,0.0,0.0909
2405,60,22849,28,2,141.67,push,0,0,0.0,0.0119
2406,56,98652,1,5,31.23,push,0,0,0.0,0.1533
2407,24,28989,80,6,163.1,email,1,0,0.0,0.116
2408,49,55253,22,4,65.53,email,1,0,0.0,0.0965
2409,49,11789,1,6,129.98,email,0,0,0.0,0.0213
2410,26,73717,12,3,181.15,sms,0,0,0.0,0.1881
2411,49,68276,2,8,62.43,push,0,1,210.16,0.119
2412,58,38501,14,3,195.48,email,1,0,0.0,0.0441
2413,26,31692,33,5,67.51,email,1,0,0.0,0.1155
2414,28,46166,19,1,255.87,email,1,0,0.0,0.1353
2415,52,143382,14,9,15.83,email,1,0,0.0,0.241
2416,43,12607,3,3,87.35,email,0,0,0.0,0.0383
2417,46,58059,8,2,156.63,email,0,0,0.0,0.1091
2418,44,21015,3,10,120.04,email,1,1,33.95,0.0503
2419,44,35884,49,4,44.81,push,1,0,0.0,0.076
2420,24,31296,4,6,270.09,email,0,0,0.0,0.12
2421,52,28085,27,11,47.13,email,0,0,0.0,0.0417
2422,54,36088,12,6,148.76,email,0,0,0.0,0.0504
2423,37,18388,7,3,71.68,push,0,0,0.0,0.0639
2424,39,67339,30,4,72.86,sms,0,0,0.0,0.1433
2425,21,12375,18,7,203.12,email,0,1,26.9,0.095
2426,46,50204,15,4,59.88,sms,0,0,0.0,0.0955
2427,46,29854,26,7,69.03,sms,1,0,0.0,0.0604
2428,39,17987,20,5,33.75,push,1,0,0.0,0.058
2429,53,41004,10,7,163.94,push,0,0,0.0,0.0615
2430,35,14268,24,7,38.8,email,1,0,0.0,0.062
2431,46,37191,33,1,259.7,email,1,1,55.56,0.073
2432,27,15464,1,4,206.83,sms,0,0,0.0,0.0848
2433,39,47894,18,10,122.91,push,0,0,0.0,0.1097
2434,37,20855,1,6,18.26,email,0,0,0.0,0.0682
2435,42,27705,6,10,42.81,email,0,0,0.0,0.067
2436,35,43319,24,6,232.18,email,1,1,40.62,0.1122
2437,38,22844,60,4,43.78,email,0,0,0.0,0.069
2438,49,35074,64,6,53.5,email,0,0,0.0,0.0616
2439,34,14642,2,2,89.83,email,0,0,0.0,0.0652
2440,20,53025,16,5,113.77,push,0,0,0.0,0.1679
2441,60,104709,26,5,80.29,push,0,0,0.0,0.1534
2442,56,193944,4,3,215.25,sms,0,1,121.04,0.318
2443,24,38357,43,6,187.57,email,1,0,0.0,0.1322
2444,48,58274,40,1,49.9,push,1,0,0.0,0.1043
2445,33,12476,70,3,63.89,email,0,0,0.0,0.0641
2446,43,89468,1,4,89.55,email,0,0,0.0,0.1712
2447,43,57857,7,5,150.11,push,1,0,0.0,0.1165
2448,37,27163,52,3,49.88,sms,0,0,0.0,0.0791
2449,30,76290,33,1,108.11,email,0,0,0.0,0.1822
2450,31,31173,67,4,159.27,push,0,0,0.0,0.1016
2451,29,27589,1,4,60.98,push,0,1,107.97,0.1006
2452,30,48300,27,8,192.35,push,0,0,0.0,0.1338
2453,39,19186,25,6,84.02,email,1,0,0.0,0.0601
2454,31,67035,1,1,123.4,email,0,0,0.0,0.1636
2455,48,19271,21,6,154.12,email,0,1,152.42,0.0369
2456,57,19340,28,4,27.31,sms,0,0,0.0,0.0136
2457,33,21040,6,3,123.94,push,1,0,0.0,0.0789
2458,42,57279,9,2,73.14,push,0,0,0.0,0.1181
2459,45,25082,30,5,56.21,push,1,0,0.0,0.0547
2460,45,16174,18,5,205.27,email,0,0,0.0,0.0393
2461,40,25250,58,6,254.37,sms,0,0,0.0,0.068
2462,48,35623,12,2,163.92,push,1,0,0.0,0.0651
2463,45,17879,9,3,41.4,email,1,1,75.29,0.0423
2464,25,18196,125,0,6.02,email,0,0,0.0,0.0947
2465,50,128898,72,6,129.29,sms,0,0,0.0,0.2212
2466,50,21669,1,7,231.81,email,1,0,0.0,0.0358
2467,30,29916,44,3,77.48,push,0,0,0.0,0.102
2468,40,29133,3,7,99.89,email,0,1,39.31,0.0747
2469,48,28203,1,7,267.85,email,0,1,37.09,0.0523
2470,37,52723,9,5,243.84,push,0,1,109.38,0.1232
2471,52,64143,9,5,98.78,push,0,0,0.0,0.104
2472,68,30225,51,4,133.19,sms,0,0,0.0,0.0039
2473,30,17293,37,5,92.36,push,1,1,13.61,0.0802
2474,23,78015,119,2,37.17,push,0,0,0.0,0.2033
2475,43,34296,37,4,68.41,push,0,0,0.0,0.0758
2476,48,102558,16,6,84.9,sms,1,1,13.69,0.1808
2477,37,9439,36,5,78.37,sms,0,0,0.0,0.0484
2478,57,40832,225,4,37.99,sms,0,0,0.0,0.0508
2479,23,114824,37,6,46.18,sms,0,0,0.0,0.2669
2480,48,29379,43,4,31.99,push,0,0,0.0,0.0543
2481,32,31720,83,4,178.61,sms,0,0,0.0,0.0999
2482,60,43360,3,6,235.98,push,1,0,0.0,0.0474
2483,63,25970,36,4,103.71,email,0,0,0.0,0.0095
2484,30,30114,57,7,11.4,sms,1,0,0.0,0.1023
2485,33,29652,92,7,16.37,email,1,1,11.27,0.0938
2486,50,24923,7,6,123.02,sms,0,0,0.0,0.0414
2487,35,75910,21,4,76.36,sms,1,1,82.23,0.1685
2488,39,47889,34,5,8.21,push,0,0,0.0,0.1097
2489,40,42208,8,5,200.71,email,0,0,0.0,0.0973
2490,18,58991,27,5,77.12,email,1,0,0.0,0.1834
2491,39,30988,8,6,54.84,push,0,0,0.0,0.0805
2492,31,22821,12,6,97.51,push,0,0,0.0,0.0871
2493,34,25296,17,8,73.11,email,0,0,0.0,0.0836
2494,57,36354,22,4,32.96,email,1,0,0.0,0.043
2495,24,19234,17,9,108.98,email,0,0,0.0,0.0991
2496,49,26898,20,11,67.06,sms,0,0,0.0,0.0475
2497,36,26644,10,5,12.39,sms,1,1,64.25,0.0808
2498,36,129927,5,5,107.7,sms,0,0,0.0,0.2593
2499,49,6875,1,5,39.43,sms,0,0,0.0,0.0128
2500,44,32605,6,2,150.47,sms,0,0,0.0,0.0703
2501,46,102274,26,4,82.91,email,0,0,0.0,0.1855
2502,51,39069,46,6,82.68,sms,0,0,0.0,0.0633
2503,36,57070,5,3,27.13,sms,0,0,0.0,0.1334
2504,32,38557,3,6,127.79,push,0,0,0.0,0.1117
2505,26,24333,41,6,87.22,push,0,0,0.0,0.1027
2506,30,9460,10,2,125.41,sms,0,1,85.42,0.0666
2507,75,41079,90,2,69.74,email,0,0,0.0,0.0045
2508,54,22802,37,7,24.54,email,1,0,0.0,0.0274
2509,23,22466,11,7,178.12,sms,1,0,0.0,0.1073
2510,24,26919,10,5,164.33,email,0,0,0.0,0.1124
2511,45,103457,22,4,48.15,email,0,0,0.0,0.1902
2512,46,153722,2,3,59.96,email,0,1,23.99,0.2744
2513,46,41370,3,5,24.1,push,1,0,0.0,0.0803
2514,36,27477,5,2,24.48,email,0,0,0.0,0.0822
2515,38,17919,44,5,95.44,email,1,1,15.32,0.0605
2516,43,48104,21,6,119.67,push,0,0,0.0,0.0997
2517,41,105846,1,7,112.12,sms,0,0,0.0,0.2047
2518,18,31306,33,6,125.01,email,1,0,0.0,0.1356
2519,37,8713,16,4,231.75,push,0,0,0.0,0.0472
2520,29,54286,21,3,70.59,email,0,0,0.0,0.1467
2521,42,65594,7,4,184.88,push,0,0,0.0,0.1325
2522,75,14023,24,4,284.82,sms,0,0,0.0,0.0
2523,44,40371,116,12,23.19,email,0,0,0.0,0.0837
2524,36,47607,2,6,108.55,sms,1,0,0.0,0.117
2525,51,34756,10,4,79.43,email,0,0,0.0,0.0558
2526,45,22596,8,4,47.4,sms,0,0,0.0,0.0504
2527,45,66806,8,13,59.67,push,1,1,79.87,0.1268
2528,47,28508,14,6,13.17,email,0,0,0.0,0.0554
2529,64,14896,51,4,27.35,email,0,1,42.36,0.0
2530,26,10618,73,5,123.94,push,0,0,0.0,0.079
2531,45,77382,6,3,131.17,sms,0,0,0.0,0.1451
2532,28,52575,23,4,82.43,sms,1,0,0.0,0.1464
2533,46,38283,30,6,141.46,email,0,0,0.0,0.0749
2534,28,27884,22,5,64.96,email,0,1,68.91,0.1037
2535,34,26439,17,6,67.41,sms,1,0,0.0,0.0856
2536,36,19044,6,5,64.33,email,0,0,0.0,0.0676
2537,51,28032,20,7,60.6,email,0,1,12.42,0.0442
2538,51,10177,15,5,39.83,sms,0,0,0.0,0.0134
2539,25,23350,47,7,59.13,email,1,0,0.0,0.1036
2540,40,30134,43,5,152.6,sms,0,0,0.0,0.0764
2541,31,52361,4,4,173.93,sms,0,0,0.0,0.1382
2542,24,35455,2,7,15.45,email,1,1,32.73,0.1271
2543,37,58510,71,4,181.49,sms,0,1,118.7,0.1332
2544,36,81591,23,4,40.81,email,1,0,0.0,0.1757
2545,69,68521,58,5,64.2,push,0,0,0.0,0.0675
2546,45,48161,1,1,101.2,push,0,0,0.0,0.0946
2547,23,36574,22,7,314.27,sms,0,0,0.0,0.1317
2548,33,20161,23,1,55.26,email,0,0,0.0,0.0773
2549,52,56611,59,5,198.19,push,0,0,0.0,0.091
2550,65,99493,3,5,38.25,push,0,0,0.0,0.1314
2551,20,44589,8,4,18.29,email,0,0,0.0,0.1533
2552,18,114732,15,4,164.71,sms,0,0,0.0,0.2797
2553,62,14539,60,5,69.99,email,0,1,37.81,0.0
2554,44,18169,83,7,195.27,email,0,0,0.0,0.0453
2555,29,60664,147,1,218.9,sms,1,0,0.0,0.1577
2556,46,42555,95,8,38.61,sms,0,1,15.35,0.0823
2557,18,79879,1,3,38.01,email,1,0,0.0,0.2195
2558,40,35979,1,4,83.23,email,0,0,0.0,0.0865
2559,43,21573,4,4,192.82,sms,0,0,0.0,0.0538
2560,51,31947,12,6,166.93,email,0,0,0.0,0.051
2561,27,14478,53,6,29.83,sms,0,0,0.0,0.0831
2562,41,18450,66,3,47.25,sms,0,0,0.0,0.0536
2563,28,65086,6,3,99.11,sms,0,1,26.82,0.168
2564,43,61308,29,2,11.4,email,0,0,0.0,0.1225
2565,29,45152,74,3,13.78,sms,0,0,0.0,0.1309
2566,35,12930,18,5,201.36,email,0,0,0.0,0.0597
2567,28,29288,3,6,44.09,push,0,0,0.0,0.1061
2568,47,17413,18,6,89.85,email,0,0,0.0,0.0363
2569,50,73564,14,6,31.52,email,0,0,0.0,0.1255
2570,37,25585,25,5,230.42,email,0,1,63.27,0.0763
2571,40,18930,17,5,65.32,sms,0,1,20.5,0.057
2572,22,36970,1,6,81.23,sms,0,0,0.0,0.135
2573,36,24733,153,6,81.46,email,0,0,0.0,0.0775
2574,39,88454,23,5,40.31,sms,0,0,0.0,0.1798
2575,71,23367,19,6,111.91,email,0,0,0.0,0.0
2576,26,15685,92,6,210.78,sms,0,0,0.0,0.0878
2577,57,9979,5,6,319.79,email,0,0,0.0,0.0
2578,51,35650,6,4,29.49,push,1,0,0.0,0.0574
2579,43,25921,49,7,75.41,push,0,0,0.0,0.0613
2580,61,15408,9,6,2.18,push,1,0,0.0,0.0
2581,44,74127,48,3,21.83,push,1,0,0.0,0.1421
2582,44,54195,9,7,98.39,email,1,1,11.85,0.1076
2583,39,35705,1,4,99.92,email,0,0,0.0,0.0886
2584,54,82338,21,9,51.78,email,0,0,0.0,0.1303
2585,53,54042,6,5,59.16,email,0,0,0.0,0.084
2586,32,22165,42,5,19.19,email,0,0,0.0,0.0834
2587,24,19466,30,9,119.98,sms,1,0,0.0,0.0995
2588,37,59325,77,5,35.39,sms,0,0,0.0,0.1347
2589,30,46065,45,3,321.03,push,1,0,0.0,0.1299
2590,39,40209,5,5,229.99,email,0,0,0.0,0.0964
2591,54,21853,48,3,48.72,sms,0,1,54.45,0.0258
2592,34,52300,30,5,38.3,email,0,0,0.0,0.1303
2593,39,23079,33,5,149.52,push,0,0,0.0,0.0668
2594,40,34159,53,3,49.35,push,0,1,18.95,0.0834
2595,50,86523,25,7,9.89,email,0,0,0.0,0.1479
2596,18,24428,18,3,144.8,email,1,1,80.64,0.1237
2597,32,14132,30,6,84.9,email,1,0,0.0,0.0695
2598,42,19311,10,8,95.56,sms,0,1,31.23,0.0525
2599,54,65945,6,3,41.02,email,0,0,0.0,0.102
2600,34,42312,28,4,406.93,sms,0,0,0.0,0.113
2601,18,33613,7,6,282.44,sms,0,0,0.0,0.1395
2602,47,26756,2,5,12.25,sms,0,0,0.0,0.0524
2603,32,48592,1,7,53.58,push,0,0,0.0,0.1291
2604,25,21819,28,10,29.94,sms,0,0,0.0,0.101
2605,32,43625,13,6,102.6,sms,1,0,0.0,0.1205
2606,37,23417,41,8,130.32,email,0,0,0.0,0.0726
2607,32,21192,14,3,402.5,sms,1,0,0.0,0.0817
2608,18,24772,19,5,221.83,sms,0,0,0.0,0.1243
2609,50,28991,15,2,62.23,push,0,1,13.27,0.0485
2610,55,35266,31,6,235.63,sms,1,1,25.85,0.0463
2611,47,41826,13,6,63.35,sms,0,0,0.0,0.0785
2612,26,3971,99,1,112.41,sms,0,0,0.0,0.0675
2613,37,22368,82,5,30.3,email,0,0,0.0,0.0708
2614,39,28711,56,2,46.09,email,1,0,0.0,0.0766
2615,47,89593,75,4,38.04,email,1,0,0.0,0.161
2616,48,18996,17,3,85.29,email,0,0,0.0,0.0364
2617,31,40041,23,7,135.41,email,1,0,0.0,0.1169
2618,40,89055,40,4,78.59,sms,1,0,0.0,0.1783
2619,45,16518,35,6,180.1,push,0,0,0.0,0.0399
2620,57,45999,66,9,101.32,push,0,0,0.0,0.0597
2621,48,22440,37,4,167.18,email,1,0,0.0,0.0423
2622,49,26828,184,4,63.25,email,0,1,107.26,0.0473
2623,41,22429,12,4,23.13,email,0,0,0.0,0.0605
2624,56,23409,53,4,57.39,email,0,1,146.87,0.0233
2625,44,185934,35,5,66.2,email,0,0,0.0,0.3353
2626,29,60275,35,9,83.61,sms,1,1,95.27,0.1571
2627,56,70336,11,3,195.04,email,0,0,0.0,0.1044
2628,48,48785,46,6,124.6,email,0,0,0.0,0.0879
2629,34,13852,69,4,81.97,sms,0,0,0.0,0.0638
2630,34,46026,7,6,55.14,email,0,0,0.0,0.1195
2631,43,69130,29,3,29.31,sms,0,0,0.0,0.136
2632,45,21762,14,8,64.58,email,0,1,39.66,0.049
2633,42,64808,136,5,308.99,email,0,0,0.0,0.1312
2634,43,55414,19,7,21.27,email,0,0,0.0,0.1123
2635,60,110329,7,4,68.94,email,0,0,0.0,0.1631
2636,52,28263,14,4,75.41,email,1,0,0.0,0.042
2637,42,18796,31,2,57.13,email,0,0,0.0,0.0516
2638,51,29232,2,7,76.41,email,0,0,0.0,0.0463
2639,27,85934,27,5,43.45,sms,1,0,0.0,0.2066
2640,44,12124,80,6,215.47,email,0,0,0.0,0.0349
2641,61,10498,56,8,30.3,email,0,0,0.0,0.0
2642,37,38316,2,7,40.22,sms,1,0,0.0,0.0983
2643,29,27846,150,4,44.61,sms,0,0,0.0,0.101
2644,32,36484,35,4,30.36,email,0,0,0.0,0.1082
2645,26,64035,5,3,59.39,email,0,1,22.75,0.1714
2646,30,26067,1,6,180.01,email,1,0,0.0,0.0953
2647,35,11804,5,9,21.91,email,1,1,19.85,0.0577
2648,23,123832,54,4,113.92,sms,0,0,0.0,0.2825
2649,40,19963,1,8,82.29,sms,0,1,18.71,0.0588
2650,50,19236,7,4,140.5,sms,0,0,0.0,0.0316
2651,29,70419,42,5,75.0,email,0,0,0.0,0.1746
2652,58,28833,26,1,166.1,push,0,0,0.0,0.0274
2653,46,34960,45,3,73.32,push,0,0,0.0,0.0692
2654,52,48517,41,5,16.43,email,1,0,0.0,0.077
2655,32,69574,1,1,88.45,email,1,0,0.0,0.1654
2656,50,29730,66,6,143.07,sms,0,0,0.0,0.0498
2657,26,90397,7,5,13.83,sms,0,0,0.0,0.2169
2658,50,10082,24,6,119.68,sms,0,0,0.0,0.0158
2659,42,57289,31,5,63.82,push,0,1,12.27,0.1182
2660,46,21944,5,4,66.27,email,0,0,0.0,0.0467
2661,25,82732,112,4,58.26,email,0,0,0.0,0.2063
2662,29,39546,20,3,90.95,email,0,0,0.0,0.1212
2663,47,24252,1,5,159.34,email,0,0,0.0,0.0481
2664,28,54052,83,5,45.75,email,0,0,0.0,0.1489
2665,45,62063,26,3,127.23,email,0,0,0.0,0.1186
2666,23,53377,36,5,33.65,sms,0,0,0.0,0.1607
2667,50,19578,22,6,123.38,email,1,0,0.0,0.0322
2668,25,27162,54,8,126.55,sms,0,0,0.0,0.1102
2669,46,36226,1,7,145.97,email,0,0,0.0,0.0714
2670,47,35427,9,4,94.56,email,0,0,0.0,0.0674
2671,31,56945,19,4,144.58,email,1,0,0.0,0.1461
2672,46,10840,2,1,28.39,email,0,0,0.0,0.0275
2673,43,44382,36,4,187.49,sms,0,0,0.0,0.0933
2674,33,30516,15,4,85.31,sms,0,0,0.0,0.0952
2675,27,21958,9,7,221.41,sms,1,0,0.0,0.096
2676,18,23260,1,4,72.03,email,1,0,0.0,0.1216
2677,44,31929,38,6,63.83,push,0,0,0.0,0.0691
2678,21,4185,53,4,41.83,email,0,0,0.0,0.0809
2679,41,23842,15,5,92.36,sms,1,0,0.0,0.0629
2680,36,21472,24,3,108.09,email,0,0,0.0,0.0718
2681,48,49994,7,3,35.69,email,1,0,0.0,0.09
2682,36,22397,29,4,41.67,sms,1,0,0.0,0.0734
2683,36,31918,1,8,27.76,sms,0,0,0.0,0.0899
2684,48,91616,20,6,78.53,sms,1,0,0.0,0.1619
2685,44,65947,31,5,209.58,email,1,0,0.0,0.1279
2686,43,62402,75,7,61.81,email,0,0,0.0,0.1244
2687,45,26905,14,8,38.11,push,0,0,0.0,0.0579
2688,21,50302,43,4,42.0,email,0,0,0.0,0.1606
2689,49,31560,27,7,42.54,email,0,0,0.0,0.0555
2690,47,32284,78,4,159.93,email,0,0,0.0,0.062
2691,27,46435,15,6,157.62,email,0,1,86.45,0.1383
2692,37,25382,11,4,63.58,email,0,0,0.0,0.076
2693,39,88947,65,6,177.4,sms,0,0,0.0,0.1807
2694,38,32988,1,3,77.19,sms,1,0,0.0,0.0865
2695,44,52628,4,2,58.75,email,0,0,0.0,0.1049
2696,57,86973,2,4,106.42,push,0,0,0.0,0.1305
2697,52,67439,55,7,232.73,sms,1,1,19.77,0.1097
2698,24,15594,1,6,32.47,sms,0,0,0.0,0.0928
2699,47,47426,59,10,125.68,sms,1,0,0.0,0.0881
2700,55,60501,18,5,156.21,sms,0,0,0.0,0.09
2701,44,62014,1,5,190.33,email,1,1,18.75,0.1211
2702,53,18620,15,6,151.68,sms,1,0,0.0,0.0228
2703,64,24484,6,6,23.01,push,1,0,0.0,0.0043
2704,52,65955,29,2,120.81,email,0,0,0.0,0.1072
2705,42,22992,34,3,78.24,sms,0,0,0.0,0.0589
2706,52,30338,20,5,390.84,sms,0,0,0.0,0.0456
2707,41,93482,1,4,280.38,email,1,1,108.84,0.1833
2708,40,35288,32,10,83.94,push,0,0,0.0,0.0853
2709,35,23480,55,4,71.68,email,0,0,0.0,0.0779
2710,58,21448,38,6,195.31,email,0,0,0.0,0.0147
2711,30,44339,53,5,25.38,push,0,0,0.0,0.1269
2712,58,16319,6,9,68.74,email,1,0,0.0,0.0058
2713,45,31307,65,5,135.85,sms,0,0,0.0,0.0655
2714,23,44353,11,10,35.67,sms,0,0,0.0,0.1451
2715,44,79180,1,8,15.21,email,0,0,0.0,0.1508
2716,18,54205,55,6,123.2,email,0,0,0.0,0.1751
2717,47,23660,85,6,99.01,push,0,0,0.0,0.0471
2718,50,73647,31,4,186.63,email,0,0,0.0,0.1257
2719,32,30342,7,5,32.54,sms,1,0,0.0,0.0975
2720,41,17302,8,2,60.56,email,0,0,0.0,0.0516
2721,63,32753,18,3,33.37,push,0,0,0.0,0.0212
2722,33,86068,68,7,124.45,push,0,0,0.0,0.1913
2723,27,40100,4,4,9.92,email,1,0,0.0,0.1274
2724,57,36589,52,6,101.2,sms,0,0,0.0,0.0434
2725,63,96986,10,4,231.78,push,0,0,0.0,0.1323
2726,40,15385,49,4,259.76,push,0,0,0.0,0.0509
2727,52,16791,75,4,130.75,email,0,0,0.0,0.0222
2728,56,13773,16,7,98.84,email,0,0,0.0,0.0066
2729,31,45414,13,5,215.72,email,0,0,0.0,0.1262
2730,34,40130,48,5,74.1,sms,0,0,0.0,0.1093
2731,54,91641,22,7,100.33,push,0,0,0.0,0.1464
2732,60,42027,34,2,111.2,sms,0,0,0.0,0.045
2733,46,28495,29,6,76.59,email,1,1,40.04,0.058
2734,29,36354,4,6,52.57,email,0,0,0.0,0.1157
2735,63,38973,55,5,124.4,push,0,0,0.0,0.032
2736,33,13318,6,5,100.48,email,0,0,0.0,0.0655
2737,35,184646,80,4,131.02,sms,0,0,0.0,0.3565
2738,44,49608,8,4,55.84,sms,0,0,0.0,0.0997
2739,58,41192,39,6,87.12,push,0,0,0.0,0.0488
2740,50,52527,10,5,99.01,email,1,1,47.05,0.0892
2741,44,55583,11,2,140.37,email,1,0,0.0,0.11
2742,45,33378,11,2,50.49,push,1,0,0.0,0.069
2743,40,24865,41,3,109.53,sms,0,0,0.0,0.0673
2744,46,52034,24,4,122.79,email,1,0,0.0,0.0987
2745,18,45771,64,5,25.13,email,1,0,0.0,0.1606
2746,36,22338,11,6,75.14,email,1,0,0.0,0.0733
2747,42,85086,35,9,113.17,push,0,0,0.0,0.1662
2748,26,43304,41,3,38.94,email,0,0,0.0,0.1355
2749,44,56268,4,5,194.25,push,0,0,0.0,0.1112
2750,37,83713,15,3,103.18,email,0,0,0.0,0.1768
2751,61,36795,19,4,109.81,email,0,0,0.0,0.0334
2752,58,43922,13,3,220.87,push,1,0,0.0,0.0535
2753,34,59042,11,9,64.5,push,1,0,0.0,0.142
2754,38,23507,34,6,174.59,email,1,1,43.79,0.0702
2755,39,37512,7,1,108.69,email,1,0,0.0,0.0918
2756,34,39156,37,5,99.24,sms,0,0,0.0,0.1076
2757,42,20462,82,6,181.01,email,0,0,0.0,0.0545
2758,30,145886,24,6,125.4,push,0,0,0.0,0.3024
2759,26,15609,28,4,187.54,email,0,0,0.0,0.0877
2760,47,16666,2,4,30.08,email,1,1,9.93,0.035
2761,47,79900,59,3,181.48,email,1,0,0.0,0.1443
2762,30,55712,10,2,41.02,email,1,0,0.0,0.1466
2763,50,19622,28,3,14.74,email,1,1,21.51,0.0323
2764,32,52280,116,4,7.99,email,0,1,14.28,0.1355
2765,43,87615,27,5,225.17,sms,0,0,0.0,0.168
2766,49,35662,38,5,194.01,sms,1,0,0.0,0.0626
2767,39,172696,17,2,182.0,email,0,0,0.0,0.3254
2768,45,12907,1,2,9.26,sms,0,0,0.0,0.0337
2769,33,55066,47,4,37.21,push,0,0,0.0,0.1377
2770,37,73124,1,5,136.8,email,0,0,0.0,0.1585
2771,37,61994,36,6,132.39,push,0,0,0.0,0.1393
2772,31,32124,1,6,125.21,email,0,0,0.0,0.1032
2773,37,30507,59,6,64.85,email,1,0,0.0,0.0848
2774,21,47405,5,4,93.66,email,1,1,60.7,0.1556
2775,34,59245,21,9,68.38,push,0,0,0.0,0.1423
2776,36,52129,27,2,93.4,email,1,1,12.15,0.1248
2777,36,67780,18,5,218.7,email,0,1,22.22,0.1519
2778,37,19705,12,8,68.4,push,1,0,0.0,0.0662
2779,39,31676,18,6,91.31,push,0,0,0.0,0.0817
2780,45,20660,11,3,14.63,push,0,1,5.25,0.0471
2781,50,28805,17,5,235.33,sms,0,0,0.0,0.0482
2782,32,66778,13,5,214.43,sms,0,0,0.0,0.1605
2783,25,38746,25,6,41.8,email,1,0,0.0,0.1302
2784,27,173531,8,9,55.43,sms,0,0,0.0,0.358
2785,34,40783,134,8,55.54,email,1,1,21.08,0.1104
2786,35,37639,20,1,27.72,sms,0,0,0.0,0.1024
2787,30,38704,6,7,181.17,email,0,0,0.0,0.1172
2788,24,24768,19,4,51.44,push,0,0,0.0,0.1087
2789,34,35076,60,3,75.03,email,1,0,0.0,0.1005
2790,42,71444,1,5,34.06,sms,1,0,0.0,0.1426
2791,47,38885,34,5,45.5,sms,0,0,0.0,0.0734
2792,33,22559,23,4,34.47,email,1,0,0.0,0.0815
2793,35,20846,5,6,37.82,email,0,0,0.0,0.0733
2794,28,27719,51,9,22.8,email,1,0,0.0,0.1034
2795,39,37961,13,8,7.6,push,0,0,0.0,0.0925
2796,29,74321,10,3,79.32,push,0,0,0.0,0.1813
2797,46,16247,52,3,225.56,email,0,1,14.84,0.0368
2798,18,29974,30,5,104.74,email,1,0,0.0,0.1333
2799,35,39600,68,8,131.85,email,0,0,0.0,0.1058
2800,43,12085,29,6,104.6,email,0,0,0.0,0.0374
2801,42,22022,40,6,10.46,email,0,0,0.0,0.0572
2802,72,24150,54,7,7.97,push,0,0,0.0,0.0
2803,44,22525,1,4,38.5,push,0,0,0.0,0.0529
2804,27,40746,44,7,90.29,email,0,1,11.24,0.1285
2805,38,32980,28,10,150.34,sms,1,0,0.0,0.0865
2806,18,26025,2,3,225.76,email,0,1,251.65,0.1264
2807,39,46947,21,7,48.59,sms,1,0,0.0,0.1081
2808,30,102113,2,3,69.69,push,0,0,0.0,0.2268
2809,50,97105,39,5,125.11,sms,0,0,0.0,0.1662
2810,33,11456,23,1,105.05,email,0,0,0.0,0.0623
2811,38,51340,92,6,100.89,push,0,0,0.0,0.1183
2812,32,32636,6,2,34.58,sms,0,0,0.0,0.1015
2813,60,39858,27,3,40.03,email,0,0,0.0,0.0413
2814,36,28596,7,2,16.72,email,0,0,0.0,0.0841
2815,61,38970,28,5,46.78,sms,0,0,0.0,0.0372
2816,49,39769,38,3,15.12,email,0,0,0.0,0.0697
2817,45,25658,38,5,119.7,email,0,0,0.0,0.0557
2818,44,21208,50,2,165.99,push,1,1,24.36,0.0506
2819,44,27744,57,4,61.5,email,0,0,0.0,0.0619
2820,18,41795,2,6,72.95,sms,1,0,0.0,0.1537
2821,36,52020,12,6,113.23,email,0,0,0.0,0.1246
2822,50,60597,34,5,175.3,push,0,0,0.0,0.1031
2823,39,26997,20,1,148.41,push,0,1,33.7,0.0736
2824,23,43058,6,5,279.82,push,1,0,0.0,0.1429
2825,39,64699,24,7,126.51,email,0,0,0.0,0.1388
2826,60,73083,15,7,129.66,email,0,0,0.0,0.0987
2827,54,35055,14,4,107.63,sms,0,0,0.0,0.0486
2828,39,31806,49,2,107.96,push,1,0,0.0,0.0819
2829,51,40728,15,4,51.43,email,0,0,0.0,0.0662
2830,35,18218,1,4,77.24,email,0,0,0.0,0.0688
2831,19,32332,1,6,55.98,email,0,1,71.43,0.1347
2832,28,56769,58,4,23.63,email,0,0,0.0,0.1536
2833,58,53378,97,3,217.09,sms,0,0,0.0,0.0699
2834,36,30879,34,2,301.92,sms,0,0,0.0,0.0881
2835,37,41383,13,4,106.97,email,0,0,0.0,0.1036
2836,36,22141,83,8,68.93,sms,0,0,0.0,0.073
2837,62,55386,32,7,55.13,sms,0,1,22.02,0.0629
2838,59,34658,55,5,54.01,email,0,1,19.34,0.0349
2839,66,30774,43,10,187.15,sms,0,0,0.0,0.01
2840,38,29230,14,8,43.11,sms,0,0,0.0,0.08
2841,43,34970,19,6,99.1,email,0,0,0.0,0.077
2842,21,27757,6,4,59.58,push,0,0,0.0,0.1216
2843,57,53900,10,8,246.1,email,1,0,0.0,0.0734
2844,25,28647,45,2,48.89,push,1,1,17.02,0.1128
2845,42,94445,67,6,65.16,sms,0,0,0.0,0.1824
2846,26,87476,38,2,23.79,sms,0,1,15.87,0.2119
2847,32,21270,18,10,37.98,email,0,1,23.7,0.0819
2848,29,37866,2,6,78.58,push,0,0,0.0,0.1183
2849,32,24577,1,9,64.07,email,1,0,0.0,0.0876
2850,33,29852,14,3,54.8,sms,0,0,0.0,0.0941
2851,33,120747,18,8,102.37,push,1,0,0.0,0.2512
2852,50,30195,28,5,71.02,email,0,0,0.0,0.0506
2853,26,45077,1,9,128.62,push,1,0,0.0,0.1386
2854,42,50251,137,9,81.26,sms,0,0,0.0,0.106
2855,54,19922,13,5,73.36,sms,0,0,0.0,0.0224
2856,33,21740,56,5,78.98,push,0,0,0.0,0.0801
2857,31,17612,22,4,11.46,sms,0,0,0.0,0.0781
2858,37,21341,4,15,102.85,email,1,0,0.0,0.069
2859,54,6568,47,5,173.56,sms,1,0,0.0,0.0
2860,42,50349,37,4,15.83,sms,1,0,0.0,0.1062
2861,33,124556,22,5,108.49,email,0,1,34.68,0.2578
2862,45,39683,21,6,65.29,email,1,0,0.0,0.0799
2863,26,15525,2,6,100.7,email,1,0,0.0,0.0875
2864,48,24694,32,5,186.87,email,0,0,0.0,0.0462
2865,44,27575,72,5,55.54,sms,0,0,0.0,0.0616
2866,36,19721,2,5,137.93,email,0,0,0.0,0.0688
2867,29,60846,9,6,49.64,email,0,0,0.0,0.1581
2868,29,59050,69,3,246.11,email,1,1,13.93,0.1549
2869,46,18155,10,6,117.51,push,0,0,0.0,0.0401
2870,54,56108,31,3,198.71,email,0,1,6.31,0.085
2871,32,90770,22,5,147.51,sms,0,0,0.0,0.202
2872,45,113724,27,2,58.98,email,1,1,49.67,0.2079
2873,18,202628,16,6,127.6,email,0,0,0.0,0.4317
2874,32,21137,10,7,109.02,email,0,0,0.0,0.0816
2875,39,197705,1,3,97.48,email,1,1,18.59,0.3686
2876,29,29362,40,4,94.44,email,0,0,0.0,0.1036
2877,28,25451,41,7,188.12,sms,0,0,0.0,0.0995
2878,31,44189,33,5,108.35,email,1,0,0.0,0.1241
2879,43,25610,30,3,10.91,sms,1,0,0.0,0.0608
2880,37,46139,8,5,161.74,email,1,0,0.0,0.1119
2881,18,16447,1,5,17.65,sms,1,0,0.0,0.1099
2882,18,31468,49,4,213.12,email,0,0,0.0,0.1358
2883,32,78538,20,2,9.64,sms,0,0,0.0,0.1808
2884,45,35093,10,7,139.85,email,1,0,0.0,0.072
2885,18,39535,3,6,160.89,sms,0,0,0.0,0.1498
2886,34,48298,1,3,95.4,push,1,0,0.0,0.1234
2887,33,73305,12,1,57.88,email,0,0,0.0,0.1692
2888,56,13451,49,4,187.99,email,0,0,0.0,0.006
2889,35,51570,75,8,40.11,push,0,1,21.67,0.1264
2890,44,30918,68,11,12.0,email,0,0,0.0,0.0674
2891,41,40134,75,3,65.27,sms,0,0,0.0,0.0911
2892,18,68594,71,3,128.76,email,0,1,20.36,0.2
2893,49,17738,22,7,101.57,email,0,1,33.94,0.0316
2894,42,19779,7,7,166.46,sms,0,0,0.0,0.0533
2895,46,11370,47,3,14.5,email,1,0,0.0,0.0284
2896,80,26121,7,7,122.11,push,0,0,0.0,0.0
2897,18,80681,9,2,156.08,email,0,0,0.0,0.2209
2898,60,33780,7,6,96.24,email,0,0,0.0,0.0308
2899,36,16251,21,6,277.82,email,0,0,0.0,0.0628
2900,43,27135,11,11,52.26,sms,1,1,23.39,0.0634
2901,39,14872,5,2,93.76,push,0,0,0.0,0.0526
2902,34,18488,18,3,73.64,sms,0,0,0.0,0.0719
2903,33,45857,62,6,182.71,email,0,0,0.0,0.1218
2904,43,17955,25,5,212.68,sms,0,0,0.0,0.0476
2905,21,70797,63,2,45.61,push,1,0,0.0,0.196
2906,49,34798,6,4,35.64,email,0,0,0.0,0.0611
2907,35,38229,5,5,114.83,email,0,0,0.0,0.1034
2908,26,30729,25,7,84.63,sms,0,0,0.0,0.1138
2909,34,57740,18,1,130.07,push,0,0,0.0,0.1397
2910,55,58098,32,3,128.64,sms,1,0,0.0,0.0858
2911,33,44401,47,6,63.3,email,1,1,94.0,0.1192
2912,44,50963,41,1,15.94,email,1,0,0.0,0.102
2913,31,31976,85,4,63.19,email,0,0,0.0,0.103
2914,49,50277,15,6,48.5,push,0,0,0.0,0.0879
2915,48,29651,6,7,50.78,push,0,0,0.0,0.0548
2916,62,36364,24,2,188.24,sms,0,0,0.0,0.0301
2917,37,30798,3,5,37.61,email,1,0,0.0,0.0854
2918,48,27602,10,1,28.39,sms,0,1,25.18,0.0513
2919,41,24017,6,5,90.02,email,0,0,0.0,0.0632
2920,55,48079,15,5,57.82,sms,0,0,0.0,0.0685
2921,31,79726,3,4,139.06,push,1,0,0.0,0.1855
2922,48,73325,1,3,109.59,email,1,0,0.0,0.1303
2923,37,17086,32,2,121.6,email,0,0,0.0,0.0617
2924,39,78709,28,4,113.74,email,0,0,0.0,0.163
2925,41,30004,36,3,107.21,email,1,1,19.2,0.0736
2926,43,52074,32,6,64.95,sms,0,0,0.0,0.1065
2927,38,21084,3,6,95.31,email,0,0,0.0,0.066
2928,42,39544,10,3,76.54,sms,0,0,0.0,0.0875
2929,58,43837,4,8,28.27,sms,1,1,91.52,0.0534
2930,51,14901,55,6,106.66,push,0,0,0.0,0.0215
2931,50,52310,41,6,31.79,push,0,0,0.0,0.0888
2932,34,81435,6,6,144.41,sms,1,0,0.0,0.1807
2933,29,32702,12,4,36.36,email,0,1,42.95,0.1094
2934,51,82133,101,5,51.18,email,0,0,0.0,0.1377
2935,50,32408,27,4,41.94,sms,0,0,0.0,0.0544
2936,57,60460,48,9,155.49,email,1,0,0.0,0.0847
2937,32,9593,9,2,137.85,push,0,0,0.0,0.0617
2938,37,155013,7,6,118.83,email,0,1,8.8,0.3
2939,20,89078,45,10,56.25,push,0,0,0.0,0.2302
2940,35,30614,34,6,114.59,sms,0,0,0.0,0.0902
2941,51,11122,34,4,150.29,push,0,1,33.82,0.015
2942,34,43166,24,7,80.96,push,0,0,0.0,0.1145
2943,47,15269,24,5,43.37,email,0,0,0.0,0.0325
2944,37,47425,39,5,121.13,sms,1,0,0.0,0.1141
2945,43,46487,9,4,160.5,email,0,0,0.0,0.0969
2946,26,20643,13,4,142.68,push,0,0,0.0,0.0964
2947,41,71152,61,6,153.62,sms,0,0,0.0,0.1447
2948,18,58885,11,4,102.59,email,0,0,0.0,0.1832
2949,37,65218,23,5,158.38,push,1,0,0.0,0.1448
2950,20,36509,36,2,179.45,email,0,0,0.0,0.1394
2951,54,15532,284,10,76.04,email,0,0,0.0,0.0148
2952,49,65298,17,7,72.09,sms,0,0,0.0,0.1138
2953,45,30877,16,4,61.78,push,0,0,0.0,0.0647
2954,58,15774,55,3,28.22,push,0,0,0.0,0.0049
2955,28,81733,49,3,22.81,sms,0,1,13.7,0.1968
2956,60,127981,39,7,296.38,email,1,0,0.0,0.1936
2957,51,35427,18,6,9.57,email,0,0,0.0,0.057
2958,37,132650,11,3,73.9,email,1,1,16.88,0.2614
2959,53,38360,28,9,193.63,email,0,0,0.0,0.0569
2960,26,28903,62,2,53.38,sms,0,0,0.0,0.1106
2961,30,24877,64,6,47.23,sms,1,0,0.0,0.0933
2962,32,96978,3,8,27.83,sms,1,0,0.0,0.2127
2963,33,22740,16,4,78.08,email,0,0,0.0,0.0818
2964,27,56452,18,6,155.06,email,0,0,0.0,0.1557
2965,54,25964,113,4,66.45,email,0,0,0.0,0.0329
2966,36,27551,33,4,86.89,sms,1,0,0.0,0.0823
2967,44,67383,15,4,127.21,email,1,0,0.0,0.1304
2968,33,28911,1,1,40.65,email,0,0,0.0,0.0925
2969,18,28484,24,3,30.18,email,0,0,0.0,0.1307
2970,43,71659,3,2,145.85,sms,0,0,0.0,0.1404
2971,18,94697,53,6,75.25,email,0,1,69.35,0.2451
2972,39,53466,41,3,29.24,email,0,0,0.0,0.1193
2973,23,24517,18,8,245.47,sms,0,0,0.0,0.1108
2974,63,26732,16,3,21.38,sms,0,0,0.0,0.0108
2975,50,38099,68,7,66.37,email,1,1,36.5,0.0642
2976,41,44026,10,5,333.39,email,0,0,0.0,0.0978
2977,55,20076,8,7,97.1,email,0,0,0.0,0.0201
2978,29,56040,84,4,177.39,email,0,0,0.0,0.1497
2979,46,38227,49,1,40.6,email,0,0,0.0,0.0748
2980,42,12972,51,7,116.94,email,0,0,0.0,0.0416
2981,43,20798,6,6,71.17,email,0,0,0.0,0.0525
2982,55,26836,4,5,95.03,push,1,0,0.0,0.0318
2983,48,34762,1,3,46.19,email,1,0,0.0,0.0636
2984,43,112822,8,5,81.99,email,1,0,0.0,0.2115
2985,20,41894,44,4,255.87,email,1,0,0.0,0.1487
2986,28,21928,8,6,106.73,push,0,1,58.82,0.0934
2987,38,41455,39,4,191.76,sms,0,0,0.0,0.1012
2988,41,29399,8,3,145.84,sms,0,0,0.0,0.0725
2989,26,44128,15,6,222.22,sms,0,0,0.0,0.1369
2990,68,51448,122,5,181.99,email,0,0,0.0,0.0406
2991,58,75022,8,5,246.42,push,1,0,0.0,0.1073
2992,47,35790,14,8,81.77,email,0,0,0.0,0.068
2993,40,97088,10,4,95.47,email,0,0,0.0,0.1921
2994,37,62618,3,5,62.72,email,0,0,0.0,0.1403
2995,28,23754,20,4,27.8,sms,0,0,0.0,0.0965
2996,40,136750,14,3,219.09,email,1,0,0.0,0.2607
2997,43,44187,35,4,39.24,sms,0,0,0.0,0.0929
2998,25,22002,51,4,18.01,email,0,0,0.0,0.1013
2999,44,97904,23,4,58.46,email,0,1,48.61,0.1832
3000,38,126331,1,7,148.8,email,0,0,0.0,0.2479
3001,18,35602,28,3,209.05,push,0,0,0.0,0.143
3002,29,26844,1,4,146.13,email,0,0,0.0,0.0993
3003,35,32747,28,9,134.8,sms,1,0,0.0,0.0939
3004,62,55761,34,4,341.75,sms,0,1,32.08,0.0636
3005,46,78175,6,2,26.57,push,1,0,0.0,0.1439
3006,23,51138,51,5,94.41,push,1,0,0.0,0.1569
3007,45,38601,72,5,53.94,push,0,0,0.0,0.0781
3008,21,89215,50,3,124.42,email,0,0,0.0,0.2279
3009,52,30100,10,11,58.26,email,0,1,14.85,0.0452
3010,34,67410,26,3,7.69,email,0,0,0.0,0.1564
3011,38,30551,73,5,124.33,sms,0,0,0.0,0.0823
3012,55,47033,11,7,114.85,email,0,0,0.0,0.0667
3013,24,33923,51,7,53.4,sms,0,0,0.0,0.1245
3014,23,35118,1,5,62.18,email,0,0,0.0,0.1292
3015,32,28957,1,5,34.08,email,0,0,0.0,0.0951
3016,52,81382,42,5,80.09,sms,0,0,0.0,0.1338
3017,21,23394,42,1,493.16,push,1,0,0.0,0.1141
3018,18,23291,46,2,269.78,sms,0,0,0.0,0.1217
3019,34,129650,79,7,64.66,email,1,1,26.28,0.264
3020,46,65297,3,3,92.84,push,1,0,0.0,0.1216
3021,54,8681,7,2,45.3,sms,0,0,0.0,0.003
3022,34,25870,70,4,182.49,sms,0,0,0.0,0.0846
3023,35,12244,5,4,19.51,email,0,0,0.0,0.0585
3024,53,20528,34,7,33.1,sms,0,0,0.0,0.0261
3025,18,5524,22,5,44.85,email,0,0,0.0,0.091
3026,35,33449,2,3,40.43,push,0,0,0.0,0.0951
3027,42,18303,10,5,25.52,email,1,0,0.0,0.0508
3028,45,37644,22,5,50.85,sms,0,0,0.0,0.0764
3029,33,13696,57,3,92.24,sms,0,0,0.0,0.0662
3030,40,38167,36,6,44.85,email,0,0,0.0,0.0903
3031,18,28312,29,3,26.82,sms,0,0,0.0,0.1304
3032,32,89426,20,5,58.34,sms,0,0,0.0,0.1997
3033,45,84695,10,11,94.58,sms,1,0,0.0,0.1577
3034,28,58174,3,2,25.12,email,0,0,0.0,0.156
3035,40,29852,15,4,115.72,push,0,0,0.0,0.0759
3036,45,119518,1,8,17.17,sms,0,0,0.0,0.2179
3037,35,14302,7,7,58.0,email,0,0,0.0,0.062
3038,42,15644,16,3,54.04,sms,0,0,0.0,0.0462
3039,28,34535,16,8,8.9,push,1,0,0.0,0.1152
3040,37,140424,1,6,289.19,sms,0,0,0.0,0.2748
3041,47,32163,26,4,81.92,email,0,0,0.0,0.0617
3042,41,32534,23,3,48.13,sms,0,0,0.0,0.078
3043,32,15288,2,9,5.16,email,0,0,0.0,0.0715
3044,42,64058,86,7,128.3,sms,1,1,11.25,0.1299
3045,48,64338,3,4,54.93,sms,1,0,0.0,0.1148
3046,18,58305,57,5,127.62,email,1,1,28.59,0.1822
3047,53,24896,1,5,43.97,email,0,0,0.0,0.0336
3048,35,23765,64,0,132.45,email,0,0,0.0,0.0784
3049,45,16716,1,2,23.21,email,0,0,0.0,0.0402
3050,54,38189,42,5,215.28,email,0,0,0.0,0.054
3051,23,18991,13,2,72.17,push,0,1,15.83,0.1013
3052,31,17917,40,7,94.26,sms,0,0,0.0,0.0787
3053,36,28163,15,5,138.92,sms,0,0,0.0,0.0834
3054,30,27078,2,7,82.56,email,0,0,0.0,0.0971
3055,60,26297,43,7,129.39,email,0,0,0.0,0.0179
3056,29,48043,2,5,22.55,email,0,0,0.0,0.1359
3057,33,38079,76,5,81.67,sms,1,0,0.0,0.1083
3058,42,30549,1,4,181.8,sms,1,0,0.0,0.0719
3059,25,40530,19,5,77.1,sms,0,0,0.0,0.1333
3060,35,20031,38,6,206.5,email,0,0,0.0,0.0719
3061,43,38683,14,7,76.64,email,0,0,0.0,0.0834
3062,36,39749,7,4,85.94,sms,1,1,34.43,0.1034
3063,38,14737,42,6,30.43,email,0,0,0.0,0.055
3064,33,66000,46,13,25.91,email,0,0,0.0,0.1566
3065,21,21399,76,4,90.34,email,0,0,0.0,0.1106
3066,43,38337,14,3,73.06,sms,0,0,0.0,0.0828
3067,61,73031,21,7,4.6,push,1,0,0.0,0.096
3068,40,63285,13,3,165.34,email,1,1,32.08,0.1337
3069,42,37071,8,6,23.4,email,0,0,0.0,0.0832
3070,48,29216,41,5,82.58,sms,1,0,0.0,0.0541
3071,24,64119,12,7,86.4,push,0,0,0.0,0.1767
3072,60,54437,16,4,155.35,sms,0,1,40.35,0.0665
3073,42,25058,15,8,226.75,push,0,1,50.73,0.0624
3074,59,22540,37,9,225.6,sms,0,1,38.82,0.014
3075,31,10473,74,8,81.18,email,0,0,0.0,0.0658
3076,61,39831,32,6,179.12,sms,0,0,0.0,0.0387
3077,49,34557,19,5,104.68,push,1,0,0.0,0.0607
3078,46,71805,45,3,82.11,sms,0,0,0.0,0.1329
3079,42,45045,30,4,53.64,sms,0,0,0.0,0.097
3080,37,80865,1,4,40.14,email,0,1,26.37,0.1719
3081,54,23898,3,6,151.05,sms,0,0,0.0,0.0293
3082,41,71889,1,5,36.48,sms,0,0,0.0,0.146
3083,18,26440,18,3,88.18,sms,0,0,0.0,0.1271
3084,26,57904,52,6,161.9,sms,1,0,0.0,0.1608
3085,37,15134,11,5,38.54,email,0,0,0.0,0.0583
3086,43,41817,14,8,86.43,sms,0,1,24.31,0.0888
3087,39,11038,72,3,62.7,email,0,0,0.0,0.046
3088,54,30937,54,5,75.01,email,0,0,0.0,0.0415
3089,18,47297,32,2,97.11,push,0,0,0.0,0.1632
3090,41,26566,9,4,65.07,email,0,1,22.96,0.0677
3091,18,19336,3,6,183.5,sms,1,1,22.17,0.1149
3092,49,60335,1,4,17.53,push,0,0,0.0,0.1052
3093,38,34129,3,6,137.36,email,1,0,0.0,0.0885
3094,45,27072,10,1,68.06,email,0,1,14.03,0.0581
3095,29,37239,24,8,22.68,sms,0,0,0.0,0.1173
3096,55,176663,1,4,65.68,email,1,1,11.65,0.2907
3097,52,72555,4,4,300.57,push,0,0,0.0,0.1186
3098,47,72951,5,7,43.53,email,1,0,0.0,0.1322
3099,38,47161,29,4,42.62,push,0,0,0.0,0.111
3100,46,40130,28,4,94.63,email,1,0,0.0,0.0781
3101,31,8624,24,5,135.06,push,0,1,27.2,0.0626
3102,50,24163,8,4,160.95,push,1,0,0.0,0.0401
3103,59,27218,13,6,174.45,sms,0,0,0.0,0.022
3104,52,11790,3,6,63.11,sms,0,0,0.0,0.0136
3105,31,18134,7,5,107.84,email,0,0,0.0,0.079
3106,44,11064,68,2,12.28,email,0,0,0.0,0.0331
3107,24,35489,116,6,68.75,email,0,0,0.0,0.1272
3108,46,59353,31,6,140.17,sms,0,0,0.0,0.1113
3109,45,70549,74,5,19.26,push,0,0,0.0,0.1333
3110,18,46577,30,2,117.4,sms,0,0,0.0,0.1619
3111,26,20372,1,5,33.72,sms,0,0,0.0,0.0959
3112,36,11393,171,8,18.54,sms,0,0,0.0,0.0544
3113,36,12655,3,5,42.82,push,0,0,0.0,0.0566
3114,25,16959,34,4,109.47,sms,1,0,0.0,0.0926
3115,44,21304,8,6,130.51,push,1,0,0.0,0.0508
3116,43,32996,14,5,37.64,email,0,0,0.0,0.0736
3117,37,19761,31,4,404.39,email,0,0,0.0,0.0663
3118,30,44506,17,4,115.1,push,0,0,0.0,0.1272
3119,52,31591,8,5,53.45,sms,0,0,0.0,0.0478
3120,59,36546,12,4,58.76,email,0,0,0.0,0.0382
3121,34,71980,12,2,221.04,push,1,1,10.47,0.1643
3122,32,17887,96,4,155.57,push,1,0,0.0,0.076
3123,45,46687,48,5,70.26,email,0,0,0.0,0.092
3124,35,36012,18,3,74.78,push,1,0,0.0,0.0996
3125,38,29729,6,1,8.31,sms,1,0,0.0,0.0809
3126,48,61768,49,7,222.98,email,0,0,0.0,0.1103
3127,18,61537,5,5,34.89,sms,0,0,0.0,0.1878
3128,55,20580,7,4,54.51,push,0,0,0.0,0.021
3129,40,32555,13,2,58.21,sms,0,0,0.0,0.0806
3130,35,42990,63,8,288.03,push,0,1,22.51,0.1116
3131,38,30828,4,5,84.93,email,0,0,0.0,0.0828
3132,39,51586,3,5,165.71,sms,1,0,0.0,0.1161
3133,19,42989,20,5,7.99,email,1,0,0.0,0.1532
3134,57,109047,9,7,53.6,email,1,0,0.0,0.1687
3135,40,14498,25,5,121.5,sms,1,1,14.15,0.0494
3136,45,33743,18,3,80.19,sms,0,0,0.0,0.0697
3137,51,21055,17,8,360.99,sms,0,0,0.0,0.0322
3138,27,52180,3,5,143.58,push,0,0,0.0,0.1483
3139,45,13762,4,4,124.91,sms,0,0,0.0,0.0351
3140,36,44702,51,11,37.51,email,0,0,0.0,0.112
3141,50,24883,65,2,155.0,push,0,0,0.0,0.0414
3142,18,23376,8,2,228.5,email,0,1,48.88,0.1218
3143,38,15246,3,7,75.71,sms,1,0,0.0,0.0559
3144,32,27472,1,2,94.01,email,1,1,7.93,0.0926
3145,45,69612,28,5,284.4,push,0,0,0.0,0.1317
3146,45,35770,37,4,170.68,email,0,0,0.0,0.0732
3147,31,52923,13,4,50.97,email,0,0,0.0,0.1392
3148,31,98595,34,5,278.87,email,0,0,0.0,0.2181
3149,38,42542,37,4,130.18,email,1,0,0.0,0.1031
3150,29,25970,82,5,103.45,email,0,0,0.0,0.0978
3151,50,48067,2,2,194.43,email,0,0,0.0,0.0814
3152,35,26197,6,3,137.52,push,0,0,0.0,0.0826
3153,18,26831,2,4,61.23,push,0,0,0.0,0.1278
3154,35,14589,60,3,138.07,push,1,0,0.0,0.0625
3155,27,63307,47,5,49.0,email,0,0,0.0,0.1675
3156,20,28807,25,7,194.52,email,1,0,0.0,0.126
3157,25,40508,2,3,81.61,email,0,0,0.0,0.1333
3158,41,19504,9,7,24.68,email,0,0,0.0,0.0554
3159,55,47172,10,5,68.19,sms,0,0,0.0,0.0669
3160,43,22990,24,3,168.21,push,1,0,0.0,0.0563
3161,32,33355,8,5,67.18,sms,0,0,0.0,0.1028
3162,45,61494,2,4,100.15,push,1,0,0.0,0.1176
3163,34,58364,39,3,6.32,email,0,0,0.0,0.1408
3164,31,35838,10,4,62.64,sms,0,0,0.0,0.1096
3165,26,12570,18,3,17.58,email,0,1,103.05,0.0824
3166,18,218750,4,8,66.99,email,1,1,38.29,0.4595
3167,35,103519,48,4,154.46,sms,1,1,28.89,0.2162
3168,41,56027,25,2,77.1,sms,0,0,0.0,0.1186
3169,38,23111,69,4,57.14,email,0,0,0.0,0.0695
3170,35,33922,20,6,14.43,email,0,0,0.0,0.0959
3171,28,26211,85,1,36.78,email,0,0,0.0,0.1008
3172,47,77521,66,5,33.86,email,0,0,0.0,0.1401
3173,24,42510,25,7,122.25,sms,0,0,0.0,0.1393
3174,49,22685,81,3,73.79,email,1,0,0.0,0.0402
3175,27,27379,11,2,140.68,email,1,0,0.0,0.1054
3176,30,71161,13,5,152.12,sms,0,0,0.0,0.1733
3177,22,94850,1,5,84.18,sms,0,0,0.0,0.235
3178,33,90853,26,9,71.86,sms,0,0,0.0,0.1995
3179,51,57194,38,2,124.68,email,0,0,0.0,0.0946
3180,46,31207,44,6,55.28,email,0,0,0.0,0.0627
3181,51,5193,4,5,16.25,push,0,0,0.0,0.0047
3182,46,43403,17,3,142.87,email,1,0,0.0,0.0838
3183,26,36275,5,4,72.69,sms,1,0,0.0,0.1234
3184,36,39497,32,5,136.54,push,0,0,0.0,0.103
3185,30,37509,5,5,43.81,email,1,0,0.0,0.1151
3186,55,16386,70,7,46.31,sms,0,1,13.69,0.0137
3187,25,50738,7,2,166.16,email,0,0,0.0,0.151
3188,50,53068,10,6,24.6,push,0,0,0.0,0.0901
3189,50,54688,57,7,33.23,email,0,0,0.0,0.0929
3190,61,64083,18,8,29.21,email,1,1,15.54,0.0806
3191,35,52178,1,2,126.69,email,0,0,0.0,0.1275
3192,48,28395,20,9,132.25,push,0,0,0.0,0.0526
3193,67,34804,2,1,42.54,sms,1,0,0.0,0.0144
3194,32,38356,126,9,117.7,email,0,1,75.68,0.1114
3195,21,38739,26,3,26.0,sms,1,0,0.0,0.1406
3196,18,66100,8,3,196.43,email,0,0,0.0,0.1957
3197,48,53433,24,5,54.98,email,0,0,0.0,0.0959
3198,18,126298,2,6,78.36,sms,1,0,0.0,0.2997
3199,35,136472,48,8,58.13,email,0,0,0.0,0.2732
3200,45,38093,77,6,104.89,push,1,0,0.0,0.0772
3201,42,3633,62,5,81.64,sms,0,0,0.0,0.0254
3202,45,76274,12,6,142.88,push,1,1,24.76,0.1432
3203,42,26259,11,4,68.66,push,0,0,0.0,0.0645
3204,55,22451,1,3,61.55,email,0,0,0.0,0.0242
3205,28,28593,31,5,20.67,push,0,0,0.0,0.1049
3206,31,27778,22,6,150.89,push,0,0,0.0,0.0957
3207,30,52436,18,6,46.82,push,1,0,0.0,0.1409
3208,49,14247,71,7,35.0,email,0,0,0.0,0.0256
3209,50,19022,5,4,11.04,push,0,0,0.0,0.0312
3210,45,44618,1,5,198.38,email,1,0,0.0,0.0885
3211,54,52773,2,8,169.28,sms,1,0,0.0,0.0792
3212,25,53365,7,2,37.33,email,1,1,58.02,0.1555
3213,60,22646,1,10,233.64,push,0,0,0.0,0.0116
3214,58,20191,20,6,299.69,email,0,0,0.0,0.0125
3215,48,26796,11,5,66.91,sms,0,0,0.0,0.0499
3216,61,41936,5,5,224.19,sms,0,1,85.45,0.0423
3217,20,88546,41,5,21.89,email,0,0,0.0,0.2293
3218,33,10631,6,1,147.65,sms,1,1,43.48,0.0609
3219,31,31810,34,3,80.6,sms,0,0,0.0,0.1027
3220,48,16324,12,8,90.89,sms,0,0,0.0,0.0318
3221,27,13475,21,3,136.91,email,1,0,0.0,0.0814
3222,49,64872,81,5,79.46,email,1,0,0.0,0.1131
3223,56,50351,1,4,86.62,email,1,0,0.0,0.0698
3224,48,47555,20,2,56.36,push,1,1,29.74,0.0858
3225,43,63108,57,10,139.83,email,0,0,0.0,0.1256
3226,28,27232,26,3,129.34,email,0,0,0.0,0.1026
3227,29,28012,9,7,84.84,email,0,0,0.0,0.1013
3228,54,134785,15,10,261.16,sms,0,0,0.0,0.2209
3229,49,31321,34,3,37.34,email,0,0,0.0,0.0551
3230,39,56448,66,2,55.36,email,1,0,0.0,0.1245
3231,34,36454,1,3,57.06,email,0,0,0.0,0.1029
3232,18,11980,2,5,42.25,sms,0,0,0.0,0.1022
3233,27,10649,11,9,60.61,push,0,0,0.0,0.0765
3234,62,25657,7,3,51.35,email,0,0,0.0,0.0116
3235,24,68436,9,5,16.23,push,0,0,0.0,0.1842
3236,42,58277,7,4,48.2,email,1,1,8.55,0.1199
3237,52,62846,6,5,196.25,email,1,0,0.0,0.1018
3238,24,20085,4,7,62.15,email,0,0,0.0,0.1006
3239,42,95752,81,7,252.72,push,0,0,0.0,0.1846
3240,51,20354,4,4,57.41,sms,0,0,0.0,0.031
3241,40,41261,6,8,104.16,email,0,0,0.0,0.0956
3242,74,36090,8,7,133.69,email,1,1,69.97,0.0
3243,19,32717,81,6,46.49,sms,0,0,0.0,0.1354
3244,52,81077,42,9,115.7,email,1,1,12.47,0.1333
3245,37,23787,46,7,94.98,email,1,1,81.76,0.0732
3246,49,16159,3,3,34.73,push,1,1,51.25,0.0289
3247,45,36753,54,2,85.84,email,0,0,0.0,0.0749
3248,31,28569,15,5,213.36,sms,1,1,36.18,0.0971
3249,42,275523,9,11,64.26,email,1,1,319.57,0.4954
3250,18,54497,25,1,255.67,email,1,1,80.9,0.1756
3251,47,28407,51,5,59.58,push,1,0,0.0,0.0553
3252,43,19270,45,7,111.74,push,0,1,51.17,0.0498
3253,47,11752,66,8,64.22,sms,1,0,0.0,0.0265
3254,52,19631,78,3,96.11,email,0,0,0.0,0.0271
3255,44,38908,8,9,71.79,sms,1,0,0.0,0.0812
3256,41,85510,16,7,248.83,email,0,1,87.08,0.1695
3257,29,71183,1,3,133.78,sms,0,0,0.0,0.1759
3258,31,41666,63,10,190.72,sms,0,0,0.0,0.1197
3259,54,29914,5,6,167.35,push,0,0,0.0,0.0397
3260,57,42671,59,4,13.23,sms,0,0,0.0,0.0539
3261,37,26604,11,1,106.69,push,0,0,0.0,0.0781
3262,40,101825,13,8,159.49,email,0,1,81.54,0.2003
3263,29,32418,1,5,46.2,email,0,0,0.0,0.1089
3264,54,34482,11,7,77.75,sms,1,1,48.01,0.0476
3265,47,9609,65,3,26.91,email,0,0,0.0,0.0228
3266,63,32297,1,5,260.75,sms,0,0,0.0,0.0204
3267,29,59987,15,3,121.02,sms,0,0,0.0,0.1566
3268,35,19136,1,5,94.1,email,0,0,0.0,0.0704
3269,42,23145,13,6,41.39,email,1,0,0.0,0.0591
3270,47,58432,5,8,34.64,push,0,0,0.0,0.1072
3271,37,14973,8,3,37.88,email,0,1,29.7,0.058
3272,29,68506,63,4,28.0,push,0,0,0.0,0.1713
3273,50,26389,17,6,67.97,email,0,0,0.0,0.044
3274,48,28763,9,4,155.75,sms,0,0,0.0,0.0533
3275,29,18502,26,5,111.36,push,0,0,0.0,0.0849
3276,56,45561,4,11,79.6,push,0,0,0.0,0.0615
3277,54,158882,9,2,86.0,push,0,1,19.79,0.2626
3278,41,58040,23,11,46.82,push,1,0,0.0,0.1221
3279,40,21621,8,7,27.3,sms,1,0,0.0,0.0617
3280,46,71780,34,7,122.03,sms,0,0,0.0,0.1328
3281,29,30031,20,6,88.07,sms,0,0,0.0,0.1048
3282,40,82842,44,5,21.57,push,0,0,0.0,0.1675
3283,18,58924,88,5,257.65,push,0,1,102.84,0.1833
3284,50,6211,3,4,6.9,sms,1,0,0.0,0.0091
3285,21,19881,12,5,216.44,sms,1,1,32.24,0.108
3286,58,63999,11,3,19.86,sms,0,0,0.0,0.0882
3287,36,39775,4,3,50.32,push,0,0,0.0,0.1035
3288,37,19648,49,4,215.81,email,0,0,0.0,0.0661
3289,32,24830,42,5,88.16,email,0,0,0.0,0.088
3290,36,11571,19,3,63.93,push,0,0,0.0,0.0547
3291,57,34440,23,7,71.53,sms,1,0,0.0,0.0397
3292,18,136818,1,3,37.2,email,1,1,28.14,0.3179
3293,55,58862,24,8,54.72,push,1,0,0.0,0.0871
3294,44,135164,47,8,90.89,push,0,0,0.0,0.2476
3295,25,61662,25,6,52.84,email,0,1,60.49,0.1698
3296,27,67271,9,7,52.89,email,1,1,58.69,0.1744
3297,60,118710,33,7,142.44,sms,0,1,19.5,0.1776
3298,28,45540,13,6,83.76,sms,0,0,0.0,0.1342
3299,26,32456,23,5,198.33,email,0,0,0.0,0.1168
3300,53,67480,20,8,75.83,push,0,0,0.0,0.1072
3301,44,86881,14,4,21.37,email,0,0,0.0,0.1641
3302,28,27228,38,5,64.46,email,0,0,0.0,0.1025
3303,42,23554,64,4,62.39,push,1,0,0.0,0.0598
3304,27,39470,1,6,264.23,sms,0,0,0.0,0.1263
3305,53,59808,81,4,236.36,email,0,0,0.0,0.094
3306,52,58621,21,1,60.21,email,1,0,0.0,0.0945
3307,46,15452,36,6,20.99,email,1,0,0.0,0.0355
3308,44,114343,58,7,36.28,push,0,0,0.0,0.2116
3309,61,24718,18,7,37.95,email,0,0,0.0,0.0125
3310,39,30975,54,8,124.81,email,0,0,0.0,0.0805
3311,25,21129,5,6,64.64,sms,1,0,0.0,0.0998
3312,45,183321,5,8,124.92,email,1,1,71.57,0.3282
3313,65,41992,32,10,164.79,sms,0,0,0.0,0.032
3314,27,21794,61,1,218.34,email,1,0,0.0,0.0957
3315,35,60983,66,4,79.7,email,0,0,0.0,0.1427
3316,44,57611,30,5,35.41,push,0,0,0.0,0.1135
3317,39,32447,22,6,156.17,email,0,0,0.0,0.083
3318,28,60136,12,5,216.66,sms,0,0,0.0,0.1594
3319,53,22132,117,8,87.5,push,0,0,0.0,0.0288
3320,67,27017,11,4,93.06,email,0,0,0.0,0.0009
3321,42,10871,40,3,29.64,email,0,0,0.0,0.0379
3322,29,16409,22,4,69.67,sms,0,0,0.0,0.0812
3323,21,107428,28,6,12.88,sms,0,0,0.0,0.2593
3324,43,97232,15,2,144.31,email,1,0,0.0,0.1846
3325,53,37777,100,5,90.79,sms,0,0,0.0,0.0559
3326,45,98494,25,6,70.96,push,1,1,10.88,0.1816
3327,39,32989,83,2,53.1,email,0,0,0.0,0.0839
3328,32,31380,1,9,18.33,email,1,0,0.0,0.0993
3329,26,37567,25,3,17.8,email,0,0,0.0,0.1256
3330,50,33693,37,4,86.26,sms,0,0,0.0,0.0566
3331,50,31916,41,7,97.43,push,0,0,0.0,0.0535
3332,21,72116,70,3,103.74,push,0,0,0.0,0.1983
3333,59,39738,1,2,299.28,email,0,0,0.0,0.0437
3334,46,55686,1,4,7.9,push,0,0,0.0,0.105
3335,56,67428,19,3,28.58,push,1,0,0.0,0.0993
3336,23,45839,1,4,258.3,sms,1,0,0.0,0.1477
3337,23,20289,110,5,50.72,sms,0,0,0.0,0.1035
3338,38,16127,7,4,230.64,push,1,1,16.86,0.0574
3339,46,39706,19,7,59.89,push,0,0,0.0,0.0774
3340,61,32769,1,6,47.6,push,1,0,0.0,0.0265
3341,48,38270,22,3,114.07,email,0,0,0.0,0.0697
3342,37,35967,14,10,22.27,sms,0,0,0.0,0.0943
3343,27,171124,1,2,13.48,push,0,0,0.0,0.3538
3344,54,16348,12,5,29.67,email,0,1,21.42,0.0162
3345,28,11004,14,2,122.13,email,0,0,0.0,0.0745
3346,59,44330,137,3,160.49,sms,0,0,0.0,0.0516
3347,36,28973,6,3,203.63,email,1,0,0.0,0.0848
3348,59,43898,23,3,96.13,email,0,0,0.0,0.0509
3349,48,51551,131,5,342.22,email,0,0,0.0,0.0927
3350,38,78469,47,4,73.99,email,0,0,0.0,0.1651
3351,33,14700,150,4,50.37,push,0,0,0.0,0.0679
3352,35,26003,103,3,27.79,push,0,0,0.0,0.0823
3353,45,46969,20,3,249.37,email,0,0,0.0,0.0925
3354,40,57657,35,3,75.5,email,0,0,0.0,0.124
3355,32,135410,3,9,195.19,email,0,1,87.82,0.2791
3356,38,64435,17,2,108.55,email,0,0,0.0,0.1409
3357,40,35098,49,5,133.45,email,0,0,0.0,0.085
3358,18,21284,21,4,116.74,push,0,1,41.83,0.1182
3359,45,25885,36,2,29.77,push,0,0,0.0,0.0561
3360,28,25447,41,2,140.72,push,1,1,61.49,0.0995
3361,26,53805,8,7,58.66,push,0,0,0.0,0.1537
3362,19,42370,62,9,54.73,sms,0,0,0.0,0.1521
3363,18,16412,18,7,512.51,sms,0,0,0.0,0.1098
3364,23,27958,7,2,212.66,push,1,1,52.13,0.1168
3365,31,61483,60,3,102.19,sms,0,0,0.0,0.154
3366,63,44846,16,4,243.14,sms,0,1,9.41,0.0421
3367,33,51081,41,7,97.67,sms,0,0,0.0,0.1308
3368,42,45695,23,7,90.8,email,0,0,0.0,0.0981
3369,44,96361,14,5,92.32,push,0,0,0.0,0.1805
3370,41,41840,49,2,9.99,email,0,0,0.0,0.0941
3371,39,28807,26,5,43.3,sms,0,1,31.12,0.0767
3372,25,20963,14,5,62.04,email,0,0,0.0,0.0995
3373,57,42182,3,5,136.44,push,0,0,0.0,0.0531
3374,61,8396,67,5,128.81,push,0,0,0.0,0.0
3375,19,32514,1,8,121.05,email,0,0,0.0,0.135
3376,27,32096,59,3,53.29,push,0,0,0.0,0.1136
3377,36,16015,13,5,354.32,email,0,0,0.0,0.0624
3378,28,20806,30,2,118.0,email,0,0,0.0,0.0914
3379,46,59029,76,6,43.58,email,0,0,0.0,0.1108
3380,31,41707,4,4,289.98,email,1,1,38.35,0.1198
3381,65,38602,25,11,97.67,sms,1,0,0.0,0.0261
3382,54,43643,43,8,51.39,sms,0,0,0.0,0.0634
3383,42,38390,42,4,53.94,email,1,0,0.0,0.0855
3384,52,76551,22,4,19.36,email,0,1,23.27,0.1255
3385,53,39107,29,5,186.79,email,1,0,0.0,0.0582
3386,33,15139,42,5,33.43,email,1,0,0.0,0.0687
3387,30,96575,55,4,11.14,email,1,0,0.0,0.2172
3388,40,45351,43,8,44.74,email,0,0,0.0,0.1027
3389,50,25500,13,7,123.76,email,0,0,0.0,0.0424
3390,41,17119,171,7,93.02,push,0,0,0.0,0.0513
3391,21,46053,17,2,139.69,email,0,0,0.0,0.1533
3392,30,33850,1,6,144.69,push,0,0,0.0,0.1088
3393,39,93385,13,7,80.57,email,0,1,5.6,0.1883
3394,39,29509,4,3,94.76,sms,0,0,0.0,0.0779
3395,63,21973,3,5,61.55,push,0,0,0.0,0.0026
3396,23,62160,9,3,147.82,email,1,1,20.6,0.1759
3397,46,63270,1,5,27.57,push,0,0,0.0,0.1181
3398,57,40182,34,5,41.78,email,1,1,19.15,0.0496
3399,67,54492,2,6,145.29,sms,0,0,0.0,0.0484
3400,35,35503,6,2,163.08,email,1,1,28.57,0.0987
3401,45,41786,2,9,241.51,email,0,0,0.0,0.0836
3402,46,73056,1,9,83.66,email,0,0,0.0,0.135
3403,42,52848,9,4,127.52,push,0,0,0.0,0.1105
3404,38,32808,25,4,105.76,email,1,0,0.0,0.0862
3405,45,81749,100,2,72.65,sms,0,0,0.0,0.1526
3406,18,8787,62,3,73.04,push,0,0,0.0,0.0966
3407,48,124398,62,10,201.11,email,1,0,0.0,0.2186
3408,41,13048,5,9,77.64,email,1,0,0.0,0.0443
3409,37,24927,9,8,113.69,push,0,0,0.0,0.0752
3410,64,35434,2,6,54.45,push,0,0,0.0,0.0233
3411,31,33260,45,3,58.68,push,0,0,0.0,0.1052
3412,35,66426,2,6,21.81,email,0,0,0.0,0.1521
3413,63,19250,24,8,33.87,sms,0,0,0.0,0.0
3414,30,42466,8,5,116.31,email,0,0,0.0,0.1237
3415,33,25669,8,5,60.91,push,0,0,0.0,0.0869
3416,38,43350,140,2,51.01,push,0,0,0.0,0.1044
3417,50,34931,42,3,151.86,email,0,0,0.0,0.0587
3418,42,38398,54,8,114.0,email,1,0,0.0,0.0855
3419,24,26109,25,11,82.26,email,1,1,10.11,0.111
3420,33,26741,61,4,26.99,sms,0,1,36.78,0.0887
3421,32,43146,31,5,98.59,email,0,0,0.0,0.1197
3422,39,63973,87,4,82.3,sms,0,0,0.0,0.1375
3423,45,25362,9,3,104.51,email,1,0,0.0,0.0552
3424,45,21563,27,3,100.39,push,1,0,0.0,0.0486
3425,18,52474,35,5,136.56,email,0,0,0.0,0.1721
3426,52,35614,14,4,29.33,email,0,0,0.0,0.0547
3427,43,59772,63,5,79.69,email,1,1,49.29,0.1199
3428,56,21089,117,5,68.09,email,0,0,0.0,0.0192
3429,45,12485,20,2,61.64,email,1,0,0.0,0.0329
3430,53,26375,14,1,216.66,sms,0,0,0.0,0.0362
3431,45,22929,19,1,43.26,push,0,0,0.0,0.051
3432,56,34638,57,1,101.2,email,0,0,0.0,0.0427
3433,46,24782,31,4,36.29,sms,0,0,0.0,0.0516
3434,38,56647,1,7,20.46,email,0,0,0.0,0.1274
3435,67,30549,23,2,82.34,push,0,0,0.0,0.007
3436,50,39746,1,2,121.77,email,0,0,0.0,0.0671
3437,46,39917,45,7,6.59,email,0,0,0.0,0.0777
3438,24,40821,11,1,68.9,sms,0,0,0.0,0.1364
3439,24,35793,19,6,99.35,push,1,0,0.0,0.1277
3440,43,49333,48,7,92.53,email,0,0,0.0,0.1018
3441,41,22530,1,3,101.26,email,0,1,86.08,0.0607
3442,32,84090,5,5,145.56,push,0,0,0.0,0.1904
3443,41,31510,15,7,12.8,sms,0,0,0.0,0.0762
3444,59,16532,7,6,35.37,push,1,0,0.0,0.0036
3445,48,40653,12,11,83.76,email,0,0,0.0,0.0738
3446,26,21791,189,4,63.06,push,1,0,0.0,0.0983
3447,38,54133,52,9,88.86,email,1,1,76.64,0.1231
3448,30,136729,64,9,31.13,push,0,1,106.43,0.2866
3449,35,22653,82,7,96.9,email,1,0,0.0,0.0765
3450,35,44330,12,5,186.82,push,1,0,0.0,0.1139
3451,34,12666,10,3,214.58,sms,1,0,0.0,0.0618
3452,24,47683,7,4,224.72,sms,0,0,0.0,0.1483
3453,38,21344,53,6,52.64,email,1,1,18.57,0.0664
3454,33,24961,34,4,67.63,sms,0,0,0.0,0.0856
3455,18,18755,8,4,156.09,sms,1,0,0.0,0.1139
3456,64,56347,14,7,28.39,sms,0,0,0.0,0.0594
3457,53,66461,21,2,195.06,sms,0,0,0.0,0.1055
3458,35,36828,22,2,85.29,email,1,0,0.0,0.101
3459,40,21619,65,5,68.03,email,0,0,0.0,0.0617
3460,25,94250,14,5,87.83,push,1,0,0.0,0.2262
3461,60,23150,71,3,42.16,push,1,0,0.0,0.0124
3462,62,9924,17,4,72.5,email,0,0,0.0,0.0
3463,41,47812,41,6,148.97,sms,0,0,0.0,0.1044
3464,52,18716,79,4,94.37,email,0,0,0.0,0.0255
3465,42,65720,71,1,220.03,push,0,0,0.0,0.1327
3466,23,28891,1,2,170.64,email,0,0,0.0,0.1184
3467,35,52168,6,3,73.23,push,1,0,0.0,0.1275
3468,41,84195,19,9,196.64,sms,1,1,46.27,0.1673
3469,34,17582,16,3,36.15,email,0,0,0.0,0.0703
3470,37,25859,30,5,44.83,push,0,0,0.0,0.0768
3471,38,34703,86,3,66.74,sms,0,0,0.0,0.0895
3472,39,91357,3,2,29.02,sms,0,0,0.0,0.1848
3473,40,24464,18,5,50.7,email,1,0,0.0,0.0666
3474,27,25420,6,6,59.02,email,0,0,0.0,0.102
3475,31,48382,67,4,146.64,push,0,0,0.0,0.1313
3476,24,25685,100,9,212.75,sms,0,0,0.0,0.1103
3477,51,39795,19,10,151.28,email,0,0,0.0,0.0646
3478,18,14315,3,5,122.13,email,0,0,0.0,0.1062
3479,53,137118,46,5,43.9,sms,0,1,54.92,0.2276
3480,56,16177,35,3,7.23,email,1,0,0.0,0.0108
3481,36,29939,13,6,43.63,email,0,0,0.0,0.0865
3482,18,35614,65,6,27.93,email,0,0,0.0,0.143
3483,35,114417,111,3,123.62,sms,1,0,0.0,0.2351
3484,39,16400,24,5,11.56,email,0,0,0.0,0.0553
3485,27,119398,25,7,178.83,email,1,0,0.0,0.2644
3486,33,57199,10,6,113.52,email,0,0,0.0,0.1414
3487,58,46642,26,7,146.78,sms,0,0,0.0,0.0582
3488,47,20114,17,3,266.05,sms,0,1,89.72,0.0409
3489,28,51158,10,7,145.84,push,1,0,0.0,0.1439
3490,20,23527,2,5,19.08,sms,0,0,0.0,0.1169
3491,36,77652,8,8,79.33,sms,1,0,0.0,0.1689
3492,37,20279,6,8,18.94,sms,0,0,0.0,0.0672
3493,45,33931,23,7,21.84,email,0,0,0.0,0.07
3494,33,26025,27,6,58.76,email,0,0,0.0,0.0875
3495,46,20080,28,6,216.4,email,0,0,0.0,0.0435
3496,63,56658,14,6,61.01,email,1,0,0.0,0.0625
3497,49,50074,16,12,21.91,sms,1,1,29.92,0.0875
3498,39,75012,53,5,98.67,push,0,0,0.0,0.1566
3499,37,12482,19,7,177.82,email,0,0,0.0,0.0537
3500,35,68768,132,4,98.38,sms,0,0,0.0,0.1562
3501,54,163287,17,6,34.45,email,1,1,15.84,0.2702
3502,32,27695,31,6,106.5,sms,0,0,0.0,0.093
3503,40,113220,1,6,21.33,email,0,0,0.0,0.22
3504,40,31011,31,2,53.24,email,1,0,0.0,0.0779
3505,33,15939,57,4,112.23,email,0,0,0.0,0.0701
3506,23,30230,85,4,45.73,push,0,0,0.0,0.1207
3507,43,68112,177,2,37.1,email,0,0,0.0,0.1343
3508,39,21962,9,6,4.77,sms,0,0,0.0,0.0649
3509,46,25331,25,6,43.85,push,0,0,0.0,0.0525
3510,33,51850,17,2,113.49,sms,0,0,0.0,0.1321
3511,54,36382,24,5,12.27,email,0,0,0.0,0.0509
3512,29,51574,5,4,117.05,email,1,1,55.71,0.142
3513,60,41885,58,4,177.57,sms,0,0,0.0,0.0448
3514,19,48425,72,5,161.4,email,0,0,0.0,0.1625
3515,45,28018,17,8,50.97,sms,0,0,0.0,0.0598
3516,45,41732,9,5,62.18,sms,0,0,0.0,0.0835
3517,30,20818,4,5,31.17,sms,0,0,0.0,0.0863
3518,45,78673,34,6,37.51,push,1,1,35.17,0.1473
3519,55,24820,11,4,58.6,push,0,0,0.0,0.0283
3520,18,71489,72,8,103.33,sms,0,0,0.0,0.205
3521,46,31565,33,4,158.52,sms,0,0,0.0,0.0633
3522,18,40994,31,3,43.31,sms,0,0,0.0,0.1523
3523,28,26984,24,9,58.37,push,1,0,0.0,0.1021
3524,59,19740,1,6,55.47,email,0,0,0.0,0.0091
3525,33,12748,80,1,46.17,sms,0,0,0.0,0.0645
3526,25,19279,29,6,161.59,email,0,0,0.0,0.0966
3527,37,29901,153,6,123.79,email,0,0,0.0,0.0838
3528,64,41238,23,2,188.01,push,1,0,0.0,0.0333
3529,18,66584,37,6,95.78,email,0,0,0.0,0.1965
3530,27,27793,1,6,48.79,email,0,0,0.0,0.1061
3531,57,21393,29,3,38.04,email,1,0,0.0,0.0172
3532,62,15281,43,5,9.46,email,0,0,0.0,0.0
3533,38,48437,45,3,40.92,email,0,0,0.0,0.1132
3534,25,83276,44,9,28.94,email,1,1,26.85,0.2072
3535,65,77636,7,6,139.89,sms,0,0,0.0,0.0936
3536,59,55601,111,5,149.84,push,0,0,0.0,0.0711
3537,48,53269,160,9,31.72,email,0,0,0.0,0.0956
3538,30,100566,2,6,77.4,sms,0,0,0.0,0.2241
3539,39,44322,82,5,39.45,email,0,0,0.0,0.1035
3540,38,53512,10,5,185.18,email,1,0,0.0,0.122
3541,43,29957,35,4,46.36,push,0,0,0.0,0.0683
3542,57,16038,12,3,90.95,email,1,0,0.0,0.0079
3543,50,24093,103,5,225.28,email,0,0,0.0,0.04
3544,27,36116,3,3,132.83,email,1,0,0.0,0.1205
3545,56,37664,20,7,88.35,push,0,0,0.0,0.0479
3546,43,115355,16,5,78.93,email,0,0,0.0,0.2159
3547,48,38130,11,4,27.06,email,0,1,49.51,0.0695
3548,57,73666,31,8,62.65,sms,0,0,0.0,0.1075
3549,26,27971,4,3,89.93,email,0,0,0.0,0.109
3550,39,30121,37,4,133.98,email,0,0,0.0,0.079
3551,33,16360,118,3,59.28,email,0,0,0.0,0.0708
3552,21,23262,48,7,113.11,sms,0,0,0.0,0.1139
3553,44,49820,58,3,52.89,sms,0,0,0.0,0.1001
3554,70,36480,13,9,160.59,sms,1,1,134.74,0.0095
3555,18,63944,11,3,118.53,email,0,0,0.0,0.192
3556,39,40487,21,3,138.03,email,0,0,0.0,0.0969
3557,47,29393,1,3,231.85,sms,1,1,100.12,0.057
3558,41,131791,87,3,181.67,email,0,0,0.0,0.2495
3559,38,34325,4,6,34.52,sms,0,0,0.0,0.0889
3560,24,72969,69,8,89.12,sms,0,0,0.0,0.192
3561,42,28546,2,0,187.41,push,0,0,0.0,0.0685
3562,30,55590,51,3,133.81,sms,0,0,0.0,0.1464
3563,18,63374,4,7,24.72,push,1,0,0.0,0.191
3564,54,41154,1,3,40.97,push,0,0,0.0,0.0591
3565,51,8842,38,7,103.17,push,0,1,92.09,0.0111
3566,40,36715,9,2,104.39,sms,0,0,0.0,0.0878
3567,42,75983,37,6,25.34,email,0,0,0.0,0.1505
3568,52,49835,24,4,52.86,email,0,0,0.0,0.0793
3569,42,47453,3,5,141.09,sms,0,0,0.0,0.1012
3570,50,12921,80,3,61.52,sms,0,0,0.0,0.0207
3571,36,23569,18,6,158.61,email,1,1,12.67,0.0755
3572,55,46481,39,6,70.11,sms,0,0,0.0,0.0657
3573,43,46454,20,7,116.77,push,0,0,0.0,0.0968
3574,42,75267,27,3,47.85,email,0,1,37.35,0.1492
3575,24,33292,10,2,150.15,sms,1,0,0.0,0.1234
3576,43,46327,6,8,181.37,sms,0,1,56.52,0.0966
3577,30,36674,23,2,43.1,email,0,0,0.0,0.1137
3578,32,20087,17,8,134.16,email,1,0,0.0,0.0798
3579,30,9381,14,4,140.22,push,1,0,0.0,0.0665
3580,27,47033,33,7,74.25,push,0,1,50.26,0.1394
3581,65,40310,35,4,184.86,push,0,0,0.0,0.0291
3582,55,25061,1,7,14.82,email,1,0,0.0,0.0287
3583,63,13745,12,3,29.38,email,0,0,0.0,0.0
3584,25,52989,15,5,218.99,push,0,0,0.0,0.1549
3585,40,30959,3,6,165.14,push,0,0,0.0,0.0778
3586,24,50722,8,8,49.31,push,0,0,0.0,0.1535
3587,31,111127,1,7,185.51,email,1,1,2.63,0.2398
3588,28,10048,167,5,205.97,sms,0,0,0.0,0.0729
3589,54,23866,40,9,159.02,sms,0,0,0.0,0.0292
3590,35,32028,2,6,107.41,sms,0,0,0.0,0.0927
3591,52,86933,1,9,82.02,sms,0,1,67.99,0.1434
3592,47,13604,38,6,154.54,sms,0,0,0.0,0.0297
3593,67,116019,17,9,75.1,sms,1,0,0.0,0.1548
3594,22,39399,46,5,97.88,email,0,0,0.0,0.1392
3595,55,34282,77,8,43.68,email,0,0,0.0,0.0446
3596,53,32246,27,4,35.54,sms,0,0,0.0,0.0463
3597,28,27951,6,5,94.66,email,0,1,9.04,0.1038
3598,52,68109,45,0,84.29,push,0,0,0.0,0.1109
3599,44,19127,93,2,227.44,push,0,0,0.0,0.047
3600,37,44678,26,2,204.23,push,1,1,10.4,0.1093
3601,30,28839,34,2,31.93,email,0,0,0.0,0.1001
3602,31,22987,12,2,136.86,email,0,0,0.0,0.0874
3603,64,171370,14,2,154.27,email,1,1,68.4,0.2582
3604,40,46696,39,2,73.43,sms,0,0,0.0,0.105
3605,49,52468,78,11,123.68,email,1,0,0.0,0.0917
3606,30,71873,29,6,378.15,email,0,0,0.0,0.1745
3607,30,15478,46,3,74.79,email,1,1,36.37,0.077
3608,52,103919,5,3,11.7,sms,0,0,0.0,0.1728
3609,23,8059,7,5,221.63,sms,0,0,0.0,0.0824
3610,35,22896,22,5,109.48,email,0,0,0.0,0.0769
3611,40,27572,5,2,119.36,email,1,0,0.0,0.072
3612,41,51484,30,5,233.36,push,0,0,0.0,0.1107
3613,37,41408,10,7,31.12,email,1,1,78.98,0.1037
3614,44,32856,47,6,193.89,email,0,0,0.0,0.0707
3615,48,36055,49,3,72.27,email,1,0,0.0,0.0659
3616,48,20194,18,6,5.97,email,0,0,0.0,0.0385
3617,28,14789,5,1,196.76,email,0,0,0.0,0.081
3618,36,56157,31,11,88.13,sms,0,0,0.0,0.1318
3619,54,55062,147,4,167.58,push,1,0,0.0,0.0832
3620,50,93966,29,5,204.52,email,0,1,22.47,0.1608
3621,23,22606,1,4,144.44,sms,0,0,0.0,0.1075
3622,44,55033,1,1,43.75,push,0,0,0.0,0.1091
3623,18,30631,11,5,78.55,email,0,1,24.97,0.1344
3624,40,74182,6,6,83.51,email,0,0,0.0,0.1525
3625,62,67048,50,7,56.58,email,1,0,0.0,0.0831
3626,28,41221,55,6,59.18,push,0,0,0.0,0.1267
3627,29,29622,8,8,143.35,email,0,0,0.0,0.1041
3628,49,64638,11,4,32.95,email,1,1,16.12,0.1127
3629,21,53537,8,11,46.94,sms,1,1,6.73,0.1662
3630,32,24084,71,7,130.84,sms,1,0,0.0,0.0867
3631,47,16371,20,8,167.34,email,0,0,0.0,0.0345
3632,32,30542,32,6,180.48,sms,0,0,0.0,0.0979
3633,37,90151,16,7,201.41,sms,1,1,62.73,0.1879
3634,48,72250,29,2,60.32,sms,1,1,100.73,0.1284
3635,45,18631,14,6,33.36,email,0,0,0.0,0.0436
3636,43,18021,12,3,60.37,sms,1,0,0.0,0.0477
3637,35,78027,30,6,29.77,email,0,0,0.0,0.1722
3638,44,18372,26,6,113.93,push,1,1,91.65,0.0457
3639,38,49294,10,3,141.06,email,1,0,0.0,0.1147
3640,45,25093,4,9,135.18,email,0,0,0.0,0.0547
3641,34,95820,13,3,63.78,email,1,0,0.0,0.2055
3642,37,22873,16,6,137.47,push,0,0,0.0,0.0717
3643,28,72114,29,5,112.49,sms,0,0,0.0,0.1801
3644,39,40575,73,2,169.46,email,0,0,0.0,0.0971
3645,30,42248,1,6,164.2,push,1,1,13.72,0.1233
3646,26,11134,8,6,129.47,push,0,0,0.0,0.0799
3647,43,9684,6,4,282.78,email,1,1,41.04,0.0333
3648,42,31813,20,8,109.26,sms,0,0,0.0,0.0741
3649,49,42114,16,2,40.82,push,0,0,0.0,0.0738
3650,34,18488,39,6,191.98,email,0,1,19.34,0.0719
3651,44,18897,8,7,40.11,email,1,0,0.0,0.0466
3652,46,50862,27,4,95.65,sms,0,0,0.0,0.0967
3653,45,50904,64,4,91.3,sms,1,0,0.0,0.0993
3654,30,33434,72,7,86.36,email,0,0,0.0,0.1081
3655,41,57995,95,5,21.88,email,1,0,0.0,0.122
3656,44,17952,44,1,77.39,push,0,0,0.0,0.045
3657,40,29332,70,3,240.44,email,0,0,0.0,0.075
3658,18,97609,8,5,75.76,push,1,0,0.0,0.2502
3659,41,37835,6,3,10.98,email,0,0,0.0,0.0871
3660,66,39174,1,4,87.62,sms,1,1,27.77,0.0245
3661,35,144866,36,5,135.1,sms,0,0,0.0,0.2877
3662,31,15683,83,4,95.07,email,0,0,0.0,0.0748
3663,44,58562,6,1,63.42,email,1,0,0.0,0.1152
3664,43,98557,30,9,37.13,email,1,0,0.0,0.1869
3665,54,29884,41,3,59.76,sms,0,0,0.0,0.0396
3666,24,60826,78,10,128.76,email,0,0,0.0,0.171
3667,48,20146,31,2,151.93,email,1,1,2.56,0.0384
3668,47,24051,105,2,46.97,email,0,0,0.0,0.0477
3669,38,45751,12,4,166.7,email,0,0,0.0,0.1086
3670,44,58638,12,7,100.29,sms,0,0,0.0,0.1153
3671,52,71151,23,5,109.55,email,0,0,0.0,0.1162
3672,50,93132,14,2,117.81,email,0,0,0.0,0.1593
3673,26,34875,1,6,57.31,email,0,1,47.62,0.121
3674,49,74322,39,6,224.01,sms,1,0,0.0,0.1294
3675,39,29573,41,4,251.11,email,1,1,41.05,0.078
3676,40,62395,41,4,33.18,email,0,1,29.28,0.1322
3677,40,41130,12,3,23.54,sms,0,0,0.0,0.0954
3678,38,47448,22,1,104.81,push,1,1,44.46,0.1115
3679,54,46821,13,5,42.29,email,0,0,0.0,0.0689
3680,38,13865,1,4,131.62,email,1,0,0.0,0.0535
3681,26,18500,24,2,106.22,push,0,0,0.0,0.0927
3682,35,38619,3,2,59.88,push,0,0,0.0,0.1041
3683,42,13195,2,8,22.54,email,0,0,0.0,0.0419
3684,54,59797,42,6,94.27,sms,0,0,0.0,0.0913
3685,47,61263,1,4,13.87,email,0,0,0.0,0.112
3686,29,44192,95,4,150.43,email,0,0,0.0,0.1293
3687,69,18533,21,3,35.11,sms,0,0,0.0,0.0
3688,43,83123,122,3,93.33,email,1,1,22.23,0.1602
3689,55,123293,1,5,34.07,email,1,1,20.44,0.1985
3690,38,39665,26,4,78.06,email,0,0,0.0,0.0981
3691,46,49331,12,7,22.26,push,0,0,0.0,0.094
3692,50,40988,55,7,254.63,push,0,1,182.05,0.0692
3693,54,49922,13,5,94.12,email,1,1,44.63,0.0743
3694,52,33801,9,5,24.45,sms,0,0,0.0,0.0516
3695,50,35570,58,4,42.41,email,1,0,0.0,0.0598
3696,36,62531,14,3,44.98,sms,0,0,0.0,0.1428
3697,33,148356,1,4,132.55,push,0,0,0.0,0.2989
3698,43,15677,14,2,111.11,email,1,0,0.0,0.0436
3699,51,34122,31,2,46.63,email,1,0,0.0,0.0548
3700,37,17885,8,6,54.52,sms,0,1,25.2,0.063
3701,52,94392,16,7,68.48,sms,0,0,0.0,0.1563
3702,57,25523,1,2,43.6,email,0,0,0.0,0.0243
3703,29,15276,26,4,42.68,push,0,1,96.27,0.0793
3704,29,53258,42,7,90.93,push,0,0,0.0,0.1449
3705,38,103423,15,2,144.99,email,1,1,19.92,0.2083
3706,43,54076,16,6,64.59,email,1,1,80.7,0.11
3707,33,41063,2,5,54.6,sms,0,0,0.0,0.1135
3708,56,46419,6,9,92.9,sms,1,0,0.0,0.063
3709,45,84872,5,5,12.37,email,0,0,0.0,0.158
3710,40,21492,19,3,113.78,email,1,0,0.0,0.0615
3711,22,33958,22,5,211.63,email,0,0,0.0,0.1298
3712,24,27677,89,2,85.2,email,1,0,0.0,0.1137
3713,43,18020,2,15,57.2,sms,0,0,0.0,0.0477
3714,18,29821,27,8,61.43,email,0,1,78.45,0.133
3715,52,70589,22,6,38.96,sms,0,1,24.08,0.1152
3716,38,51019,21,4,79.95,email,0,0,0.0,0.1177
3717,78,53454,61,10,182.44,push,0,0,0.0,0.0181
3718,67,39651,6,3,90.65,sms,0,1,9.75,0.0228
3719,37,49711,1,3,85.18,email,1,0,0.0,0.118
3720,38,22463,33,6,100.45,sms,1,1,42.68,0.0683
3721,51,30160,12,5,80.65,email,0,0,0.0,0.0479
3722,60,40749,1,6,58.7,sms,1,0,0.0,0.0428
3723,20,42894,8,5,231.61,push,1,0,0.0,0.1504
3724,18,44007,11,6,142.65,sms,1,0,0.0,0.1575
3725,32,33422,28,6,47.88,push,0,1,291.39,0.1029
3726,46,28956,5,8,112.77,email,0,0,0.0,0.0588
3727,45,241509,15,2,46.54,sms,0,0,0.0,0.4288
3728,52,62571,19,5,46.13,email,0,0,0.0,0.1013
3729,25,46531,18,4,12.19,push,1,0,0.0,0.1437
3730,18,31573,109,2,57.17,email,1,0,0.0,0.136
3731,50,27702,1,6,54.57,email,1,1,48.1,0.0462
3732,30,33574,90,7,87.55,push,0,0,0.0,0.1083
3733,18,43290,26,6,119.93,email,0,1,7.97,0.1563
3734,41,11751,47,9,136.49,email,0,0,0.0,0.042
3735,49,14162,16,4,102.4,sms,0,0,0.0,0.0254
3736,38,24781,18,5,86.95,push,0,0,0.0,0.0724
3737,34,41121,63,3,158.84,sms,0,0,0.0,0.111
3738,38,31458,67,0,72.67,email,0,0,0.0,0.0839
3739,35,88156,8,8,12.72,sms,0,0,0.0,0.1897
3740,23,14921,6,5,54.61,email,0,0,0.0,0.0943
3741,31,23137,20,7,75.34,push,1,1,13.19,0.0877
3742,46,90405,69,7,58.84,sms,0,0,0.0,0.165
3743,43,39287,11,5,13.23,sms,1,0,0.0,0.0844
3744,42,61753,31,2,144.05,sms,1,0,0.0,0.1259
3745,28,124336,36,6,46.72,sms,0,0,0.0,0.2704
3746,37,23949,45,3,55.16,sms,1,1,18.92,0.0735
3747,18,34214,24,9,94.83,email,0,0,0.0,0.1406
3748,42,30839,15,2,102.55,email,1,0,0.0,0.0724
3749,57,11240,102,3,36.28,email,1,0,0.0,0.0
3750,22,30144,28,11,30.22,email,1,1,25.81,0.1232
3751,32,61613,39,6,16.84,email,0,0,0.0,0.1516
3752,43,50229,12,1,132.81,email,1,1,40.75,0.1034
3753,55,52651,33,8,100.29,push,1,0,0.0,0.0764
3754,34,28989,8,8,65.97,email,1,0,0.0,0.09
3755,31,24497,8,8,16.3,push,0,1,25.65,0.09
3756,18,77773,37,3,78.45,push,0,0,0.0,0.2159
3757,41,26946,22,8,263.89,sms,0,0,0.0,0.0683
3758,64,43323,34,7,68.04,email,1,0,0.0,0.0369
3759,43,40054,9,4,73.38,email,0,0,0.0,0.0858
3760,39,87293,27,6,69.16,push,1,0,0.0,0.1778
3761,43,65045,17,7,32.65,push,0,1,18.06,0.129
3762,39,16694,27,2,5.65,push,0,0,0.0,0.0558
3763,30,17809,10,8,131.04,push,0,1,42.06,0.0811
3764,49,51397,37,14,51.42,email,1,1,18.71,0.0898
3765,42,34940,49,6,23.56,sms,0,0,0.0,0.0795
3766,40,27636,9,2,73.23,push,0,0,0.0,0.0721
3767,28,66794,10,3,161.65,email,0,0,0.0,0.1709
3768,55,40638,32,5,45.46,email,0,1,65.14,0.0556
3769,47,37476,35,8,18.37,email,1,0,0.0,0.0709
3770,33,57982,36,5,249.2,email,0,0,0.0,0.1427
3771,52,28996,34,1,77.7,email,0,0,0.0,0.0433
3772,34,93070,14,4,131.9,email,0,0,0.0,0.2008
3773,30,22633,15,7,160.68,sms,0,0,0.0,0.0894
3774,30,53860,8,12,21.8,sms,0,0,0.0,0.1434
3775,18,85845,5,1,42.27,email,0,0,0.0,0.2298
3776,45,15892,35,6,83.81,push,0,0,0.0,0.0388
3777,18,29554,2,2,60.05,push,0,0,0.0,0.1325
3778,25,72065,83,1,40.46,email,0,0,0.0,0.1878
3779,18,72718,52,12,111.61,email,0,0,0.0,0.2071
3780,38,32764,58,5,107.2,email,0,0,0.0,0.0862
3781,38,23369,71,9,103.49,sms,0,0,0.0,0.0699
3782,36,64444,15,3,90.94,sms,0,0,0.0,0.1461
3783,27,73874,56,4,107.27,email,0,0,0.0,0.1858
3784,25,18055,5,3,153.73,email,1,0,0.0,0.0945
3785,45,17635,1,1,53.74,email,0,0,0.0,0.0418
3786,33,41570,46,4,208.62,push,0,0,0.0,0.1144
3787,43,52977,2,6,54.6,email,1,0,0.0,0.1081
3788,29,30350,134,5,85.41,sms,0,0,0.0,0.1053
3789,42,54588,33,4,72.31,email,0,0,0.0,0.1135
3790,55,23716,42,6,30.54,email,0,0,0.0,0.0264
3791,47,10210,8,4,257.12,email,1,0,0.0,0.0238
3792,35,28160,33,2,95.52,sms,1,1,31.36,0.086
3793,43,37719,1,7,90.35,email,1,0,0.0,0.0817
3794,37,30776,54,3,124.69,email,0,0,0.0,0.0853
3795,40,18121,5,3,200.68,sms,1,0,0.0,0.0557
3796,36,12217,35,4,78.01,email,1,0,0.0,0.0558
3797,38,26676,7,4,52.0,sms,1,0,0.0,0.0756
3798,42,62230,2,5,63.14,push,0,0,0.0,0.1267
3799,28,77166,19,1,201.63,email,0,0,0.0,0.1889
3800,27,74059,5,1,173.64,email,1,1,14.77,0.1861
3801,23,22257,39,5,265.16,push,0,0,0.0,0.1069
3802,20,18174,8,2,42.04,sms,1,1,50.73,0.1077
3803,25,48921,12,2,77.03,push,0,0,0.0,0.1478
3804,41,53159,25,7,71.28,sms,0,0,0.0,0.1136
3805,29,46170,10,2,389.71,email,1,1,20.69,0.1327
3806,46,10846,14,5,169.56,sms,0,1,20.01,0.0275
3807,40,21587,50,5,78.03,email,1,0,0.0,0.0616
3808,18,35674,5,6,193.75,email,0,0,0.0,0.1431
3809,47,48646,2,6,72.72,sms,0,1,21.85,0.0902
3810,49,57548,11,3,29.06,sms,0,0,0.0,0.1004
3811,28,39598,16,6,100.74,sms,0,1,36.84,0.1239
3812,45,44288,23,9,51.83,sms,1,0,0.0,0.0879
3813,29,38212,13,3,33.97,email,0,1,25.51,0.1189
3814,41,54795,46,4,37.64,email,0,0,0.0,0.1164
3815,24,43814,1,3,180.58,email,0,1,52.29,0.1416
3816,18,37776,16,4,373.79,sms,0,0,0.0,0.1467
3817,35,30914,14,9,53.09,email,1,0,0.0,0.0907
3818,38,38130,31,3,154.82,email,0,0,0.0,0.0954
3819,35,48569,101,3,101.21,email,0,0,0.0,0.1213
3820,25,42637,21,4,20.86,sms,1,0,0.0,0.137
3821,35,45637,130,6,296.71,email,0,1,60.5,0.1162
3822,43,81278,10,3,228.09,email,0,0,0.0,0.157
3823,39,42578,1,5,87.34,email,0,0,0.0,0.1005
3824,42,24602,5,2,94.88,sms,0,0,0.0,0.0617
3825,31,61707,15,5,147.12,sms,0,1,17.37,0.1543
3826,54,15998,11,4,547.45,email,1,0,0.0,0.0156
3827,25,18980,3,11,117.97,sms,0,0,0.0,0.0961
3828,45,44422,17,5,162.52,email,1,1,41.07,0.0881
3829,54,49505,12,7,22.83,sms,0,0,0.0,0.0735
3830,45,17205,3,5,218.12,sms,1,0,0.0,0.0411
3831,37,28862,10,2,78.3,email,1,0,0.0,0.082
3832,33,25244,65,6,193.35,email,0,0,0.0,0.0861
3833,52,27119,10,5,169.38,sms,0,0,0.0,0.0401
3834,22,63969,37,2,46.33,email,0,0,0.0,0.1816
3835,28,55486,28,5,78.29,push,0,0,0.0,0.1514
3836,35,35901,16,4,67.73,sms,0,0,0.0,0.0994
3837,54,26171,8,4,51.38,sms,0,0,0.0,0.0332
3838,44,16158,13,5,39.34,sms,0,0,0.0,0.0419
3839,28,85144,26,4,131.72,email,0,0,0.0,0.2026
3840,36,51806,12,6,43.55,push,0,1,20.49,0.1243
3841,32,23765,7,4,36.46,push,0,0,0.0,0.0862
3842,31,55924,3,6,87.48,sms,0,0,0.0,0.1444
3843,51,34817,63,5,53.59,sms,0,0,0.0,0.056
3844,23,30568,17,3,74.89,sms,0,1,154.27,0.1213
3845,59,47151,29,3,86.25,push,0,0,0.0,0.0565
3846,49,23274,20,6,203.02,email,1,0,0.0,0.0412
3847,53,29547,61,4,65.91,email,0,0,0.0,0.0417
3848,34,39060,23,5,212.25,sms,0,0,0.0,0.1074
3849,38,26912,19,3,141.73,sms,1,1,20.02,0.076
3850,22,54255,77,6,172.98,sms,1,0,0.0,0.1648
3851,33,111462,38,8,4.93,email,0,0,0.0,0.2352
3852,45,23096,3,1,86.41,push,0,0,0.0,0.0513
3853,55,13372,5,6,70.77,email,1,0,0.0,0.0085
3854,26,10926,46,5,59.19,sms,0,0,0.0,0.0796
3855,35,33180,54,5,115.65,email,0,0,0.0,0.0947
3856,38,24394,23,6,95.07,email,0,0,0.0,0.0717
3857,23,41139,24,9,259.11,sms,0,0,0.0,0.1396
3858,47,39322,29,6,172.95,push,0,1,20.01,0.0741
3859,31,13878,17,7,66.46,push,0,1,87.13,0.0717
3860,37,12222,34,3,53.21,email,0,0,0.0,0.0532
3861,34,43371,3,5,33.73,push,1,0,0.0,0.1149
3862,30,39389,97,4,163.71,sms,0,0,0.0,0.1184
3863,39,28127,41,7,148.82,email,1,0,0.0,0.0755
3864,37,13436,29,2,217.32,sms,0,0,0.0,0.0553
3865,35,48186,11,4,86.21,email,0,0,0.0,0.1206
3866,31,77896,5,8,172.91,push,0,0,0.0,0.1823
3867,43,42906,15,1,145.29,email,0,0,0.0,0.0907
3868,59,21840,32,4,82.28,sms,0,0,0.0,0.0128
3869,41,37299,30,12,98.74,email,0,0,0.0,0.0862
3870,51,15999,14,4,27.98,email,0,0,0.0,0.0234
3871,23,68512,28,8,302.08,email,0,0,0.0,0.1869
3872,41,38143,50,6,91.48,email,1,1,21.23,0.0877
3873,26,12570,1,9,60.11,email,0,0,0.0,0.0824
3874,22,30320,17,7,26.78,email,0,0,0.0,0.1235
3875,31,47953,42,5,251.94,email,1,1,26.66,0.1306
3876,54,29737,23,4,67.61,email,0,0,0.0,0.0394
3877,51,30775,31,8,34.52,push,1,0,0.0,0.049
3878,42,17419,21,2,94.31,push,1,0,0.0,0.0492
3879,21,51017,144,3,120.16,sms,0,0,0.0,0.1618
3880,37,24610,1,2,177.72,email,1,0,0.0,0.0747
3881,43,9958,20,4,15.76,push,1,1,100.85,0.0338
3882,42,29063,2,9,48.36,push,0,0,0.0,0.0694
3883,18,65426,5,5,91.4,email,1,0,0.0,0.1945
3884,29,28791,14,4,112.8,sms,0,1,19.02,0.1026
3885,39,103031,5,5,122.36,push,1,0,0.0,0.205
3886,46,46975,99,6,59.17,push,0,0,0.0,0.0899
3887,18,44500,88,4,44.99,sms,0,0,0.0,0.1584
3888,38,33622,12,6,21.7,email,0,1,26.41,0.0876
3889,41,34857,30,6,105.32,email,0,0,0.0,0.082
3890,50,31006,22,7,29.22,push,1,0,0.0,0.052
3891,48,30291,50,7,70.4,email,1,1,66.37,0.0559
3892,46,49937,29,3,35.3,email,0,0,0.0,0.0951
3893,30,20712,1,5,73.0,sms,1,1,22.93,0.0861
3894,18,19043,43,3,81.47,push,1,1,26.9,0.1144
3895,35,18510,41,5,119.95,email,1,1,76.43,0.0693
3896,52,123920,21,5,23.33,sms,0,1,50.37,0.2074
3897,56,49921,69,4,131.37,email,0,0,0.0,0.0691
3898,48,43594,71,4,136.07,push,0,0,0.0,0.0789
3899,45,19254,22,4,37.85,sms,0,1,29.72,0.0446
3900,44,52786,28,5,35.29,push,1,0,0.0,0.1052
3901,33,33862,169,7,53.67,email,0,0,0.0,0.101
3902,38,41295,10,2,212.55,email,0,0,0.0,0.1009
3903,60,20211,11,4,20.05,email,0,0,0.0,0.0073
3904,28,39981,6,7,128.64,sms,1,1,68.75,0.1246
3905,59,28161,67,2,104.09,email,0,0,0.0,0.0237
3906,36,22939,40,5,230.2,sms,0,1,127.02,0.0744
3907,55,56413,3,10,143.85,email,0,0,0.0,0.0829
3908,23,14434,120,9,5.29,sms,0,0,0.0,0.0934
3909,47,50963,39,6,168.04,email,0,0,0.0,0.0942
3910,31,54758,57,3,51.81,sms,1,1,65.22,0.1423
3911,23,21422,1,10,62.82,sms,0,1,64.16,0.1055
3912,42,22199,21,1,29.42,email,1,1,22.07,0.0575
3913,52,31767,35,11,142.89,email,0,1,28.66,0.0481
3914,29,43011,23,2,17.01,email,0,1,37.83,0.1272
3915,22,33133,32,6,76.92,sms,1,1,14.85,0.1283
3916,38,47105,51,5,235.48,push,0,0,0.0,0.1109
3917,38,104588,14,9,147.86,sms,0,0,0.0,0.2103
3918,46,26778,56,9,112.36,push,0,1,13.07,0.055
3919,51,12976,5,7,57.32,push,1,0,0.0,0.0182
3920,39,59608,9,9,162.0,email,0,1,79.82,0.13
3921,62,99706,1,7,48.05,sms,1,1,39.35,0.1395
3922,42,45966,13,4,124.86,email,0,0,0.0,0.0986
3923,35,18908,14,2,173.53,push,0,1,35.77,0.07
3924,20,33713,49,3,44.94,sms,1,1,40.91,0.1345
3925,36,18562,31,5,89.82,sms,1,0,0.0,0.0668
3926,35,53407,17,4,87.42,email,1,0,0.0,0.1296
3927,51,16142,31,2,133.97,sms,1,0,0.0,0.0237
3928,45,30330,1,2,38.88,sms,0,0,0.0,0.0638
3929,25,19878,5,3,103.36,email,1,1,65.54,0.0976
3930,42,39186,29,1,72.59,email,0,1,40.72,0.0869
3931,48,29149,30,4,181.14,sms,0,0,0.0,0.0539
3932,58,40378,44,4,115.78,email,0,0,0.0,0.0474
3933,50,36805,15,7,121.71,email,1,0,0.0,0.062
3934,49,20090,38,6,109.5,sms,0,0,0.0,0.0357
3935,40,52898,34,1,51.45,email,0,1,55.02,0.1158
3936,44,35268,99,4,41.88,email,0,0,0.0,0.0749
3937,54,20068,7,5,130.21,push,0,0,0.0,0.0227
3938,24,139323,24,5,12.59,email,0,1,92.9,0.3067
3939,35,48332,27,4,48.78,email,0,0,0.0,0.1208
3940,30,33125,198,4,85.36,email,0,0,0.0,0.1075
3941,44,84890,6,9,117.45,email,1,0,0.0,0.1607
3942,54,109654,22,9,27.66,email,1,1,23.13,0.1775
3943,32,33282,12,4,76.03,email,0,0,0.0,0.1026
3944,18,44731,22,7,89.86,email,1,0,0.0,0.1588
3945,35,20074,7,2,78.27,sms,0,1,12.52,0.072
3946,50,33245,1,5,92.17,sms,0,0,0.0,0.0558
3947,46,32227,25,6,55.53,email,0,0,0.0,0.0645
3948,45,40574,12,4,156.65,push,0,0,0.0,0.0815
3949,36,44340,6,1,111.89,push,1,0,0.0,0.1114
3950,24,50812,11,5,73.45,sms,0,0,0.0,0.1537
3951,46,41880,1,2,14.47,email,0,0,0.0,0.0811
3952,29,17563,90,5,101.64,email,0,0,0.0,0.0832
3953,66,20679,26,7,26.55,sms,0,0,0.0,0.0
3954,46,26164,50,3,15.28,email,0,0,0.0,0.054
3955,33,30658,16,4,37.71,email,0,1,30.71,0.0955
3956,32,68218,70,5,113.11,push,0,0,0.0,0.163
3957,38,18074,19,6,113.28,sms,1,0,0.0,0.0608
3958,37,29306,25,6,3.31,email,0,1,188.18,0.0828
3959,53,64331,20,5,111.67,email,1,0,0.0,0.1018
3960,42,30335,39,11,17.54,email,0,0,0.0,0.0716
3961,31,47870,25,4,159.45,email,0,0,0.0,0.1304
3962,62,33398,9,2,136.33,email,0,0,0.0,0.0249
3963,40,42364,4,6,13.88,sms,1,0,0.0,0.0976
3964,49,31663,27,2,100.74,push,0,0,0.0,0.0557
3965,32,54189,20,10,55.59,sms,0,1,26.32,0.1388
3966,44,14370,3,2,157.22,email,0,0,0.0,0.0388
3967,43,29202,15,6,47.39,email,0,0,0.0,0.067
3968,18,43388,21,3,204.2,sms,0,0,0.0,0.1564
3969,64,50021,52,5,142.19,email,1,1,53.8,0.0485
3970,55,88944,2,4,29.09,push,0,0,0.0,0.1391
3971,35,28721,12,5,223.15,email,1,0,0.0,0.087
3972,26,88228,51,5,100.07,email,0,1,19.09,0.2132
3973,44,24454,31,6,77.57,sms,0,0,0.0,0.0562
3974,41,80594,10,2,41.81,email,0,0,0.0,0.161
3975,44,59306,55,5,93.44,sms,1,0,0.0,0.1165
3976,42,20992,20,9,160.05,push,0,0,0.0,0.0554
3977,46,43661,20,6,112.17,sms,0,1,16.73,0.0842
3978,57,35216,112,5,116.73,push,0,1,32.25,0.0411
3979,46,52857,88,4,88.27,email,0,0,0.0,0.1001
3980,27,31762,13,5,181.89,email,0,1,72.29,0.113
3981,56,30201,4,4,100.57,email,0,1,21.44,0.035
3982,59,82574,11,5,43.91,sms,0,0,0.0,0.1177
3983,77,34226,1,4,51.77,sms,0,1,36.27,0.0
3984,26,59626,1,7,83.03,email,0,0,0.0,0.1637
3985,42,31722,15,4,71.21,email,0,1,11.0,0.074
3986,18,98715,84,5,167.12,sms,1,0,0.0,0.2521
3987,46,24173,61,3,118.51,sms,0,0,0.0,0.0505
3988,33,25122,21,3,83.63,email,0,0,0.0,0.0859
3989,63,90645,24,3,48.34,sms,1,1,6.44,0.1213
3990,30,27806,1,5,66.62,push,0,0,0.0,0.0984
3991,19,94906,7,5,60.09,email,1,0,0.0,0.2429
3992,34,62013,1,1,139.05,email,1,1,29.14,0.1471
3993,18,33097,42,1,6.31,push,0,0,0.0,0.1386
3994,49,12234,4,2,47.24,email,1,0,0.0,0.0221
3995,18,35897,60,5,27.05,push,0,0,0.0,0.1435
3996,40,38598,30,5,46.66,email,1,0,0.0,0.091
3997,18,73154,7,0,115.58,email,0,0,0.0,0.2079
3998,36,94189,5,3,118.46,email,0,0,0.0,0.1975
3999,59,24076,29,5,109.95,push,1,0,0.0,0.0166
4000,44,58730,69,4,25.49,email,0,0,0.0,0.1155
4001,29,57482,38,4,89.6,push,0,1,33.31,0.1522
4002,39,69150,12,1,190.75,email,0,0,0.0,0.1464
4003,40,48982,26,2,66.11,email,0,0,0.0,0.109
4004,45,11321,11,6,74.63,email,0,0,0.0,0.0309
4005,23,33082,212,7,51.0,sms,1,0,0.0,0.1256
4006,47,18152,41,6,81.75,email,1,0,0.0,0.0375
4007,18,32158,28,6,87.68,push,0,0,0.0,0.137
4008,32,65382,16,6,83.16,push,1,0,0.0,0.1581
4009,34,43612,28,10,77.65,email,1,1,39.17,0.1153
4010,47,72319,12,11,9.26,sms,0,0,0.0,0.1312
4011,40,44580,1,4,278.99,email,0,0,0.0,0.1014
4012,23,16663,15,3,201.96,push,0,1,26.57,0.0973
4013,28,8002,79,5,128.95,email,0,0,0.0,0.0693
4014,42,39707,29,4,73.14,email,1,0,0.0,0.0878
4015,39,31940,2,2,157.85,email,0,0,0.0,0.0821
4016,33,20207,64,4,125.11,sms,0,0,0.0,0.0774
4017,34,13090,9,3,181.36,email,0,0,0.0,0.0625
4018,48,23368,8,7,64.47,sms,0,1,53.25,0.044
4019,33,32315,10,6,63.86,push,0,0,0.0,0.0984
4020,38,54150,25,7,254.13,email,1,1,14.16,0.1231
4021,66,40667,23,4,165.85,email,0,0,0.0,0.0271
4022,22,95305,20,5,142.01,email,0,0,0.0,0.2358
4023,18,19509,37,2,34.27,email,1,0,0.0,0.1152
4024,49,61613,11,3,46.79,email,1,1,125.73,0.1075
4025,31,37360,45,4,18.36,email,0,0,0.0,0.1123
4026,36,55094,5,4,26.79,push,0,0,0.0,0.1299
4027,30,27947,45,4,72.72,email,0,0,0.0,0.0986
4028,36,69079,32,9,54.57,email,0,0,0.0,0.1541
4029,59,43353,34,8,81.03,email,0,0,0.0,0.0499
4030,49,24157,19,7,102.84,sms,1,0,0.0,0.0427
4031,50,36054,32,4,39.54,email,0,0,0.0,0.0607
4032,23,31453,2,4,108.46,push,0,0,0.0,0.1228
4033,26,48703,57,7,95.83,sms,0,0,0.0,0.1449
4034,18,17892,1,3,49.04,push,0,0,0.0,0.1124
4035,30,35681,4,8,158.91,email,1,0,0.0,0.112
4036,51,46036,25,7,75.83,email,1,0,0.0,0.0753
4037,46,37042,40,4,24.19,email,0,1,33.03,0.0728
4038,37,81484,2,4,28.61,email,0,0,0.0,0.173
4039,39,57780,76,3,138.71,email,1,1,48.89,0.1268
4040,31,36152,109,5,91.64,sms,0,0,0.0,0.1102
4041,42,41357,27,3,74.42,sms,1,1,9.92,0.0906
4042,49,43364,19,7,76.34,sms,0,1,18.91,0.0759
4043,20,46257,40,5,37.71,push,0,0,0.0,0.1562
4044,43,12144,11,9,76.49,sms,0,0,0.0,0.0375
4045,51,30305,20,3,37.52,email,0,0,0.0,0.0482
4046,35,14903,74,5,81.47,sms,0,0,0.0,0.0631
4047,48,78195,93,6,93.4,email,0,0,0.0,0.1387
4048,73,35013,78,4,32.64,sms,0,0,0.0,0.0
4049,38,32337,9,3,46.93,sms,1,0,0.0,0.0854
4050,44,62198,7,8,119.29,sms,0,0,0.0,0.1214
4051,31,46788,10,13,150.12,email,0,0,0.0,0.1286
4052,42,18449,17,1,147.79,email,0,0,0.0,0.051
4053,45,34802,11,4,74.2,sms,1,0,0.0,0.0715
4054,42,29699,14,5,176.83,sms,0,0,0.0,0.0705
4055,27,12749,29,3,46.76,push,0,0,0.0,0.0801
4056,42,24000,43,3,19.0,email,0,0,0.0,0.0606
4057,57,32528,39,4,57.31,sms,0,0,0.0,0.0364
4058,45,33895,50,3,53.37,sms,0,1,76.3,0.0699
4059,51,14923,1,4,44.72,email,0,0,0.0,0.0216
4060,37,72475,1,8,135.56,sms,1,0,0.0,0.1574
4061,48,34157,46,4,85.33,email,0,0,0.0,0.0626
4062,43,37143,22,0,177.93,sms,0,0,0.0,0.0807
4063,28,46183,25,8,55.86,sms,0,0,0.0,0.1353
4064,43,22632,1,2,69.18,sms,1,0,0.0,0.0557
4065,28,47753,8,5,118.44,email,1,1,50.18,0.138
4066,32,29136,30,3,154.0,push,1,1,66.76,0.0955
4067,42,21206,58,4,241.48,push,1,0,0.0,0.0558
4068,43,51229,74,5,70.89,push,0,0,0.0,0.1051
4069,25,88876,20,1,7.16,email,0,0,0.0,0.2169
4070,52,56100,23,9,5.45,email,0,0,0.0,0.0901
4071,46,63182,53,7,306.83,email,1,0,0.0,0.118
4072,31,26572,23,5,66.86,email,0,0,0.0,0.0936
4073,21,13924,21,6,241.76,email,0,0,0.0,0.0977
4074,38,88794,70,3,89.71,sms,1,0,0.0,0.183
4075,34,124580,46,6,190.12,email,1,0,0.0,0.2552
4076,41,91645,71,4,150.13,sms,0,0,0.0,0.1801
4077,35,29688,7,6,31.39,sms,0,0,0.0,0.0886
4078,18,18164,22,5,227.1,push,1,1,22.5,0.1128
4079,35,19160,55,11,38.47,push,0,1,55.13,0.0704
4080,36,13223,3,5,159.89,sms,1,0,0.0,0.0576
4081,47,34049,47,9,135.15,push,0,0,0.0,0.065
4082,31,95168,6,7,173.59,email,1,1,25.02,0.2122
4083,60,33356,49,6,83.88,email,0,1,41.41,0.0301
4084,18,43538,28,6,156.89,email,1,0,0.0,0.1567
4085,55,82897,6,7,41.17,sms,0,0,0.0,0.1287
4086,37,28496,19,5,78.56,sms,0,1,37.31,0.0814
4087,50,123169,34,6,152.13,email,0,0,0.0,0.2113
4088,40,120001,30,6,181.93,push,0,1,40.94,0.2317
4089,53,33568,16,6,40.92,push,0,1,11.08,0.0486
4090,35,25680,68,4,153.36,email,0,0,0.0,0.0817
4091,26,55179,21,7,145.96,email,0,0,0.0,0.156
4092,57,29480,21,4,134.22,push,1,0,0.0,0.0312
4093,38,18143,1,4,68.5,email,0,0,0.0,0.0609
4094,42,78334,76,7,1.87,email,1,0,0.0,0.1545
4095,54,75347,5,0,144.34,email,1,1,27.08,0.1182
4096,27,39867,22,5,183.27,email,0,0,0.0,0.127
4097,47,17022,48,4,203.13,sms,0,0,0.0,0.0356
4098,32,17366,7,3,25.09,email,1,0,0.0,0.0751
4099,38,38728,22,4,10.74,push,0,0,0.0,0.0965
4100,40,26905,8,4,59.55,push,1,0,0.0,0.0708
4101,21,29594,42,7,121.43,sms,0,0,0.0,0.1248
4102,30,67048,24,5,139.4,push,1,0,0.0,0.1662
4103,56,56382,58,8,62.98,email,1,0,0.0,0.0802
4104,50,83024,67,6,73.06,email,1,0,0.0,0.1419
4105,39,20042,31,5,79.26,email,1,0,0.0,0.0616
4106,42,29557,38,6,30.54,push,0,0,0.0,0.0702
4107,36,57261,23,4,118.59,push,0,1,12.71,0.1337
4108,56,47517,14,2,271.15,email,0,0,0.0,0.0649
4109,37,91074,31,5,110.08,sms,0,0,0.0,0.1895
4110,42,46738,71,5,163.45,email,0,0,0.0,0.0999
4111,53,110069,16,9,57.3,email,0,0,0.0,0.1808
4112,30,50212,11,7,61.17,email,1,0,0.0,0.1371
4113,58,68685,14,3,83.64,sms,0,0,0.0,0.0963
4114,21,29908,17,2,62.74,email,0,1,37.17,0.1253
4115,59,36628,2,7,37.53,email,0,0,0.0,0.0383
4116,35,62728,20,5,114.12,email,1,1,22.17,0.1457
4117,37,95586,20,5,41.28,email,0,0,0.0,0.1973
4118,18,56248,26,3,49.89,sms,0,0,0.0,0.1787
4119,34,34547,13,6,148.66,email,0,0,0.0,0.0996
4120,27,82983,28,2,141.94,email,0,0,0.0,0.2015
4121,32,9747,63,5,64.94,sms,0,0,0.0,0.0619
4122,38,15470,93,7,107.7,email,0,0,0.0,0.0563
4123,51,54665,26,4,364.52,push,1,0,0.0,0.0903
4124,42,36624,1,8,6.76,sms,1,0,0.0,0.0824
4125,43,52224,104,8,55.01,email,1,0,0.0,0.1068
4126,26,37746,36,8,146.07,email,0,0,0.0,0.1259
4127,29,51152,12,3,48.55,push,0,1,79.93,0.1413
4128,61,22278,4,4,51.21,email,0,0,0.0,0.0083
4129,31,51138,4,8,20.95,email,0,0,0.0,0.1361
4130,59,65949,5,11,67.96,push,1,1,58.82,0.089
4131,37,75533,1,7,45.6,email,0,1,34.66,0.1627
4132,40,121556,69,8,72.89,email,1,1,28.46,0.2344
4133,52,42043,23,5,64.03,sms,0,0,0.0,0.0658
4134,55,42802,36,5,84.23,push,0,0,0.0,0.0594
4135,38,14560,52,6,83.47,push,1,1,17.75,0.0547
4136,35,26400,47,6,146.86,email,1,0,0.0,0.0829
4137,39,32342,64,0,86.06,push,0,0,0.0,0.0828
4138,44,68199,102,8,49.7,email,0,0,0.0,0.1318
4139,50,25169,17,7,171.12,email,0,0,0.0,0.0419
4140,40,58559,90,5,42.42,email,0,0,0.0,0.1255
4141,47,36280,38,3,151.71,email,0,0,0.0,0.0689
4142,59,32653,2,4,42.97,sms,0,0,0.0,0.0314
4143,44,42164,34,6,371.79,email,0,1,12.7,0.0868
4144,43,28718,34,4,50.39,sms,0,0,0.0,0.0662
4145,21,28073,70,4,176.01,email,0,0,0.0,0.1222
4146,18,13057,14,6,24.5,email,0,0,0.0,0.104
4147,44,31295,26,3,433.24,sms,0,0,0.0,0.068
4148,38,27228,1,3,64.45,sms,0,1,30.96,0.0766
4149,33,26646,12,3,36.76,sms,0,0,0.0,0.0886
4150,42,46635,1,5,112.67,sms,0,1,28.95,0.0997
4151,39,53915,22,7,119.49,email,0,1,44.12,0.1201
4152,53,41744,51,5,90.52,push,0,0,0.0,0.0627
4153,41,65989,6,6,54.97,email,0,1,43.12,0.1358
4154,31,51294,22,2,59.49,sms,0,0,0.0,0.1364
4155,51,30423,6,2,48.26,push,0,0,0.0,0.0484
4156,37,27509,3,5,107.69,email,1,0,0.0,0.0797
4157,46,43813,21,5,56.31,email,1,1,21.12,0.0845
4158,34,51239,2,3,167.47,sms,1,0,0.0,0.1285
4159,32,84011,26,9,137.85,sms,1,0,0.0,0.1903
4160,41,74213,1,4,128.5,email,1,0,0.0,0.15
4161,40,26241,3,6,45.31,push,1,0,0.0,0.0697
4162,45,34159,23,6,33.68,email,0,0,0.0,0.0704
4163,36,54317,26,4,126.79,push,0,1,111.11,0.1286
4164,18,68926,1,8,103.08,email,0,0,0.0,0.2006
4165,34,63791,25,5,117.96,sms,0,1,337.79,0.1502
4166,49,34949,54,5,64.37,email,0,0,0.0,0.0614
4167,36,17112,38,7,52.65,email,0,1,11.1,0.0643
4168,37,19943,4,6,134.37,email,1,1,14.9,0.0666
4169,51,42769,26,6,46.74,email,1,0,0.0,0.0697
4170,31,44593,33,7,148.18,push,1,1,75.9,0.1248
4171,21,18784,1,6,111.48,sms,0,0,0.0,0.1061
4172,38,37299,58,9,51.11,email,1,0,0.0,0.094
4173,34,53036,71,4,110.54,email,1,0,0.0,0.1316
4174,28,18201,57,5,129.42,push,0,0,0.0,0.0869
4175,37,70473,52,10,168.44,push,0,1,98.95,0.1539
4176,45,28954,40,4,50.02,email,0,0,0.0,0.0614
4177,39,77231,30,1,63.38,sms,0,0,0.0,0.1604
4178,43,26368,34,7,188.97,email,0,0,0.0,0.0621
4179,61,19614,49,2,110.93,email,0,1,15.75,0.0037
4180,35,27587,32,7,52.49,email,0,0,0.0,0.085
4181,43,34300,11,6,156.44,sms,1,0,0.0,0.0758
4182,33,28764,14,5,192.54,sms,0,0,0.0,0.0922
4183,29,31901,68,5,94.1,push,0,1,10.34,0.108
4184,32,44372,1,1,157.4,email,1,1,170.21,0.1218
4185,34,32770,36,4,72.1,email,0,0,0.0,0.0965
4186,44,34903,92,7,103.75,email,0,0,0.0,0.0743
4187,68,13022,36,3,111.07,sms,1,0,0.0,0.0
4188,31,45936,153,9,42.69,email,0,0,0.0,0.1271
4189,35,34422,34,6,54.03,sms,0,0,0.0,0.0968
4190,39,95432,1,7,111.87,sms,1,0,0.0,0.1919
4191,44,20666,52,4,254.51,sms,0,0,0.0,0.0497
4192,43,12271,10,4,49.62,email,0,0,0.0,0.0378
4193,55,52619,17,3,78.18,email,1,1,37.1,0.0763
4194,18,44708,11,6,144.65,email,1,1,156.99,0.1587
4195,18,19829,9,2,116.86,sms,0,0,0.0,0.1157
4196,34,14503,16,7,53.85,email,1,0,0.0,0.065
4197,53,91348,14,5,261.2,email,0,1,34.23,0.1485
4198,21,84835,30,1,101.92,push,0,0,0.0,0.2203
4199,18,8164,50,8,95.64,email,0,0,0.0,0.0956
4200,46,27586,10,7,97.2,email,1,0,0.0,0.0564
4201,42,98569,7,1,71.51,email,1,1,29.49,0.1895
4202,26,27292,32,2,261.77,sms,1,0,0.0,0.1078
4203,28,27055,33,3,18.52,email,0,0,0.0,0.1022
4204,28,30648,69,7,71.56,sms,0,0,0.0,0.1085
4205,41,18535,1,4,37.0,sms,1,1,58.23,0.0538
4206,32,13057,57,2,69.62,push,0,0,0.0,0.0677
4207,45,68290,22,6,196.55,email,0,0,0.0,0.1294
4208,18,12018,29,2,284.42,sms,1,0,0.0,0.1022
4209,29,42123,2,7,46.13,email,1,1,96.52,0.1257
4210,26,61817,17,3,98.06,email,0,0,0.0,0.1675
4211,36,15203,7,4,103.1,email,0,0,0.0,0.061
4212,33,20856,8,6,52.37,sms,0,0,0.0,0.0786
4213,49,75200,21,4,102.84,email,1,0,0.0,0.1309
4214,18,49997,50,6,244.17,email,0,0,0.0,0.1679
4215,40,25075,40,5,28.82,email,0,0,0.0,0.0677
4216,46,74708,26,5,107.11,email,1,0,0.0,0.1379
4217,62,74900,23,5,125.19,email,0,0,0.0,0.0967
4218,34,42677,16,7,213.53,email,1,0,0.0,0.1137
4219,43,21160,108,6,52.44,email,0,0,0.0,0.0531
4220,18,28337,24,4,31.99,email,0,0,0.0,0.1304
4221,18,43123,8,5,50.89,email,0,0,0.0,0.156
4222,50,32430,7,6,74.64,sms,0,1,23.94,0.0544
4223,39,63791,28,3,118.12,push,1,1,37.06,0.1372
4224,54,14503,22,6,188.88,sms,0,0,0.0,0.0131
4225,23,14815,1,10,126.0,sms,0,0,0.0,0.0941
4226,46,40478,53,5,44.42,push,0,0,0.0,0.0787
4227,62,27040,36,8,84.17,email,0,0,0.0,0.014
4228,45,24928,32,6,88.99,sms,0,0,0.0,0.0544
4229,43,12571,2,5,105.5,email,0,0,0.0,0.0383
4230,40,36743,13,5,80.52,sms,0,0,0.0,0.0878
4231,21,35184,82,7,117.86,sms,0,0,0.0,0.1345
4232,56,53749,59,7,60.51,push,0,0,0.0,0.0757
4233,32,37848,10,4,207.5,sms,1,0,0.0,0.1105
4234,46,33538,5,6,150.37,email,0,0,0.0,0.0667
4235,21,73585,17,4,119.38,email,0,0,0.0,0.2008
4236,25,16523,13,8,68.71,email,0,0,0.0,0.0918
4237,57,50102,34,4,92.37,sms,0,0,0.0,0.0668
4238,35,13323,101,2,55.03,sms,0,0,0.0,0.0603
4239,57,21960,13,5,163.88,email,1,0,0.0,0.0182
4240,39,17542,1,6,212.49,push,0,0,0.0,0.0572
4241,18,58056,68,4,179.29,push,0,0,0.0,0.1818
4242,50,34917,1,5,24.92,email,1,0,0.0,0.0587
4243,32,36022,91,7,95.93,sms,0,0,0.0,0.1074
4244,48,18694,32,8,20.67,email,0,0,0.0,0.0359
4245,40,30338,85,4,175.81,sms,0,0,0.0,0.0768
4246,21,22969,6,5,78.55,sms,0,1,32.44,0.1134
4247,41,45710,1,6,11.98,push,0,1,17.86,0.1007
4248,66,20037,20,2,82.38,email,0,0,0.0,0.0
4249,45,80650,17,3,223.5,push,0,1,22.49,0.1507
4250,39,13288,12,6,244.77,push,1,0,0.0,0.0499
4251,52,22383,94,3,69.28,sms,1,0,0.0,0.0319
4252,42,99341,51,5,118.28,email,0,0,0.0,0.1908
4253,42,27970,32,8,76.54,sms,0,0,0.0,0.0675
4254,26,16499,5,2,199.9,sms,0,0,0.0,0.0892
4255,42,41416,39,3,103.66,push,0,0,0.0,0.0907
4256,52,27303,38,3,57.03,email,0,0,0.0,0.0404
4257,29,21992,16,7,123.61,email,1,0,0.0,0.0909
4258,57,18816,77,7,123.83,sms,1,0,0.0,0.0127
4259,38,191190,5,7,84.61,email,0,0,0.0,0.36
4260,29,31227,9,3,80.26,sms,0,0,0.0,0.1069
4261,51,11437,1,2,203.32,email,1,0,0.0,0.0155
4262,36,88985,47,4,97.67,sms,0,0,0.0,0.1885
4263,49,52398,29,5,28.47,sms,1,0,0.0,0.0915
4264,36,22928,11,7,41.28,sms,0,0,0.0,0.0743
4265,39,20746,5,5,101.79,sms,0,0,0.0,0.0628
4266,45,54398,1,4,81.83,push,0,1,90.82,0.1054
4267,43,31314,5,9,80.2,push,0,0,0.0,0.0707
4268,18,11434,18,6,30.65,email,0,0,0.0,0.1012
4269,26,106121,8,12,136.16,sms,1,0,0.0,0.2441
4270,51,27990,8,3,110.34,email,0,0,0.0,0.0442
4271,38,89084,62,4,90.91,email,0,1,52.41,0.1835
4272,33,78202,21,6,23.97,push,0,0,0.0,0.1777
4273,23,19918,39,6,46.49,sms,0,0,0.0,0.1029
4274,27,67502,1,4,28.92,sms,0,0,0.0,0.1747
4275,18,24566,13,2,33.95,sms,0,1,29.14,0.1239
4276,38,11848,19,5,37.97,sms,0,0,0.0,0.05
4277,32,28148,6,8,35.86,push,1,0,0.0,0.0938
4278,28,46100,3,6,45.81,email,1,0,0.0,0.1352
4279,39,27511,61,2,265.89,sms,1,0,0.0,0.0745
4280,44,30205,84,4,95.81,email,1,1,9.01,0.0662
4281,65,72123,2,4,72.82,email,1,0,0.0,0.0841
4282,21,38711,12,4,123.7,email,1,1,5.98,0.1406
4283,53,21895,95,2,13.97,email,0,0,0.0,0.0284
4284,51,55338,2,5,82.56,sms,0,1,32.43,0.0914
4285,30,40888,30,8,130.72,sms,0,0,0.0,0.121
4286,42,7998,107,4,248.18,email,1,0,0.0,0.033
4287,34,46958,114,7,85.22,email,0,0,0.0,0.1211
4288,42,45940,19,2,55.69,email,0,0,0.0,0.0985
4289,58,36756,5,3,31.29,email,1,0,0.0,0.0411
4290,47,62008,6,3,85.74,email,1,0,0.0,0.1133
4291,46,24259,66,5,56.03,email,0,0,0.0,0.0507
4292,34,44440,72,4,62.59,push,0,1,20.37,0.1167
4293,22,14183,28,6,90.5,push,0,0,0.0,0.0956
4294,37,46362,43,6,51.23,email,0,0,0.0,0.1123
4295,54,117223,40,4,23.48,email,0,0,0.0,0.1906
4296,21,19991,32,3,104.13,sms,1,0,0.0,0.1082
4297,27,23020,52,2,46.52,push,0,0,0.0,0.0979
4298,41,23718,34,5,144.47,email,1,0,0.0,0.0627
4299,28,39261,22,5,36.22,push,0,0,0.0,0.1233
4300,30,19190,8,3,179.47,email,1,0,0.0,0.0835
4301,34,46758,40,2,54.72,sms,0,1,99.58,0.1207
4302,23,60361,19,3,227.69,email,0,0,0.0,0.1728
4303,28,50041,10,4,22.95,push,0,0,0.0,0.142
4304,48,12568,48,8,166.14,email,0,0,0.0,0.0253
4305,24,65979,35,5,49.52,sms,1,0,0.0,0.1799
4306,20,63730,83,7,18.75,email,0,0,0.0,0.1864
4307,32,59760,5,2,40.51,email,1,0,0.0,0.1484
4308,48,45419,31,7,232.75,sms,0,0,0.0,0.0821
4309,37,41444,8,4,61.51,push,1,0,0.0,0.1038
4310,34,67469,70,3,110.12,push,0,0,0.0,0.1565
4311,40,115163,3,5,62.02,push,0,0,0.0,0.2234
4312,19,20499,32,4,85.4,push,0,0,0.0,0.1143
4313,45,69346,46,7,61.24,push,0,0,0.0,0.1312
4314,44,34484,13,7,44.73,email,1,0,0.0,0.0735
4315,35,33597,92,6,113.56,email,0,0,0.0,0.0954
4316,52,14444,57,6,18.46,email,0,0,0.0,0.0181
4317,26,30611,10,3,31.5,sms,0,0,0.0,0.1136
4318,53,19963,1,9,125.18,push,0,0,0.0,0.0251
4319,41,27493,10,4,78.87,sms,1,1,29.95,0.0693
4320,35,18790,9,7,153.92,sms,0,0,0.0,0.0698
4321,39,27740,66,6,254.55,push,0,0,0.0,0.0749
4322,38,28462,102,1,126.06,push,0,0,0.0,0.0787
4323,54,38486,2,0,254.63,sms,1,0,0.0,0.0545
4324,27,13782,19,5,162.16,push,1,0,0.0,0.0819
4325,30,15255,23,7,61.79,email,0,0,0.0,0.0767
4326,52,45123,2,6,142.41,sms,0,0,0.0,0.0712
4327,32,22505,14,5,218.38,email,1,1,71.59,0.084
4328,50,69197,11,1,110.94,email,0,0,0.0,0.118
4329,60,41571,23,5,123.97,email,0,0,0.0,0.0443
4330,35,52263,32,8,41.17,push,0,0,0.0,0.1276
4331,48,84661,36,9,127.24,email,0,0,0.0,0.1499
4332,26,30157,4,3,86.99,sms,1,0,0.0,0.1128
4333,49,25727,50,3,61.38,email,0,0,0.0,0.0454
4334,42,61268,34,3,172.76,push,0,0,0.0,0.125
4335,45,49301,65,3,21.59,sms,0,0,0.0,0.0966
4336,32,32454,17,7,113.83,email,0,1,84.09,0.1012
4337,20,83690,67,5,143.49,email,0,0,0.0,0.2209
4338,46,31973,60,5,75.42,push,0,0,0.0,0.064
4339,18,37036,17,3,239.7,push,1,0,0.0,0.1455
4340,36,36780,14,7,84.38,sms,0,0,0.0,0.0983
4341,51,20728,81,7,40.36,sms,0,1,16.03,0.0316
4342,42,38046,37,2,39.34,push,0,0,0.0,0.0849
4343,63,83956,79,6,87.42,sms,0,0,0.0,0.1097
4344,52,47428,47,5,34.92,push,0,0,0.0,0.0752
4345,32,36998,28,2,285.54,email,0,0,0.0,0.109
4346,40,32956,3,5,58.61,push,1,0,0.0,0.0813
4347,39,44290,10,1,209.49,sms,0,0,0.0,0.1035
4348,21,56946,104,4,185.85,sms,0,0,0.0,0.1721
4349,28,52341,11,7,107.44,email,0,1,32.11,0.1459
4350,33,29758,2,5,73.86,sms,0,0,0.0,0.0939
4351,18,44128,36,5,86.76,sms,0,0,0.0,0.1577
4352,40,48434,39,2,160.58,email,1,1,6.58,0.108
4353,37,19844,10,5,99.85,sms,0,0,0.0,0.0664
4354,19,40172,10,6,173.96,email,1,1,73.6,0.1483
4355,44,9929,18,3,44.95,push,0,0,0.0,0.0311
4356,48,48509,1,6,110.21,email,0,0,0.0,0.0874
4357,42,53971,46,4,59.24,email,0,1,35.64,0.1124
4358,36,56870,11,5,53.81,email,1,0,0.0,0.133
4359,47,28651,57,4,61.96,sms,0,0,0.0,0.0557
4360,48,43714,48,9,133.73,sms,0,0,0.0,0.0791
4361,43,85337,32,11,119.71,email,0,0,0.0,0.164
4362,30,84817,11,5,10.55,email,0,1,24.31,0.1969
4363,43,35685,21,4,235.44,push,0,0,0.0,0.0782
4364,54,39481,17,5,108.93,push,0,0,0.0,0.0562
4365,32,70724,12,4,49.62,email,1,1,16.14,0.1673
4366,65,14757,56,6,147.46,email,1,0,0.0,0.0
4367,33,29916,19,4,182.06,email,0,0,0.0,0.0942
4368,40,80930,53,5,95.6,push,1,0,0.0,0.1642
4369,31,65193,3,5,81.96,email,0,0,0.0,0.1604
4370,42,45322,4,3,62.9,email,0,0,0.0,0.0975
4371,19,14713,113,2,133.5,email,0,0,0.0,0.1043
4372,33,35244,26,7,126.55,push,1,0,0.0,0.1034
4373,26,25490,21,6,163.15,sms,0,0,0.0,0.1047
4374,41,44294,22,4,142.07,sms,0,0,0.0,0.0983
4375,51,22345,7,4,117.43,sms,0,0,0.0,0.0344
4376,47,19625,38,4,99.8,sms,1,0,0.0,0.0401
4377,18,10520,2,3,106.99,sms,0,1,19.11,0.0996
4378,64,75590,25,5,156.56,email,1,1,71.72,0.0927
4379,43,28570,25,5,148.86,sms,0,0,0.0,0.0659
4380,30,39906,73,0,81.73,sms,0,0,0.0,0.1193
4381,41,36266,22,6,71.81,sms,0,0,0.0,0.0844
4382,42,19140,4,5,259.16,email,0,0,0.0,0.0522
4383,31,17061,25,9,25.28,email,0,0,0.0,0.0772
4384,42,19866,2,4,53.57,push,0,0,0.0,0.0535
4385,32,23531,6,8,103.94,sms,1,0,0.0,0.0858
4386,35,45250,1,7,199.94,sms,0,0,0.0,0.1155
4387,31,22529,21,4,178.36,sms,0,0,0.0,0.0866
4388,22,103558,2,6,94.47,email,1,0,0.0,0.25
4389,41,67257,19,9,26.17,email,1,0,0.0,0.138
4390,47,58983,81,7,57.67,email,0,0,0.0,0.1081
4391,46,33799,38,1,110.31,email,1,0,0.0,0.0672
4392,49,90090,2,7,137.18,push,1,0,0.0,0.1567
4393,43,31862,7,9,190.47,email,0,1,34.52,0.0716
4394,33,35640,33,4,85.94,email,0,1,56.82,0.1041
4395,50,40214,67,5,32.98,email,0,0,0.0,0.0679
4396,23,55331,1,2,25.5,email,0,0,0.0,0.1641
4397,29,53217,50,5,73.21,email,1,1,58.89,0.1449
4398,28,27307,24,2,148.87,email,1,0,0.0,0.1027
4399,52,26375,23,0,86.66,email,1,0,0.0,0.0388
4400,51,53313,94,4,22.47,email,0,0,0.0,0.0879
4401,45,55778,41,5,67.53,email,0,0,0.0,0.1078
4402,52,28680,56,5,185.82,sms,0,0,0.0,0.0427
4403,29,14012,13,5,13.1,email,0,1,26.81,0.0771
4404,44,32067,24,5,69.55,email,1,1,11.35,0.0694
4405,38,52792,28,6,177.69,email,1,0,0.0,0.1208
4406,50,107285,11,8,48.47,push,0,0,0.0,0.1838
4407,38,17698,25,6,94.2,email,0,0,0.0,0.0601
4408,35,28114,8,2,144.48,push,0,0,0.0,0.0859
4409,46,28748,4,5,303.59,email,0,0,0.0,0.0584
4410,50,81918,14,1,151.51,email,0,0,0.0,0.14
4411,31,35562,40,3,34.17,email,0,0,0.0,0.1092
4412,39,21069,74,10,209.57,email,0,0,0.0,0.0633
4413,27,50777,18,3,101.29,sms,0,0,0.0,0.1458
4414,18,28487,30,6,30.17,email,1,0,0.0,0.1307
4415,42,17419,3,3,13.19,push,0,0,0.0,0.0492
4416,47,21254,70,3,25.02,sms,0,0,0.0,0.0429
4417,43,102788,25,6,56.87,email,1,0,0.0,0.1942
4418,18,45730,45,5,82.04,sms,0,0,0.0,0.1605
4419,35,38741,47,5,104.09,sms,1,0,0.0,0.1043
4420,18,31259,8,3,144.4,email,0,1,46.24,0.1355
4421,56,43273,22,4,26.01,email,0,0,0.0,0.0576
4422,26,42965,96,4,49.0,email,0,0,0.0,0.1349
4423,55,43273,2,7,90.38,email,0,1,60.5,0.0602
4424,51,38906,34,3,85.16,email,1,0,0.0,0.063
4425,29,61161,98,2,106.56,sms,0,0,0.0,0.1586
4426,26,36822,10,4,70.39,sms,0,0,0.0,0.1243
4427,44,20195,59,4,164.85,email,0,0,0.0,0.0489
4428,29,25148,81,4,123.07,email,0,0,0.0,0.0964
4429,41,11076,41,2,121.56,email,0,0,0.0,0.0409
4430,34,122527,7,6,28.09,email,0,0,0.0,0.2517
4431,18,60940,12,7,181.41,email,0,1,14.12,0.1868
4432,18,22069,1,7,196.94,email,0,0,0.0,0.1196
4433,42,30665,53,4,27.38,email,0,0,0.0,0.0721
4434,33,24782,56,4,284.48,email,0,1,35.5,0.0853
4435,33,91631,30,4,96.69,email,1,0,0.0,0.2009
4436,48,15491,13,5,55.26,email,1,0,0.0,0.0303
4437,54,38897,2,7,53.21,email,1,1,14.2,0.0552
4438,36,34026,41,6,22.14,email,0,0,0.0,0.0935
4439,35,59641,38,3,213.86,email,0,0,0.0,0.1404
4440,46,34118,73,8,57.59,push,0,0,0.0,0.0677
4441,23,12645,39,4,64.8,sms,1,0,0.0,0.0903
4442,42,31236,52,4,26.18,email,1,0,0.0,0.0731
4443,46,20266,41,1,112.12,email,1,0,0.0,0.0438
4444,48,38091,29,3,90.49,email,0,0,0.0,0.0694
4445,18,85862,16,5,219.39,email,0,1,77.7,0.2298
4446,30,12789,69,6,20.21,email,0,0,0.0,0.0724
4447,29,22468,31,7,107.59,email,0,0,0.0,0.0917
4448,41,26065,15,5,29.11,email,0,0,0.0,0.0668
4449,45,28883,2,8,47.11,push,0,0,0.0,0.0613
4450,57,56617,10,3,90.37,push,1,0,0.0,0.0781
4451,34,32724,23,5,255.77,sms,1,0,0.0,0.0965
4452,34,46605,9,2,7.62,push,0,0,0.0,0.1205
4453,53,24947,7,5,10.75,email,1,0,0.0,0.0337
4454,43,41687,22,2,29.77,sms,1,0,0.0,0.0886
4455,55,57911,5,6,89.14,email,0,0,0.0,0.0855
4456,43,23403,48,7,24.08,push,0,0,0.0,0.057
4457,26,58035,19,3,12.16,sms,1,0,0.0,0.161
4458,24,37474,25,4,113.3,email,0,0,0.0,0.1306
4459,21,68000,4,5,62.58,sms,1,0,0.0,0.1912
4460,47,32181,11,6,181.05,email,0,0,0.0,0.0618
4461,54,45649,15,6,114.48,email,0,0,0.0,0.0669
4462,62,35441,49,5,116.24,push,0,0,0.0,0.0285
4463,50,34278,44,4,47.42,email,0,0,0.0,0.0576
4464,53,42419,7,7,195.21,sms,1,0,0.0,0.0639
4465,33,50115,28,6,33.96,email,0,0,0.0,0.1291
4466,26,17158,8,4,66.52,email,0,0,0.0,0.0903
4467,50,85834,133,5,94.61,sms,1,0,0.0,0.1467
4468,45,11898,91,7,177.39,push,1,0,0.0,0.0319
4469,41,24079,24,3,24.54,email,1,0,0.0,0.0634
4470,44,34318,36,4,118.86,email,0,0,0.0,0.0733
4471,43,46509,48,3,42.85,email,1,0,0.0,0.0969
4472,55,93498,38,6,68.72,sms,0,0,0.0,0.147
4473,55,11908,36,8,174.12,email,0,1,19.27,0.006
4474,46,26779,95,2,69.85,push,0,0,0.0,0.055
4475,50,10136,27,8,68.07,sms,0,0,0.0,0.0159
4476,46,37011,30,1,34.33,email,0,0,0.0,0.0727
4477,34,42745,56,7,33.36,email,0,0,0.0,0.1138
4478,49,94322,33,9,124.08,email,0,0,0.0,0.164
4479,23,39041,39,8,94.75,email,0,0,0.0,0.1359
4480,52,67942,8,3,113.17,push,0,0,0.0,0.1106
4481,25,51549,13,3,69.53,sms,0,0,0.0,0.1524
4482,43,27968,4,5,72.42,sms,1,0,0.0,0.0649
4483,29,15593,21,8,126.44,sms,0,0,0.0,0.0798
4484,46,42830,18,6,95.43,email,0,0,0.0,0.0828
4485,39,14834,175,5,9.28,email,0,0,0.0,0.0526
4486,20,78993,28,14,228.69,email,0,1,11.45,0.2128
4487,45,32950,46,5,51.65,push,0,0,0.0,0.0683
4488,33,74392,12,2,165.9,push,0,0,0.0,0.1711
4489,50,27224,53,8,169.46,sms,1,0,0.0,0.0454
4490,40,42672,28,4,130.66,email,1,0,0.0,0.0981
4491,44,41175,35,4,146.19,sms,1,0,0.0,0.0851
4492,28,35347,10,4,295.51,email,0,0,0.0,0.1166
4493,32,28012,23,6,10.86,sms,1,0,0.0,0.0935
4494,34,45957,30,3,120.86,email,0,0,0.0,0.1193
4495,50,20833,26,6,167.31,email,1,0,0.0,0.0344
4496,60,17576,74,3,20.7,email,1,0,0.0,0.0028
4497,30,76549,68,6,144.49,sms,0,1,18.22,0.1826
4498,52,56179,106,3,32.77,sms,0,0,0.0,0.0903
4499,18,37779,33,6,61.18,email,0,0,0.0,0.1467
4500,25,98625,107,4,73.58,push,1,1,265.32,0.2337
4501,28,30925,53,7,47.31,push,0,0,0.0,0.1089
4502,23,80307,9,5,80.26,sms,0,0,0.0,0.2073
4503,20,40349,16,10,101.31,sms,1,0,0.0,0.146
4504,44,19636,8,7,25.54,email,1,0,0.0,0.0479
4505,37,110064,1,2,186.05,push,1,0,0.0,0.2224
4506,44,65803,6,5,106.46,email,0,0,0.0,0.1277
4507,48,33772,1,6,166.04,email,0,0,0.0,0.0619
4508,43,56179,38,4,95.23,sms,1,0,0.0,0.1136
4509,47,28503,16,5,277.02,email,0,0,0.0,0.0554
4510,39,59724,11,6,173.73,push,0,0,0.0,0.1302
4511,25,8650,43,8,75.2,email,1,0,0.0,0.0782
4512,52,19694,53,7,45.2,email,1,0,0.0,0.0272
4513,32,65352,111,4,46.8,push,0,0,0.0,0.1581
4514,28,31263,30,6,49.34,sms,0,1,18.19,0.1095
4515,37,41131,18,4,155.5,sms,1,0,0.0,0.1032
4516,29,16186,10,5,95.37,email,0,0,0.0,0.0809
4517,34,110053,7,10,261.49,push,0,0,0.0,0.2301
4518,44,74185,7,3,80.35,email,1,0,0.0,0.1422
4519,44,32195,15,3,76.86,email,0,0,0.0,0.0696
4520,29,28486,144,6,55.53,email,0,0,0.0,0.1021
4521,34,67357,1,4,52.45,push,0,0,0.0,0.1563
4522,52,119310,6,6,18.2,email,0,0,0.0,0.1994
4523,45,64360,6,6,192.02,email,1,0,0.0,0.1226
4524,64,133663,37,8,27.57,sms,1,0,0.0,0.193
4525,54,20880,13,7,46.51,sms,0,0,0.0,0.0241
4526,53,22211,18,3,72.59,email,0,0,0.0,0.029
4527,23,17794,4,5,19.35,push,0,0,0.0,0.0992
4528,49,47337,15,3,60.1,email,0,0,0.0,0.0828
4529,39,40350,3,7,34.4,email,1,0,0.0,0.0967
4530,33,33151,22,3,80.01,email,0,0,0.0,0.0998
4531,42,59015,3,4,352.42,email,1,0,0.0,0.1211
4532,51,76069,46,6,67.88,email,0,0,0.0,0.1273
4533,46,14539,25,6,110.74,email,0,0,0.0,0.0339
4534,29,25382,38,8,154.38,email,0,0,0.0,0.0968
4535,48,59402,16,7,50.36,sms,1,0,0.0,0.1062
4536,32,27429,14,4,11.12,sms,0,0,0.0,0.0925
4537,42,22495,3,4,27.52,email,0,0,0.0,0.058
4538,36,66911,22,4,95.46,email,0,0,0.0,0.1504
4539,37,16752,21,6,21.0,email,1,0,0.0,0.0611
4540,49,30304,18,7,86.27,push,1,0,0.0,0.0533
4541,27,44231,40,8,99.24,sms,0,0,0.0,0.1345
4542,63,25737,53,3,32.15,sms,0,0,0.0,0.0091
4543,18,58098,41,4,91.72,email,0,0,0.0,0.1819
4544,32,25814,4,1,58.47,email,1,0,0.0,0.0897
4545,44,84556,29,5,115.32,email,1,1,6.78,0.1601
4546,47,33676,2,5,134.45,email,0,1,139.22,0.0644
4547,38,54326,35,5,49.33,sms,1,0,0.0,0.1234
4548,39,56818,14,1,285.14,sms,0,0,0.0,0.1251
4549,44,24921,4,7,19.73,sms,0,0,0.0,0.057
4550,37,10592,59,3,36.47,push,0,0,0.0,0.0504
4551,56,45091,28,6,48.37,email,0,1,44.8,0.0607
4552,50,37925,13,4,115.04,push,1,0,0.0,0.0639
4553,50,50690,1,3,20.83,sms,0,0,0.0,0.086
4554,28,31700,23,9,210.84,email,0,0,0.0,0.1103
4555,39,28049,77,4,53.56,sms,0,0,0.0,0.0754
4556,36,121186,27,8,64.44,sms,1,1,26.78,0.2442
4557,27,15011,106,6,34.72,email,0,0,0.0,0.084
4558,44,56408,4,2,105.31,email,0,0,0.0,0.1114
4559,33,25725,25,9,139.77,email,0,0,0.0,0.087
4560,47,29689,48,4,64.47,email,0,0,0.0,0.0575
4561,27,30023,22,6,200.42,email,0,0,0.0,0.11
4562,60,22425,2,8,62.24,push,0,1,78.0,0.0112
4563,29,51161,26,9,70.98,sms,0,0,0.0,0.1413
4564,42,83649,28,5,56.59,email,0,0,0.0,0.1637
4565,49,48146,39,7,118.84,email,0,0,0.0,0.0842
4566,33,38639,42,6,87.81,push,0,0,0.0,0.1093
4567,50,20093,44,5,52.84,email,0,1,25.5,0.0331
4568,25,49518,32,6,91.38,email,0,0,0.0,0.1489
4569,57,132430,7,6,123.24,sms,1,1,27.67,0.2091
4570,40,28899,15,6,103.38,email,0,0,0.0,0.0743
4571,32,28981,44,6,50.65,sms,1,0,0.0,0.0952
4572,36,25934,92,5,98.83,email,1,1,6.38,0.0795
4573,49,27074,2,6,40.64,sms,1,1,28.43,0.0478
4574,32,6994,23,3,64.52,sms,0,1,9.81,0.0572
4575,31,46305,11,2,43.37,push,0,0,0.0,0.1277
4576,37,21865,7,11,80.56,push,0,0,0.0,0.0699
4577,25,13819,21,8,127.64,email,0,1,50.09,0.0872
4578,61,57063,27,8,263.17,email,1,1,97.88,0.0684
4579,33,18973,1,1,196.06,email,0,1,8.3,0.0753
4580,49,29637,45,7,284.24,sms,1,0,0.0,0.0522
4581,42,87541,51,6,156.7,sms,0,0,0.0,0.1704
4582,28,15591,101,3,213.12,push,1,0,0.0,0.0824
4583,39,14478,5,9,2.1,email,1,0,0.0,0.052
4584,49,42684,27,7,343.97,email,0,0,0.0,0.0747
4585,37,72380,16,5,76.78,email,1,1,14.0,0.1572
4586,54,14120,12,4,346.68,sms,0,0,0.0,0.0124
4587,52,46379,25,6,252.54,email,1,0,0.0,0.0733
4588,51,51462,45,6,93.97,email,1,0,0.0,0.0847
4589,34,10556,1,1,10.85,sms,1,0,0.0,0.0582
4590,27,58635,104,7,159.01,email,0,0,0.0,0.1594
4591,32,61449,49,4,3.28,email,0,0,0.0,0.1513
4592,42,30119,41,4,139.05,email,1,0,0.0,0.0712
4593,46,76988,42,6,18.45,push,0,0,0.0,0.1418
4594,18,71816,14,2,88.5,push,0,0,0.0,0.2056
4595,39,38633,41,5,153.69,email,0,0,0.0,0.0937
4596,41,27698,14,2,129.99,email,0,0,0.0,0.0696
4597,36,20257,68,5,139.47,sms,0,0,0.0,0.0697
4598,55,35506,5,5,139.56,sms,1,1,15.68,0.0468
4599,45,51116,10,1,162.72,email,0,0,0.0,0.0997
4600,55,29896,24,7,52.58,sms,0,0,0.0,0.0371
4601,37,9715,11,3,192.04,sms,1,1,46.96,0.0489
4602,51,77748,16,4,37.81,push,0,0,0.0,0.1302
4603,59,40706,20,2,190.76,sms,0,0,0.0,0.0454
4604,55,28918,58,5,130.55,email,0,0,0.0,0.0354
4605,26,60736,22,4,96.13,sms,0,0,0.0,0.1657
4606,36,90651,13,6,50.18,email,0,0,0.0,0.1914
4607,35,6760,8,2,24.71,sms,1,0,0.0,0.049
4608,45,47124,15,2,48.12,sms,0,0,0.0,0.0928
4609,48,15429,21,7,50.0,sms,0,1,48.19,0.0302
4610,29,48994,41,2,157.52,email,1,0,0.0,0.1376
4611,40,39212,3,7,27.03,push,1,0,0.0,0.0921
4612,18,53179,7,2,105.42,sms,0,1,28.15,0.1734
4613,57,26915,14,7,118.83,email,0,0,0.0,0.0267
4614,33,11802,13,7,29.1,email,1,0,0.0,0.0629
4615,40,27716,14,6,153.95,email,0,0,0.0,0.0722
4616,36,46356,47,7,109.81,sms,0,0,0.0,0.1148
4617,53,66785,11,7,196.86,email,1,1,31.14,0.106
4618,18,17977,20,4,170.47,email,1,0,0.0,0.1125
4619,39,67254,29,4,107.32,email,1,0,0.0,0.1432
4620,38,24619,7,2,44.87,sms,0,0,0.0,0.0721
4621,34,45137,38,3,45.24,email,0,0,0.0,0.1179
4622,60,26743,23,4,29.15,email,1,0,0.0,0.0186
4623,29,40509,17,5,36.13,push,0,0,0.0,0.1229
4624,49,62014,49,3,121.39,push,0,0,0.0,0.1082
4625,44,17392,8,4,92.24,email,0,0,0.0,0.044
4626,55,24150,64,2,20.73,email,0,0,0.0,0.0271
4627,31,40577,24,6,125.21,sms,0,0,0.0,0.1178
4628,31,153422,28,4,174.77,sms,0,0,0.0,0.3129
4629,53,21635,62,3,182.09,email,0,0,0.0,0.028
4630,45,123510,51,7,17.77,sms,0,1,52.76,0.2248
4631,21,120892,27,5,172.97,email,0,0,0.0,0.2826
4632,33,34255,41,9,123.67,sms,0,0,0.0,0.1017
4633,44,30366,17,7,61.49,sms,0,0,0.0,0.0664
4634,50,23974,23,3,240.79,push,0,0,0.0,0.0398
4635,31,34859,1,4,47.1,email,0,1,19.74,0.1079
4636,18,15614,2,8,1.88,push,0,0,0.0,0.1084
4637,46,34691,53,7,63.71,push,1,0,0.0,0.0687
4638,25,89154,1,5,53.28,push,1,0,0.0,0.2174
4639,18,25168,5,3,116.21,email,0,0,0.0,0.1249
4640,18,31431,47,6,132.6,email,0,0,0.0,0.1358
4641,49,13086,1,2,137.21,push,0,0,0.0,0.0236
4642,41,45453,9,11,90.5,push,0,0,0.0,0.1003
4643,37,42560,26,4,94.53,email,1,0,0.0,0.1057
4644,56,37730,27,7,232.83,email,1,0,0.0,0.048
4645,47,31885,45,7,13.44,email,0,0,0.0,0.0613
4646,59,30465,21,6,141.6,email,0,0,0.0,0.0277
4647,23,49076,21,7,100.39,email,0,0,0.0,0.1533
4648,39,35693,38,4,63.32,email,0,1,135.78,0.0886
4649,20,43869,20,2,79.9,sms,0,0,0.0,0.1521
4650,37,41315,28,8,101.84,email,1,1,47.58,0.1035
4651,37,71257,68,5,39.63,push,0,0,0.0,0.1553
4652,47,54513,15,5,121.71,sms,1,1,19.28,0.1004
4653,40,40770,14,3,131.18,email,1,0,0.0,0.0948
4654,47,90314,1,4,139.49,push,0,0,0.0,0.1623
4655,48,46730,28,2,201.55,sms,0,0,0.0,0.0843
4656,65,79457,1,7,36.28,email,1,1,13.49,0.0968
4657,36,52269,21,6,50.35,email,0,1,10.19,0.1251
4658,28,12026,48,1,25.98,email,0,0,0.0,0.0763
4659,42,79451,23,4,103.17,sms,1,1,46.4,0.1565
4660,30,39383,9,6,70.38,sms,0,0,0.0,0.1184
4661,57,35200,46,7,172.88,email,0,0,0.0,0.041
4662,36,42993,9,6,243.91,email,0,0,0.0,0.109
4663,33,29525,39,4,221.53,sms,1,0,0.0,0.0935
4664,34,41615,28,4,103.7,email,1,0,0.0,0.1118
4665,48,25460,5,10,328.89,email,0,0,0.0,0.0476
4666,38,78007,70,5,120.53,push,0,0,0.0,0.1643
4667,32,33922,6,8,40.75,sms,0,0,0.0,0.1037
4668,59,28866,136,8,39.38,email,1,0,0.0,0.0249
4669,29,20848,1,3,112.93,sms,1,0,0.0,0.0889
4670,40,42670,9,6,140.77,email,0,0,0.0,0.0981
4671,47,40630,6,7,41.71,sms,1,1,30.66,0.0764
4672,20,45846,1,6,75.26,sms,1,1,30.01,0.1555
4673,45,19607,39,5,10.26,sms,0,0,0.0,0.0452
4674,27,13895,35,6,13.61,email,1,0,0.0,0.0821
4675,49,52857,47,2,33.76,email,0,0,0.0,0.0923
4676,28,88502,8,4,74.0,sms,1,1,20.91,0.2085
4677,48,19617,17,4,103.34,sms,0,0,0.0,0.0375
4678,53,94246,32,2,64.41,sms,0,1,30.92,0.1535
4679,50,43059,17,3,50.47,email,1,0,0.0,0.0728
4680,43,36161,35,5,120.95,sms,0,0,0.0,0.079
4681,37,28608,30,5,92.81,sms,1,0,0.0,0.0816
4682,33,15824,3,5,79.49,sms,0,0,0.0,0.0699
4683,57,65685,45,8,30.34,sms,0,0,0.0,0.0937
4684,31,22802,38,3,83.03,push,0,0,0.0,0.0871
4685,27,22745,31,3,55.48,email,0,0,0.0,0.0974
4686,47,65851,5,5,17.41,email,0,0,0.0,0.12
4687,30,11733,9,1,121.96,sms,0,0,0.0,0.0706
4688,28,14557,14,5,169.11,email,0,0,0.0,0.0806
4689,22,35922,9,5,52.71,push,0,0,0.0,0.1331
4690,34,43302,7,3,82.79,email,1,0,0.0,0.1148
4691,39,48573,49,4,35.51,email,0,1,31.37,0.1109
4692,42,30300,30,5,41.97,push,0,0,0.0,0.0715
4693,51,165747,25,4,79.18,email,1,1,54.75,0.2823
4694,46,31674,7,8,159.04,email,1,0,0.0,0.0635
4695,37,31619,75,3,124.2,email,0,1,94.36,0.0868
4696,37,22512,6,5,81.63,push,1,1,37.36,0.071
4697,46,39118,47,7,52.34,email,0,0,0.0,0.0764
4698,55,52521,102,8,38.52,email,1,0,0.0,0.0762
4699,41,74768,38,5,40.94,push,1,1,13.26,0.151
4700,34,14860,148,1,32.62,email,0,0,0.0,0.0656
4701,28,31332,31,4,195.5,sms,0,0,0.0,0.1096
4702,22,47478,7,3,28.41,email,0,0,0.0,0.1531
4703,47,51649,6,4,88.19,email,1,0,0.0,0.0954
4704,46,36458,11,4,244.87,push,0,1,53.84,0.0718
4705,46,50284,1,1,60.59,email,0,0,0.0,0.0957
4706,38,22350,34,3,221.46,email,1,0,0.0,0.0682
4707,56,92479,9,10,104.49,sms,0,0,0.0,0.1426
4708,34,65879,50,2,149.88,sms,0,0,0.0,0.1538
4709,51,16204,13,4,35.64,sms,1,0,0.0,0.0238
4710,39,19052,19,5,88.86,email,1,1,30.33,0.0599
4711,32,19377,101,8,64.52,sms,0,0,0.0,0.0786
4712,47,54545,8,4,37.67,email,0,0,0.0,0.1004
4713,44,16800,38,2,73.63,push,0,0,0.0,0.043
4714,44,29773,42,2,146.41,sms,0,0,0.0,0.0654
4715,40,47706,7,5,98.54,sms,1,0,0.0,0.1068
4716,39,34902,20,4,14.44,email,0,0,0.0,0.0873
4717,68,42418,12,4,40.29,email,1,0,0.0,0.025
4718,54,19158,44,7,16.37,push,0,0,0.0,0.0211
4719,48,51891,29,5,117.5,push,1,0,0.0,0.0933
4720,41,25136,19,3,242.61,email,0,1,45.07,0.0652
4721,52,29888,45,2,88.29,sms,0,0,0.0,0.0448
4722,46,41883,8,4,28.86,email,0,0,0.0,0.0811
4723,40,38632,42,5,17.03,email,1,0,0.0,0.0911
4724,36,36841,60,4,237.33,push,0,0,0.0,0.0984
4725,39,23147,63,3,34.49,push,0,0,0.0,0.0669
4726,18,30341,45,5,46.51,email,0,0,0.0,0.1339
4727,42,36363,15,4,89.77,email,0,1,14.54,0.082
4728,34,15913,120,7,38.57,email,0,0,0.0,0.0674
4729,59,27514,14,8,64.69,email,0,1,20.86,0.0226
4730,40,45826,30,5,121.0,email,1,1,16.86,0.1035
4731,25,16874,5,3,100.37,email,0,0,0.0,0.0924
4732,39,72689,118,7,95.42,email,1,0,0.0,0.1526
4733,27,77789,36,8,75.83,email,1,0,0.0,0.1925
4734,45,17204,41,7,93.2,push,0,0,0.0,0.0411
4735,43,82007,2,6,167.82,email,0,0,0.0,0.1583
4736,51,33317,43,6,30.38,email,1,0,0.0,0.0534
4737,30,46681,44,1,121.84,sms,0,0,0.0,0.131
4738,40,26957,33,3,124.29,push,0,0,0.0,0.0709
4739,23,63185,10,3,28.76,email,0,0,0.0,0.1777
4740,48,46335,20,4,165.84,sms,0,0,0.0,0.0836
4741,46,22281,3,2,54.22,push,0,0,0.0,0.0473
4742,45,18049,19,10,54.23,email,0,0,0.0,0.0425
4743,40,15120,8,4,53.35,sms,0,0,0.0,0.0505
4744,44,40650,12,4,254.63,email,0,0,0.0,0.0842
4745,59,51199,5,7,77.53,push,1,0,0.0,0.0635
4746,36,53668,7,3,65.02,sms,0,0,0.0,0.1275
4747,41,33833,2,4,81.78,push,0,0,0.0,0.0802
4748,26,18138,75,5,73.37,sms,0,1,24.54,0.092
4749,29,24118,22,7,69.08,sms,0,0,0.0,0.0946
4750,41,72504,15,6,57.68,email,1,0,0.0,0.1471
4751,53,27152,22,4,218.72,push,1,0,0.0,0.0375
4752,36,39578,29,4,71.08,sms,0,0,0.0,0.1031
4753,37,19045,76,6,44.4,email,0,0,0.0,0.065
4754,35,44442,5,2,196.91,email,0,1,48.46,0.1141
4755,33,27594,10,3,126.55,sms,0,0,0.0,0.0902
4756,43,68052,111,6,161.58,email,0,0,0.0,0.1342
4757,22,57764,13,2,44.0,sms,0,1,65.53,0.1709
4758,55,26972,1,4,82.92,email,0,0,0.0,0.032
4759,32,33657,4,4,162.17,sms,1,1,35.43,0.1033
4760,48,26090,1,6,222.21,email,1,0,0.0,0.0487
4761,24,15496,137,5,91.2,email,0,0,0.0,0.0927
4762,48,21710,9,4,93.93,email,1,0,0.0,0.0411
4763,48,40901,77,5,119.22,sms,0,0,0.0,0.0743
4764,44,44141,164,9,205.43,email,0,0,0.0,0.0902
4765,28,39700,27,9,110.95,email,0,0,0.0,0.1241
4766,42,30301,1,8,254.15,email,0,0,0.0,0.0715
4767,25,63566,2,7,117.44,push,1,1,15.46,0.1731
4768,36,37726,19,6,97.95,sms,0,0,0.0,0.0999
4769,52,55378,15,5,84.85,email,0,0,0.0,0.0889
4770,49,12528,27,3,86.05,push,1,0,0.0,0.0226
4771,40,3451,17,4,182.75,sms,0,1,10.81,0.0303
4772,28,43056,81,6,67.76,push,0,0,0.0,0.1299
4773,47,15446,22,2,38.02,sms,0,0,0.0,0.0329
4774,40,31969,35,5,56.51,email,0,0,0.0,0.0796
4775,18,30295,68,2,172.43,sms,0,0,0.0,0.1338
4776,49,94130,4,0,44.02,email,0,0,0.0,0.1637
4777,39,46165,7,9,146.08,email,0,1,24.41,0.1067
4778,54,40115,3,2,56.57,sms,1,0,0.0,0.0573
4779,26,60005,4,6,34.18,email,0,0,0.0,0.1644
4780,18,45301,21,5,64.25,email,0,0,0.0,0.1597
4781,43,27595,11,6,168.04,email,0,0,0.0,0.0642
4782,43,69070,16,7,242.13,push,0,1,24.68,0.1359
4783,19,18660,121,6,66.32,email,0,1,201.15,0.1111
4784,28,44088,5,4,153.73,email,0,0,0.0,0.1317
4785,73,14349,23,5,52.54,push,0,0,0.0,0.0
4786,36,41042,3,7,5.88,email,0,0,0.0,0.1057
4787,48,40773,11,4,62.15,push,1,0,0.0,0.074
4788,32,99297,22,2,185.23,email,0,0,0.0,0.2167
4789,18,14200,87,5,23.55,sms,0,0,0.0,0.106
4790,37,25322,14,6,45.04,email,0,0,0.0,0.0759
4791,36,59492,2,6,179.76,email,0,0,0.0,0.1375
4792,35,44408,14,4,108.8,push,0,1,32.47,0.1141
4793,38,40464,4,2,96.86,push,1,0,0.0,0.0995
4794,43,20461,7,5,29.87,sms,0,0,0.0,0.0519
4795,38,25476,28,5,50.56,sms,0,0,0.0,0.0736
4796,24,76651,2,5,85.17,email,0,0,0.0,0.1984
4797,45,35210,18,2,124.2,sms,0,0,0.0,0.0722
4798,18,45488,28,6,333.82,email,1,1,56.74,0.1601
4799,18,33890,16,4,114.73,email,0,0,0.0,0.14
4800,48,17856,1,1,99.79,sms,0,0,0.0,0.0344
4801,46,63594,127,5,114.41,email,0,0,0.0,0.1187
4802,39,49115,13,8,21.24,sms,1,1,123.61,0.1118
4803,23,144839,45,8,137.18,email,1,1,37.04,0.3188
4804,31,19744,11,5,19.56,sms,0,1,6.61,0.0818
4805,36,59488,19,7,212.86,email,0,0,0.0,0.1375
4806,20,16532,14,8,39.15,sms,0,0,0.0,0.1048
4807,31,39911,12,1,31.43,email,0,0,0.0,0.1167
4808,47,65244,1,4,28.23,email,0,0,0.0,0.1189
4809,57,10474,13,5,97.54,email,0,0,0.0,0.0
4810,34,32113,66,1,80.36,email,0,0,0.0,0.0954
4811,49,25901,35,7,123.55,email,0,0,0.0,0.0457
4812,18,23832,4,3,78.41,email,0,1,24.7,0.1226
4813,47,45758,26,3,85.63,email,1,0,0.0,0.0852
4814,30,71140,66,3,22.03,email,0,0,0.0,0.1732
4815,43,33524,36,9,131.62,push,1,0,0.0,0.0745
4816,37,41080,4,4,125.0,email,0,0,0.0,0.1031
4817,55,38893,60,3,149.3,sms,0,0,0.0,0.0526
4818,29,36354,10,1,85.19,sms,1,0,0.0,0.1157
4819,47,18890,18,5,101.05,sms,0,1,30.0,0.0388
4820,36,70619,22,4,132.42,email,0,0,0.0,0.1568
4821,38,43352,57,5,136.14,email,0,0,0.0,0.1045
4822,37,46024,80,8,126.45,sms,0,0,0.0,0.1117
4823,29,22383,79,2,154.31,email,0,0,0.0,0.0916
4824,39,27569,1,2,178.45,email,0,0,0.0,0.0746
4825,39,32673,76,2,69.89,sms,0,0,0.0,0.0834
4826,42,14465,1,1,88.21,email,0,0,0.0,0.0441
4827,41,13189,9,8,132.96,push,0,0,0.0,0.0445
4828,49,25325,21,11,46.34,sms,0,1,43.99,0.0447
4829,51,49687,19,2,38.76,email,1,1,14.84,0.0817
4830,27,24541,27,3,39.72,push,0,0,0.0,0.1005
4831,50,19706,19,2,50.63,sms,0,0,0.0,0.0324
4832,25,22274,81,7,59.92,sms,0,0,0.0,0.1018
4833,47,27633,8,9,122.19,push,0,0,0.0,0.0539
4834,47,29368,9,4,85.44,email,0,1,2.91,0.0569
4835,18,133160,76,4,271.6,sms,0,0,0.0,0.3116
4836,41,68375,2,5,44.06,sms,1,1,6.17,0.1399
4837,34,67162,28,2,342.71,email,0,0,0.0,0.156
4838,30,73214,34,7,140.78,sms,0,0,0.0,0.1768
4839,56,19944,21,4,39.96,email,0,0,0.0,0.0173
4840,32,17441,35,6,15.78,sms,0,0,0.0,0.0752
4841,30,18692,5,5,36.36,email,0,0,0.0,0.0826
4842,40,80878,57,5,15.67,email,0,0,0.0,0.1641
4843,48,26152,4,2,85.85,sms,0,0,0.0,0.0488
4844,38,17140,15,6,128.92,email,0,0,0.0,0.0591
4845,53,28040,2,8,73.78,email,0,0,0.0,0.039
4846,46,31471,23,5,52.9,push,0,0,0.0,0.0631
4847,18,42661,33,3,39.2,email,1,0,0.0,0.1552
4848,33,42216,85,5,198.82,sms,0,0,0.0,0.1155
4849,33,22094,40,9,60.5,sms,0,0,0.0,0.0807
4850,45,54797,23,2,179.7,email,1,1,34.42,0.1061
4851,18,24747,80,7,17.17,sms,0,0,0.0,0.1242
4852,70,33065,19,4,245.02,sms,0,0,0.0,0.0036
4853,46,54833,24,7,100.67,email,0,1,25.02,0.1035
4854,41,24708,27,8,53.55,email,1,0,0.0,0.0644
4855,54,25806,15,3,42.32,email,1,0,0.0,0.0326
4856,68,51792,54,3,105.51,push,0,0,0.0,0.0412
4857,50,21706,6,7,88.62,email,0,0,0.0,0.0359
4858,51,28828,24,6,59.22,email,1,0,0.0,0.0456
4859,41,50688,38,8,17.12,email,0,1,20.39,0.1093
4860,38,124549,70,8,82.59,push,1,1,62.13,0.2448
4861,34,52221,64,4,391.8,sms,0,0,0.0,0.1302
4862,30,48222,21,5,85.45,push,0,0,0.0,0.1336
4863,31,49935,30,6,26.87,push,1,0,0.0,0.134
4864,23,19074,15,3,24.82,push,0,0,0.0,0.1014
4865,39,38923,18,4,19.29,email,0,0,0.0,0.0942
4866,19,35672,71,6,138.02,email,0,0,0.0,0.1405
4867,42,44044,80,5,219.44,push,1,0,0.0,0.0953
4868,39,38944,67,5,31.55,email,0,1,19.32,0.0942
4869,41,45607,4,6,41.69,email,0,0,0.0,0.1006
4870,33,30125,56,6,194.17,email,0,0,0.0,0.0946
4871,76,37615,88,4,124.8,sms,0,0,0.0,0.0
4872,56,17383,13,9,20.12,email,1,0,0.0,0.0128
4873,25,29973,21,6,130.81,sms,1,1,7.03,0.1151
4874,42,83658,45,0,128.4,push,1,0,0.0,0.1637
4875,32,43970,24,2,281.47,email,0,0,0.0,0.1211
4876,27,35862,151,5,72.1,email,0,0,0.0,0.1201
4877,23,113286,18,1,60.89,email,0,0,0.0,0.2643
4878,45,16050,37,5,23.08,email,0,0,0.0,0.0391
4879,31,18663,47,3,87.49,sms,1,0,0.0,0.08
4880,51,101480,20,5,57.1,email,1,0,0.0,0.1712
4881,51,37330,58,7,120.25,push,0,0,0.0,0.0603
4882,56,31396,23,7,131.18,email,1,1,23.63,0.0371
4883,29,17685,15,6,91.73,sms,1,1,37.94,0.0835
4884,45,47506,3,6,227.86,sms,1,0,0.0,0.0935
4885,47,50346,14,1,55.95,sms,1,0,0.0,0.0932
4886,34,18831,39,7,51.78,email,0,0,0.0,0.0725
4887,30,33384,76,6,191.38,email,1,0,0.0,0.108
4888,59,29693,8,5,110.59,email,0,0,0.0,0.0263
4889,42,42344,13,3,73.2,email,0,0,0.0,0.0923
4890,47,18554,5,6,205.83,email,0,0,0.0,0.0382
4891,30,76969,35,3,73.98,email,1,1,43.9,0.1833
4892,25,62912,96,3,52.06,email,1,0,0.0,0.172
4893,33,29204,30,7,65.6,push,1,1,14.82,0.093
4894,38,31893,28,4,72.89,push,0,0,0.0,0.0846
4895,27,33461,24,3,39.13,sms,0,0,0.0,0.1159
4896,39,22765,2,5,76.68,email,1,0,0.0,0.0663
4897,19,27832,39,5,88.06,sms,1,1,27.46,0.127
4898,26,30879,27,4,142.61,email,1,0,0.0,0.114
4899,48,95580,32,6,189.51,sms,0,0,0.0,0.1688
4900,47,64085,68,3,191.51,email,1,0,0.0,0.1169
4901,35,63626,45,3,85.78,email,0,0,0.0,0.1473
4902,27,45340,45,8,47.39,email,0,0,0.0,0.1364
4903,27,18575,78,3,37.08,email,0,0,0.0,0.0902
4904,35,35422,137,8,47.2,sms,0,0,0.0,0.0985
4905,47,65009,26,4,21.82,email,1,1,7.73,0.1185
4906,51,17069,3,7,44.78,email,0,0,0.0,0.0253
4907,34,53206,18,3,419.54,email,0,0,0.0,0.1319
4908,26,146322,46,3,207.59,sms,0,0,0.0,0.3136
4909,43,68671,1,3,96.72,email,0,1,10.81,0.1352
4910,30,84831,1,7,66.72,push,0,1,15.13,0.1969
4911,33,41398,2,7,116.95,sms,0,0,0.0,0.1141
4912,55,64910,39,3,36.27,sms,0,0,0.0,0.0976
4913,49,23606,20,0,71.27,email,0,1,11.21,0.0418
4914,41,58543,13,3,117.53,email,0,0,0.0,0.1229
4915,24,53778,3,5,195.52,sms,0,1,32.98,0.1588
4916,42,43215,39,2,47.58,email,0,1,25.82,0.0938
4917,52,79985,11,7,32.13,push,0,0,0.0,0.1314
4918,35,26284,9,6,48.12,sms,1,1,23.61,0.0827
4919,56,32460,31,5,4.24,email,1,0,0.0,0.0389
4920,55,38456,24,4,43.56,push,1,1,63.63,0.0519
4921,59,19579,13,9,52.46,email,0,0,0.0,0.0088
4922,43,41612,30,6,274.63,email,0,0,0.0,0.0885
4923,47,12947,9,4,98.86,email,0,0,0.0,0.0285
4924,56,68061,47,5,41.71,email,1,1,41.14,0.1004
4925,45,37346,7,10,61.24,sms,0,0,0.0,0.0759
4926,33,26568,5,4,50.97,email,0,0,0.0,0.0884
4927,34,22012,45,3,52.48,sms,0,0,0.0,0.078
4928,42,31547,36,7,118.29,email,1,1,140.2,0.0737
4929,24,54882,6,10,36.65,push,1,0,0.0,0.1607
4930,38,50445,3,5,30.45,push,1,1,43.45,0.1167
4931,53,23781,54,3,169.73,sms,0,1,26.21,0.0317
4932,18,21859,44,3,102.13,sms,1,0,0.0,0.1192
4933,58,53859,11,5,8.25,email,1,0,0.0,0.0707
4934,53,23543,32,8,92.97,email,1,0,0.0,0.0313
4935,34,37644,3,5,31.38,email,0,0,0.0,0.105
4936,46,39114,21,3,25.2,email,0,0,0.0,0.0764
4937,40,43793,1,4,186.67,sms,0,0,0.0,0.1
4938,54,60776,14,4,41.4,email,0,0,0.0,0.093
4939,51,17021,2,6,66.09,sms,0,0,0.0,0.0252
4940,23,11536,19,4,84.45,sms,0,0,0.0,0.0884
4941,47,25836,16,5,191.53,email,0,1,69.14,0.0508
4942,37,107035,17,6,30.4,sms,0,0,0.0,0.2171
4943,40,122186,1,5,105.98,email,0,0,0.0,0.2355
4944,31,108956,13,7,91.13,email,0,0,0.0,0.236
4945,60,32344,42,6,111.06,email,0,0,0.0,0.0283
4946,52,12465,13,6,97.9,email,0,0,0.0,0.0147
4947,31,8903,37,5,67.3,email,1,0,0.0,0.0631
4948,23,25123,13,3,83.41,sms,0,0,0.0,0.1119
4949,35,32246,16,5,229.02,push,0,0,0.0,0.093
4950,45,79250,24,4,106.18,push,0,1,31.39,0.1483
4951,42,61125,90,3,98.88,email,0,0,0.0,0.1248
4952,55,41624,3,3,44.15,push,0,1,55.59,0.0573
4953,49,21292,1,4,265.61,push,1,1,5.04,0.0378
4954,51,20404,28,5,99.72,email,0,0,0.0,0.031
4955,43,42297,89,3,142.61,push,0,0,0.0,0.0896
4956,23,55173,137,4,30.88,push,0,0,0.0,0.1638
4957,37,45941,19,2,55.7,sms,1,0,0.0,0.1115
4958,52,19520,18,2,41.27,email,0,0,0.0,0.0269
4959,39,53658,31,2,123.09,sms,0,0,0.0,0.1197
4960,46,46889,24,4,21.66,email,0,0,0.0,0.0898
4961,36,19102,30,1,125.15,push,1,0,0.0,0.0677
4962,27,22683,62,6,121.12,email,1,1,84.95,0.0973
4963,38,54890,41,9,14.08,push,0,0,0.0,0.1244
4964,43,31548,20,7,117.21,email,0,0,0.0,0.0711
4965,32,94229,18,7,61.72,email,0,0,0.0,0.208
4966,37,49054,30,3,272.57,push,0,1,16.74,0.1169
4967,28,27119,18,6,133.77,push,0,1,47.04,0.1024
4968,53,36093,18,4,60.45,email,0,0,0.0,0.053
4969,36,37723,1,9,89.31,push,0,0,0.0,0.0999
4970,57,23457,5,7,152.91,push,0,0,0.0,0.0207
4971,58,21003,20,5,17.3,push,0,1,46.07,0.0139
4972,39,55316,51,2,80.06,sms,0,1,19.33,0.1225
4973,27,60304,9,4,147.7,push,1,1,37.24,0.1623
4974,18,52170,22,4,66.92,push,1,1,20.9,0.1716
4975,22,90146,12,1,116.68,push,0,0,0.0,0.2269
4976,23,26237,3,10,76.77,email,0,0,0.0,0.1138
4977,56,99167,95,5,15.21,sms,0,0,0.0,0.1542
4978,41,21151,57,7,125.6,push,0,0,0.0,0.0583
4979,44,19779,2,4,188.14,sms,0,0,0.0,0.0481
4980,18,12632,38,6,28.87,push,1,1,62.15,0.1033
4981,25,27792,12,2,90.07,push,0,0,0.0,0.1113
4982,50,26843,158,8,34.13,push,1,0,0.0,0.0448
4983,43,49789,10,4,29.43,email,0,1,26.65,0.1026
4984,38,42038,8,3,51.13,email,0,0,0.0,0.1022
4985,46,17751,25,4,121.02,email,0,1,45.22,0.0394
4986,59,28691,54,5,47.97,sms,0,0,0.0,0.0246
4987,37,29060,6,3,42.52,email,1,0,0.0,0.0823
4988,40,12511,37,4,59.65,email,0,0,0.0,0.046
4989,42,20159,1,3,66.69,email,0,0,0.0,0.054
4990,68,22868,75,3,81.36,push,0,0,0.0,0.0
4991,18,85834,2,7,253.93,email,0,0,0.0,0.2298
4992,48,40736,73,5,298.33,email,0,0,0.0,0.074
4993,38,54030,20,6,84.06,sms,0,0,0.0,0.1229
4994,46,14776,17,9,124.81,email,1,0,0.0,0.0343
4995,32,74349,108,7,13.2,email,1,0,0.0,0.1736
4996,39,79273,139,6,184.81,email,0,0,0.0,0.1639
4997,48,10948,31,8,94.62,sms,0,1,66.14,0.0225
4998,77,23784,4,3,16.04,email,0,0,0.0,0.0
4999,49,48896,21,7,157.37,push,0,0,0.0,0.0855
5000,29,53457,22,5,120.15,email,1,0,0.0,0.1453
