Rep_ID,HCP_ID,Rep_Experience_Years,Territory_Size,HCP_Specialty,HCP_Patient_Volume,HCP_Digital_Affinity,Suggestion_Type,Action_Type,Suggestion_Accepted,Incremental_Actions,Baseline_TRX,Post_TRX,Incremental_TRX,Baseline_NBRX,Post_NBRX,Incremental_NBRX
8,323,17.0,116,Cardiology,79,0.305,Insights,Insights,1,1,15.0,22.26,7.26,7.0,8.79,1.79
62,359,11.3,183,Cardiology,90,0.489,All,All,1,5,15.0,23.41,8.41,5.0,8.4,3.4
53,134,14.4,171,Neurology,80,0.588,All,Call,1,2,18.0,24.92,6.92,3.0,4.44,1.44
36,179,9.2,60,Cardiology,81,0.096,All,All,0,0,11.0,11.27,0.27,5.0,5.06,0.06
35,473,17.5,101,Oncology,95,0.199,All,Call,1,3,18.0,26.68,8.68,5.0,5.87,0.87
69,426,19.6,188,Cardiology,80,0.166,All,Call,1,2,20.0,27.54,7.54,6.0,6.65,0.65
7,207,16.5,42,Oncology,63,0.411,Email,Email,1,5,19.0,27.3,8.3,4.0,7.16,3.16
56,121,12.0,85,Primary Care,71,0.265,Call,Call,0,0,11.0,11.42,0.42,2.0,2.09,0.09
17,151,14.5,38,Primary Care,77,0.376,Insights,Insights,0,0,16.0,17.11,1.11,1.0,1.22,0.22
8,270,17.0,116,Primary Care,86,0.471,Insights,Insights,0,0,13.0,14.3,1.3,3.0,3.09,0.09
43,284,9.7,154,Primary Care,71,0.228,Email,Call,1,0,20.0,24.56,4.56,3.0,3.47,0.47
79,93,19.8,87,Primary Care,92,0.396,Insights,Insights,1,3,11.0,19.47,8.47,2.0,2.9,0.9
59,33,17.8,73,Oncology,98,0.68,Call,Call,0,0,14.0,14.34,0.34,1.0,1.02,0.02
61,248,5.4,66,Cardiology,80,0.411,Call,Call,0,0,15.0,15.8,0.8,4.0,4.18,0.18
58,399,14.5,120,Cardiology,77,0.525,All,Call,1,2,6.0,11.85,5.85,5.0,7.61,2.61
63,77,15.4,190,Neurology,75,0.827,Call,Call,0,0,17.0,18.05,1.05,3.0,3.08,0.08
42,205,17.0,101,Cardiology,72,0.143,Insights,Insights,0,0,17.0,17.65,0.65,2.0,2.39,0.39
11,81,14.7,189,Cardiology,93,0.439,Insights,Insights,0,0,17.0,17.37,0.37,6.0,6.15,0.15
68,122,3.4,153,Neurology,82,0.76,Insights,Insights,1,2,8.0,14.16,6.16,4.0,6.28,2.28
37,307,10.3,187,Neurology,69,0.321,Email,Email,1,1,13.0,14.06,1.06,1.0,2.56,1.56
41,144,8.8,52,Primary Care,71,0.029,Insights,Insights,0,0,22.0,22.68,0.68,6.0,6.08,0.08
30,132,12.2,100,Oncology,73,0.254,Call,Call,1,3,17.0,23.79,6.79,4.0,5.52,1.52
15,498,5.6,103,Oncology,69,0.581,Insights,Insights,1,0,17.0,22.3,5.3,2.0,3.0,1.0
75,87,10.3,91,Oncology,82,0.544,Email,Call,1,1,10.0,12.68,2.68,5.0,5.82,0.82
63,95,15.4,190,Cardiology,84,0.193,All,Insights,0,0,15.0,15.31,0.31,3.0,3.01,0.01
52,465,18.3,191,Neurology,83,0.399,All,Call,1,3,12.0,18.48,6.48,4.0,6.42,2.42
33,276,7.1,115,Neurology,76,0.252,Call,Call,0,0,17.0,17.18,0.18,1.0,1.66,0.66
66,22,3.4,187,Primary Care,76,0.2,Call,Call,1,1,15.0,20.03,5.03,4.0,6.4,2.4
44,213,18.7,26,Cardiology,83,0.393,Call,Call,0,0,11.0,11.47,0.47,1.0,1.51,0.51
36,283,9.2,60,Oncology,79,0.265,All,Email,0,0,12.0,12.07,0.07,4.0,4.44,0.44
37,127,10.3,187,Cardiology,63,0.593,Insights,Insights,1,1,9.0,14.88,5.88,2.0,3.3,1.3
19,275,12.9,81,Cardiology,94,0.648,All,Call,1,2,11.0,18.25,7.25,6.0,7.38,1.38
8,325,17.0,116,Neurology,75,0.759,All,All,1,4,16.0,27.44,11.44,2.0,3.2,1.2
45,126,5.0,150,Oncology,82,0.333,Call,Call,0,0,21.0,21.76,0.76,5.0,5.99,0.99
72,407,5.3,163,Primary Care,87,0.244,Insights,Insights,0,0,11.0,13.51,2.51,5.0,5.06,0.06
6,227,11.4,159,Cardiology,83,0.278,Call,Call,0,0,16.0,16.27,0.27,4.0,4.95,0.95
69,482,19.6,188,Oncology,82,0.164,Insights,Insights,1,0,10.0,14.27,4.27,7.0,7.85,0.85
67,44,8.8,42,Oncology,88,0.174,Call,Call,1,2,14.0,22.21,8.21,2.0,3.53,1.53
23,163,8.9,67,Neurology,77,0.341,All,All,1,8,19.0,31.34,12.34,4.0,7.33,3.33
51,361,15.3,66,Primary Care,77,0.116,Email,Email,1,7,11.0,21.33,10.33,3.0,5.87,2.87
14,448,1.0,123,Neurology,81,0.512,Email,Email,0,0,15.0,15.05,0.05,6.0,6.12,0.12
61,111,5.4,66,Cardiology,80,0.346,Call,Insights,0,0,13.0,13.53,0.53,1.0,1.56,0.56
57,491,6.8,128,Oncology,61,0.387,All,Call,0,0,18.0,18.84,0.84,2.0,2.23,0.23
29,97,12.2,174,Primary Care,81,0.428,Insights,Insights,1,3,18.0,26.7,8.7,1.0,2.83,1.83
6,209,11.4,159,Primary Care,77,0.116,Call,Call,1,4,14.0,23.02,9.02,4.0,6.68,2.68
78,158,19.6,86,Cardiology,88,0.423,Call,Call,1,1,20.0,25.7,5.7,2.0,2.95,0.95
36,213,9.2,60,Cardiology,83,0.393,Call,Call,0,0,9.0,9.85,0.85,0.0,0.4,0.4
72,452,5.3,163,Cardiology,71,0.233,All,Email,0,0,24.0,24.25,0.25,5.0,5.26,0.26
55,367,12.2,128,Primary Care,96,0.438,All,Call,0,0,12.0,12.03,0.03,8.0,8.22,0.22
63,399,15.4,190,Cardiology,77,0.525,All,All,1,2,20.0,24.58,4.58,2.0,3.62,1.62
61,127,5.4,66,Cardiology,63,0.593,All,All,1,8,18.0,28.07,10.07,5.0,8.63,3.63
16,474,15.5,62,Primary Care,65,0.287,Email,Email,0,0,10.0,10.07,0.07,1.0,1.45,0.45
30,218,12.2,100,Cardiology,77,0.354,Call,Call,0,0,12.0,13.26,1.26,6.0,6.0,0.0
38,326,2.6,161,Cardiology,85,0.18,Insights,Call,1,1,19.0,21.22,2.22,2.0,2.08,0.08
40,349,4.2,152,Primary Care,63,0.195,Insights,Insights,1,2,15.0,20.42,5.42,4.0,5.02,1.02
4,332,15.7,136,Primary Care,88,0.31,Email,Email,1,3,18.0,25.15,7.15,3.0,4.8,1.8
44,301,18.7,26,Oncology,79,0.068,All,Email,0,0,10.0,10.16,0.16,2.0,2.05,0.05
13,241,7.9,51,Cardiology,79,0.319,Email,Email,1,2,10.0,14.96,4.96,7.0,7.82,0.82
60,324,13.3,137,Neurology,72,0.393,Call,Call,1,1,16.0,20.58,4.58,3.0,3.8,0.8
55,453,12.2,128,Cardiology,81,0.285,Call,Call,1,4,12.0,18.51,6.51,4.0,6.77,2.77
74,195,19.7,62,Primary Care,84,0.33,All,All,1,3,16.0,23.27,7.27,2.0,4.11,2.11
60,256,13.3,137,Cardiology,82,0.414,All,Email,1,2,21.0,27.17,6.17,6.0,8.05,2.05
30,91,12.2,100,Neurology,80,0.394,Insights,Insights,1,2,13.0,19.25,6.25,4.0,5.06,1.06
78,178,19.6,86,Oncology,75,0.326,All,All,1,6,17.0,27.79,10.79,4.0,7.61,3.61
33,387,7.1,115,Neurology,69,0.094,All,All,1,2,23.0,31.48,8.48,7.0,8.68,1.68
27,321,14.9,28,Oncology,80,0.224,Call,Call,1,4,15.0,20.7,5.7,7.0,9.43,2.43
73,106,9.5,80,Cardiology,97,0.804,All,All,1,6,13.0,23.65,10.65,2.0,4.98,2.98
30,274,12.2,100,Primary Care,79,0.327,Email,Email,1,2,17.0,21.74,4.74,3.0,3.04,0.04
7,406,16.5,42,Primary Care,83,0.594,Insights,Insights,1,0,12.0,16.63,4.63,4.0,5.71,1.71
38,63,2.6,161,Neurology,69,0.409,Email,Email,1,5,9.0,18.71,9.71,2.0,4.6,2.6
64,31,18.8,49,Cardiology,78,0.376,Call,Call,1,0,15.0,17.23,2.23,5.0,5.25,0.25
16,197,15.5,62,Primary Care,70,0.318,Insights,Insights,1,1,11.0,16.31,5.31,2.0,4.4,2.4
38,329,2.6,161,Cardiology,70,0.471,Email,Email,0,0,11.0,11.15,0.15,3.0,3.07,0.07
11,157,14.7,189,Oncology,85,0.547,Call,All,1,5,15.0,21.46,6.46,4.0,5.35,1.35
55,411,12.2,128,Cardiology,82,0.642,Insights,Call,1,2,16.0,19.32,3.32,5.0,5.36,0.36
39,424,16.9,55,Neurology,81,0.381,Insights,Insights,1,2,13.0,20.19,7.19,4.0,5.16,1.16
27,267,14.9,28,Primary Care,84,0.157,Email,Call,0,0,16.0,16.23,0.23,2.0,2.47,0.47
19,190,12.9,81,Primary Care,84,0.621,Email,Email,1,1,19.0,25.59,6.59,3.0,3.95,0.95
46,21,14.6,60,Cardiology,74,0.415,Call,Call,1,1,14.0,19.48,5.48,1.0,2.1,1.1
54,411,18.8,54,Cardiology,82,0.642,All,Insights,1,3,17.0,23.96,6.96,0.0,2.2,2.2
76,448,1.2,80,Neurology,81,0.512,All,All,1,5,21.0,28.38,7.38,3.0,4.43,1.43
35,222,17.5,101,Primary Care,88,0.782,Call,Call,1,2,15.0,21.44,6.44,2.0,3.09,1.09
13,259,7.9,51,Cardiology,78,0.458,All,Email,1,5,14.0,21.5,7.5,10.0,11.75,1.75
67,377,8.8,42,Primary Care,70,0.168,Insights,Insights,0,0,19.0,19.13,0.13,5.0,5.0,0.0
51,348,15.3,66,Oncology,88,0.382,All,All,1,4,9.0,17.03,8.03,1.0,3.65,2.65
57,68,6.8,128,Primary Care,67,0.536,Email,Email,1,2,8.0,13.58,5.58,4.0,4.31,0.31
8,337,17.0,116,Primary Care,80,0.413,Insights,Insights,0,0,15.0,15.12,0.12,1.0,2.3,1.3
25,463,10.3,198,Neurology,64,0.253,Insights,Insights,1,2,24.0,29.35,5.35,3.0,5.28,2.28
62,376,11.3,183,Primary Care,85,0.101,Call,Call,1,5,23.0,32.11,9.11,2.0,5.0,3.0
67,241,8.8,42,Cardiology,79,0.319,Email,Email,1,3,14.0,20.23,6.23,5.0,6.64,1.64
35,262,17.5,101,Neurology,80,0.027,Email,Call,1,3,14.0,18.02,4.02,8.0,9.4,1.4
65,130,4.0,150,Oncology,88,0.424,Call,Call,0,0,21.0,21.18,0.18,2.0,2.24,0.24
68,331,3.4,153,Oncology,80,0.49,Insights,Insights,1,1,18.0,22.54,4.54,8.0,10.26,2.26
31,121,7.9,33,Primary Care,71,0.265,All,All,1,3,10.0,17.68,7.68,5.0,6.54,1.54
72,171,5.3,163,Neurology,79,0.107,Email,Email,0,0,14.0,14.05,0.05,2.0,2.34,0.34
24,133,5.7,177,Oncology,88,0.176,All,Call,0,0,11.0,11.08,0.08,6.0,6.39,0.39
20,168,4.7,153,Oncology,67,0.519,Call,Call,0,0,10.0,10.19,0.19,3.0,3.06,0.06
55,184,12.2,128,Neurology,88,0.178,All,All,1,6,27.0,37.37,10.37,3.0,5.81,2.81
51,42,15.3,66,Oncology,78,0.55,Email,Email,1,1,13.0,17.04,4.04,5.0,6.29,1.29
12,359,13.9,58,Cardiology,90,0.489,All,Call,0,0,10.0,10.19,0.19,7.0,7.17,0.17
67,221,8.8,42,Neurology,71,0.5,All,Call,1,1,17.0,21.08,4.08,4.0,5.1,1.1
16,475,15.5,62,Cardiology,80,0.758,All,All,0,0,13.0,13.24,0.24,3.0,3.05,0.05
65,91,4.0,150,Neurology,80,0.394,All,Email,0,0,12.0,12.82,0.82,3.0,3.14,0.14
1,335,18.1,130,Neurology,87,0.039,Call,Call,0,0,16.0,16.65,0.65,3.0,3.14,0.14
64,90,18.8,49,Neurology,69,0.307,All,Call,1,4,17.0,21.58,4.58,4.0,6.12,2.12
63,274,15.4,190,Primary Care,79,0.327,Insights,Call,0,0,15.0,15.39,0.39,3.0,3.07,0.07
63,246,15.4,190,Primary Care,86,0.14,Call,Call,0,0,19.0,19.17,0.17,2.0,2.13,0.13
54,225,18.8,54,Primary Care,78,0.565,All,Email,1,2,15.0,20.19,5.19,1.0,3.35,2.35
38,328,2.6,161,Cardiology,83,0.37,Call,Call,0,0,10.0,10.14,0.14,4.0,4.08,0.08
57,415,6.8,128,Primary Care,79,0.153,Call,Call,0,0,16.0,16.38,0.38,9.0,9.32,0.32
23,159,8.9,67,Cardiology,86,0.338,All,Insights,1,1,13.0,17.61,4.61,6.0,7.14,1.14
63,425,15.4,190,Cardiology,86,0.128,Call,Insights,0,0,9.0,9.04,0.04,7.0,7.32,0.32
45,93,5.0,150,Primary Care,92,0.396,Email,Email,0,0,15.0,15.16,0.16,2.0,2.22,0.22
37,147,10.3,187,Cardiology,86,0.24,Call,Call,0,0,15.0,15.39,0.39,6.0,6.16,0.16
41,156,8.8,52,Cardiology,82,0.277,All,All,1,4,18.0,26.62,8.62,3.0,4.79,1.79
46,477,14.6,60,Primary Care,81,0.627,All,Call,1,4,26.0,31.73,5.73,2.0,4.53,2.53
3,60,1.5,33,Neurology,96,0.578,Email,Email,0,0,21.0,22.13,1.13,4.0,4.01,0.01
12,198,13.9,58,Oncology,69,0.558,Insights,Email,1,2,16.0,18.96,2.96,4.0,4.36,0.36
20,213,4.7,153,Cardiology,83,0.393,Insights,Insights,0,0,13.0,13.07,0.07,7.0,7.05,0.05
10,401,19.4,180,Primary Care,88,0.017,Insights,Insights,0,0,12.0,12.79,0.79,6.0,6.05,0.05
36,243,9.2,60,Oncology,79,0.327,Insights,Insights,0,0,10.0,10.11,0.11,4.0,4.07,0.07
54,484,18.8,54,Oncology,81,0.394,All,All,1,3,16.0,21.95,5.95,3.0,5.52,2.52
53,371,14.4,171,Oncology,79,0.598,Call,Call,1,6,16.0,26.83,10.83,2.0,4.36,2.36
38,352,2.6,161,Oncology,76,0.756,Call,Call,1,1,16.0,22.4,6.4,5.0,5.81,0.81
69,377,19.6,188,Primary Care,70,0.168,Insights,Insights,0,0,13.0,13.11,0.11,3.0,3.25,0.25
46,81,14.6,60,Cardiology,93,0.439,Call,Call,0,0,9.0,9.14,0.14,7.0,7.3,0.3
7,225,16.5,42,Primary Care,78,0.565,Call,Call,1,3,12.0,19.22,7.22,4.0,6.04,2.04
62,294,11.3,183,Neurology,81,0.318,Email,Email,1,9,18.0,29.55,11.55,3.0,8.71,5.71
46,105,14.6,60,Cardiology,70,0.342,Email,Insights,1,1,21.0,25.96,4.96,4.0,4.13,0.13
51,60,15.3,66,Neurology,96,0.578,All,Call,1,2,16.0,24.33,8.33,2.0,3.67,1.67
46,68,14.6,60,Primary Care,67,0.536,Email,Email,0,0,19.0,21.32,2.32,1.0,1.19,0.19
45,395,5.0,150,Primary Care,82,0.363,Insights,Insights,0,0,13.0,14.34,1.34,4.0,4.1,0.1
8,329,17.0,116,Cardiology,70,0.471,All,Call,1,3,13.0,21.28,8.28,6.0,8.31,2.31
45,141,5.0,150,Cardiology,68,0.434,Email,Email,0,0,14.0,14.04,0.04,6.0,6.14,0.14
64,369,18.8,49,Oncology,91,0.499,Email,Insights,0,0,17.0,17.15,0.15,4.0,4.1,0.1
25,348,10.3,198,Oncology,88,0.382,Call,Call,1,5,14.0,22.53,8.53,7.0,9.37,2.37
49,409,14.2,24,Primary Care,87,0.647,Insights,Insights,1,0,14.0,18.97,4.97,5.0,6.88,1.88
3,456,1.5,33,Cardiology,75,0.223,Call,Call,0,0,16.0,16.01,0.01,1.0,1.01,0.01
28,442,19.3,22,Neurology,86,0.281,Insights,Email,0,0,14.0,14.18,0.18,4.0,4.08,0.08
35,91,17.5,101,Neurology,80,0.394,Email,Email,1,3,8.0,12.61,4.61,0.0,1.5,1.5
79,385,19.8,87,Primary Care,88,0.763,Email,Email,1,4,18.0,26.58,8.58,8.0,11.68,3.68
18,197,7.3,45,Primary Care,70,0.318,Email,Email,0,0,22.0,22.05,0.05,5.0,5.01,0.01
23,202,8.9,67,Oncology,69,0.55,Call,Call,0,0,14.0,14.45,0.45,6.0,6.53,0.53
33,324,7.1,115,Neurology,72,0.393,Call,Call,1,2,20.0,25.15,5.15,6.0,7.01,1.01
80,302,5.0,190,Primary Care,86,0.283,All,Insights,1,2,20.0,26.77,6.77,7.0,8.84,1.84
69,210,19.6,188,Neurology,81,0.65,Email,Email,1,4,15.0,22.64,7.64,6.0,8.86,2.86
3,500,1.5,33,Neurology,86,0.438,Insights,Insights,1,8,16.0,29.37,13.37,4.0,7.29,3.29
19,88,12.9,81,Neurology,81,0.53,Insights,Insights,1,4,20.0,28.82,8.82,5.0,7.96,2.96
66,49,3.4,187,Primary Care,72,0.425,Insights,Insights,0,0,22.0,22.82,0.82,5.0,5.05,0.05
5,15,14.3,123,Primary Care,71,0.274,Insights,Insights,1,1,9.0,12.1,3.1,3.0,4.35,1.35
69,408,19.6,188,Cardiology,85,0.605,Email,Email,1,2,15.0,21.18,6.18,6.0,7.51,1.51
23,204,8.9,67,Primary Care,73,0.492,Insights,Insights,1,2,15.0,21.33,6.33,5.0,6.36,1.36
74,219,19.7,62,Neurology,73,0.039,Call,Call,1,0,16.0,22.66,6.66,4.0,4.36,0.36
24,325,5.7,177,Neurology,75,0.759,All,Insights,1,1,17.0,24.95,7.95,4.0,4.51,0.51
35,218,17.5,101,Cardiology,77,0.354,Email,Email,1,5,15.0,22.02,7.02,4.0,6.84,2.84
53,287,14.4,171,Neurology,72,0.386,All,All,1,2,22.0,26.95,4.95,4.0,5.69,1.69
11,30,14.7,189,Neurology,91,0.336,Insights,Insights,0,0,18.0,18.57,0.57,3.0,3.17,0.17
45,79,5.0,150,Neurology,91,0.237,Insights,Insights,0,0,11.0,11.24,0.24,3.0,3.16,0.16
41,467,8.8,52,Neurology,82,0.399,Email,Email,1,1,18.0,23.65,5.65,4.0,5.2,1.2
63,226,15.4,190,Primary Care,76,0.391,Insights,Insights,0,0,12.0,12.23,0.23,2.0,2.03,0.03
80,84,5.0,190,Cardiology,89,0.343,All,Call,0,0,12.0,12.39,0.39,4.0,4.07,0.07
54,185,18.8,54,Cardiology,94,0.671,Call,Call,1,1,11.0,16.51,5.51,3.0,5.34,2.34
33,168,7.1,115,Oncology,67,0.519,Call,All,1,5,14.0,20.95,6.95,6.0,7.46,1.46
33,138,7.1,115,Neurology,74,0.142,Email,Email,0,0,9.0,9.25,0.25,5.0,5.05,0.05
34,147,1.0,82,Cardiology,86,0.24,Call,Call,1,2,11.0,15.65,4.65,2.0,3.49,1.49
66,365,3.4,187,Primary Care,94,0.448,All,All,0,0,15.0,15.09,0.09,3.0,3.02,0.02
26,54,8.4,99,Primary Care,70,0.118,Call,Call,0,0,14.0,15.22,1.22,3.0,3.04,0.04
14,155,1.0,123,Primary Care,70,0.546,All,Insights,1,2,13.0,19.63,6.63,1.0,2.53,1.53
27,234,14.9,28,Neurology,83,0.397,All,All,1,2,18.0,24.27,6.27,5.0,5.92,0.92
2,271,6.3,75,Neurology,87,0.401,Insights,Insights,0,0,12.0,12.6,0.6,3.0,3.09,0.09
9,441,12.2,167,Oncology,82,0.069,Insights,Insights,0,0,10.0,10.12,0.12,2.0,2.15,0.15
8,462,17.0,116,Primary Care,65,0.088,Insights,Insights,0,0,16.0,16.38,0.38,8.0,8.21,0.21
62,149,11.3,183,Neurology,68,0.531,Insights,Insights,0,0,19.0,19.4,0.4,5.0,5.09,0.09
58,270,14.5,120,Primary Care,86,0.471,Email,Email,1,5,13.0,24.02,11.02,7.0,9.32,2.32
56,12,12.0,85,Neurology,80,0.218,All,All,1,1,12.0,16.71,4.71,6.0,7.27,1.27
37,309,10.3,187,Primary Care,92,0.488,All,All,1,7,10.0,20.95,10.95,3.0,6.63,3.63
58,77,14.5,120,Neurology,75,0.827,Call,Call,1,1,15.0,18.63,3.63,2.0,3.7,1.7
13,37,7.9,51,Cardiology,84,0.317,All,Insights,1,3,11.0,20.08,9.08,5.0,6.26,1.26
73,336,9.5,80,Cardiology,79,0.289,All,Call,1,1,12.0,16.44,4.44,3.0,3.91,0.91
41,90,8.8,52,Neurology,69,0.307,Call,Call,0,0,14.0,14.03,0.03,4.0,4.17,0.17
76,239,1.2,80,Cardiology,88,0.392,All,All,0,0,15.0,15.22,0.22,1.0,1.43,0.43
13,51,7.9,51,Primary Care,83,0.092,Insights,Insights,1,2,14.0,22.67,8.67,2.0,3.63,1.63
40,373,4.2,152,Neurology,92,0.427,Email,Call,0,0,19.0,20.22,1.22,5.0,5.01,0.01
56,383,12.0,85,Cardiology,73,0.163,Email,Insights,0,0,7.0,7.12,0.12,6.0,6.08,0.08
40,288,4.2,152,Primary Care,84,0.271,Call,Call,0,0,13.0,14.04,1.04,5.0,5.18,0.18
36,418,9.2,60,Cardiology,83,0.342,All,All,1,1,11.0,16.37,5.37,0.0,2.73,2.73
14,219,1.0,123,Neurology,73,0.039,Call,Call,0,0,18.0,18.28,0.28,3.0,3.14,0.14
31,94,7.9,33,Cardiology,64,0.307,All,All,1,5,19.0,29.22,10.22,6.0,8.54,2.54
20,76,4.7,153,Oncology,85,0.826,Insights,Insights,1,1,9.0,13.47,4.47,3.0,4.03,1.03
25,110,10.3,198,Neurology,78,0.263,Insights,Email,1,2,10.0,14.86,4.86,4.0,4.36,0.36
55,101,12.2,128,Cardiology,69,0.507,Call,Call,1,4,11.0,19.05,8.05,8.0,9.8,1.8
51,162,15.3,66,Oncology,74,0.62,Call,Call,0,0,14.0,15.46,1.46,4.0,4.09,0.09
49,108,14.2,24,Primary Care,76,0.337,Email,All,0,0,18.0,18.67,0.67,3.0,3.0,0.0
29,296,12.2,174,Oncology,68,0.223,Email,Email,1,3,8.0,13.62,5.62,6.0,7.25,1.25
77,75,5.6,150,Oncology,88,0.31,Email,Email,1,2,13.0,20.58,7.58,5.0,6.19,1.19
8,311,17.0,116,Primary Care,74,0.685,Email,Email,1,4,20.0,28.15,8.15,4.0,5.77,1.77
28,168,19.3,22,Oncology,67,0.519,Email,All,0,0,18.0,18.53,0.53,3.0,3.04,0.04
10,344,19.4,180,Cardiology,99,0.496,Insights,Call,1,2,12.0,16.79,4.79,8.0,8.89,0.89
28,257,19.3,22,Neurology,92,0.677,Call,Email,0,0,13.0,13.09,0.09,9.0,9.17,0.17
77,453,5.6,150,Cardiology,81,0.285,Call,Insights,0,0,16.0,16.01,0.01,3.0,3.38,0.38
30,220,12.2,100,Cardiology,75,0.559,All,Call,1,2,15.0,20.12,5.12,4.0,6.48,2.48
73,148,9.5,80,Neurology,80,0.513,Insights,Insights,0,0,11.0,11.07,0.07,4.0,4.18,0.18
40,295,4.2,152,Primary Care,84,0.131,All,All,0,0,12.0,12.01,0.01,2.0,2.15,0.15
56,330,12.0,85,Oncology,70,0.262,Insights,Insights,1,4,16.0,22.79,6.79,4.0,5.63,1.63
37,220,10.3,187,Cardiology,75,0.559,Email,Email,0,0,13.0,13.11,0.11,5.0,5.18,0.18
22,280,19.0,38,Cardiology,73,0.54,All,All,1,4,11.0,18.11,7.11,2.0,4.83,2.83
62,236,11.3,183,Oncology,78,0.503,All,All,1,6,27.0,37.01,10.01,3.0,6.72,3.72
78,153,19.6,86,Oncology,81,0.134,Insights,Insights,0,0,14.0,14.31,0.31,6.0,6.12,0.12
22,157,19.0,38,Oncology,85,0.547,Insights,Insights,1,3,14.0,19.98,5.98,4.0,5.63,1.63
63,454,15.4,190,Cardiology,84,0.267,Call,Call,0,0,19.0,19.13,0.13,7.0,7.08,0.08
21,338,6.0,31,Neurology,80,0.149,Call,Call,1,2,12.0,17.88,5.88,3.0,3.56,0.56
58,48,14.5,120,Neurology,89,0.023,All,Call,0,0,11.0,11.88,0.88,2.0,2.06,0.06
64,482,18.8,49,Oncology,82,0.164,Insights,Insights,1,0,14.0,18.41,4.41,6.0,6.69,0.69
36,357,9.2,60,Primary Care,73,0.27,Email,Email,1,3,14.0,21.45,7.45,4.0,5.59,1.59
59,26,17.8,73,Oncology,78,0.357,Email,Email,1,1,13.0,19.39,6.39,3.0,3.9,0.9
22,364,19.0,38,Oncology,79,0.603,Email,Email,1,3,13.0,20.88,7.88,3.0,5.04,2.04
7,295,16.5,42,Primary Care,84,0.131,Call,Call,0,0,12.0,12.52,0.52,4.0,4.39,0.39
8,458,17.0,116,Primary Care,87,0.194,Call,Call,1,2,13.0,21.95,8.95,7.0,9.19,2.19
36,245,9.2,60,Cardiology,73,0.766,All,Call,1,5,11.0,17.0,6.0,6.0,10.01,4.01
73,260,9.5,80,Cardiology,90,0.209,Email,Email,0,0,18.0,18.25,0.25,3.0,4.09,1.09
11,158,14.7,189,Cardiology,88,0.423,Call,Call,1,5,13.0,23.28,10.28,7.0,8.84,1.84
37,161,10.3,187,Primary Care,69,0.591,Email,All,1,7,11.0,19.37,8.37,3.0,5.84,2.84
57,309,6.8,128,Primary Care,92,0.488,Insights,Insights,1,2,12.0,18.2,6.2,5.0,6.56,1.56
17,414,14.5,38,Primary Care,80,0.738,Insights,Insights,1,1,13.0,17.37,4.37,3.0,4.69,1.69
58,446,14.5,120,Primary Care,98,0.446,Insights,Insights,1,0,18.0,20.85,2.85,4.0,4.26,0.26
25,386,10.3,198,Cardiology,87,0.372,All,Insights,0,0,14.0,14.03,0.03,3.0,3.21,0.21
65,305,4.0,150,Primary Care,80,0.047,All,Email,1,3,9.0,15.92,6.92,5.0,7.38,2.38
47,251,19.6,145,Primary Care,90,0.67,All,Call,0,0,10.0,10.58,0.58,1.0,1.0,0.0
44,170,18.7,26,Oncology,85,0.258,All,Call,0,0,26.0,26.11,0.11,7.0,7.06,0.06
15,384,5.6,103,Oncology,93,0.521,Call,Call,1,3,21.0,27.09,6.09,4.0,6.45,2.45
38,160,2.6,161,Primary Care,88,0.064,Insights,Email,0,0,19.0,19.08,0.08,6.0,6.41,0.41
69,134,19.6,188,Neurology,80,0.588,Call,Call,1,2,15.0,20.06,5.06,6.0,8.46,2.46
2,434,6.3,75,Oncology,69,0.545,All,All,0,0,12.0,13.29,1.29,4.0,4.55,0.55
61,295,5.4,66,Primary Care,84,0.131,Email,Email,0,0,23.0,23.07,0.07,4.0,4.11,0.11
40,178,4.2,152,Oncology,75,0.326,Email,Email,1,2,22.0,28.49,6.49,4.0,5.56,1.56
58,433,14.5,120,Cardiology,83,0.355,Email,Call,1,1,14.0,16.81,2.81,5.0,5.0,0.0
54,482,18.8,54,Oncology,82,0.164,Insights,Insights,1,1,12.0,18.34,6.34,5.0,5.41,0.41
35,159,17.5,101,Cardiology,86,0.338,Insights,Insights,0,0,14.0,14.02,0.02,4.0,4.15,0.15
25,261,10.3,198,Primary Care,92,0.673,Email,Email,1,1,15.0,22.27,7.27,4.0,5.39,1.39
51,242,15.3,66,Primary Care,74,0.264,Insights,Email,0,0,27.0,27.12,0.12,7.0,7.11,0.11
12,351,13.9,58,Cardiology,67,0.51,Call,Email,1,5,19.0,22.99,3.99,2.0,3.71,1.71
47,476,19.6,145,Cardiology,89,0.053,All,All,0,0,14.0,14.34,0.34,3.0,4.13,1.13
8,275,17.0,116,Cardiology,94,0.648,Email,Email,1,7,13.0,25.31,12.31,8.0,10.71,2.71
52,400,18.3,191,Neurology,85,0.085,Email,Email,1,0,16.0,21.0,5.0,3.0,3.4,0.4
51,298,15.3,66,Oncology,79,0.701,Insights,All,1,4,10.0,14.07,4.07,4.0,4.99,0.99
7,444,16.5,42,Oncology,81,0.234,Insights,Insights,0,0,12.0,12.94,0.94,7.0,7.34,0.34
61,203,5.4,66,Cardiology,81,0.321,All,Email,0,0,16.0,16.98,0.98,3.0,3.28,0.28
34,193,1.0,82,Cardiology,65,0.598,Insights,Insights,1,2,17.0,22.23,5.23,6.0,7.82,1.82
63,212,15.4,190,Cardiology,70,0.076,All,All,0,0,16.0,16.08,0.08,2.0,2.1,0.1
4,499,15.7,136,Oncology,68,0.052,Call,Call,1,0,12.0,18.07,6.07,6.0,7.08,1.08
15,306,5.6,103,Oncology,78,0.227,Call,Call,1,3,12.0,20.27,8.27,1.0,2.59,1.59
40,77,4.2,152,Neurology,75,0.827,All,All,1,6,12.0,23.53,11.53,5.0,6.96,1.96
16,21,15.5,62,Cardiology,74,0.415,Email,Insights,1,1,13.0,16.59,3.59,5.0,6.1,1.1
27,260,14.9,28,Cardiology,90,0.209,All,Email,1,7,16.0,30.53,14.53,4.0,7.22,3.22
53,403,14.4,171,Primary Care,85,0.41,Email,Email,1,6,8.0,19.86,11.86,6.0,9.37,3.37
12,240,13.9,58,Primary Care,61,0.169,Call,Call,1,4,13.0,18.19,5.19,3.0,4.67,1.67
55,281,12.2,128,Primary Care,65,0.633,Email,Call,1,1,9.0,12.98,3.98,3.0,4.68,1.68
9,400,12.2,167,Neurology,85,0.085,Insights,Insights,1,0,10.0,14.72,4.72,3.0,4.87,1.87
15,259,5.6,103,Cardiology,78,0.458,All,Call,1,2,12.0,19.01,7.01,7.0,7.99,0.99
48,455,11.4,109,Cardiology,81,0.852,Email,Email,1,7,26.0,35.07,9.07,4.0,7.38,3.38
64,319,18.8,49,Cardiology,76,0.391,Email,Insights,1,5,14.0,17.35,3.35,4.0,4.58,0.58
14,366,1.0,123,Primary Care,63,0.338,Call,Call,1,4,14.0,21.27,7.27,4.0,5.56,1.56
24,391,5.7,177,Cardiology,83,0.754,Call,Call,1,0,9.0,10.53,1.53,6.0,6.36,0.36
75,314,10.3,91,Primary Care,80,0.738,Call,Call,0,0,12.0,12.09,0.09,3.0,3.15,0.15
80,26,5.0,190,Oncology,78,0.357,All,All,1,6,13.0,23.35,10.35,11.0,13.66,2.66
47,214,19.6,145,Primary Care,80,0.677,Email,Email,1,2,8.0,17.06,9.06,2.0,3.06,1.06
36,71,9.2,60,Neurology,87,0.283,Call,Call,0,0,17.0,17.72,0.72,5.0,5.01,0.01
28,256,19.3,22,Cardiology,82,0.414,Call,Call,0,0,15.0,15.56,0.56,2.0,2.36,0.36
49,72,14.2,24,Cardiology,87,0.334,Call,All,1,2,14.0,18.8,4.8,2.0,3.56,1.56
48,255,11.4,109,Cardiology,84,0.46,Call,Call,0,0,21.0,21.2,0.2,4.0,4.0,0.0
24,172,5.7,177,Oncology,91,0.343,All,Insights,1,1,15.0,20.61,5.61,3.0,4.15,1.15
2,11,6.3,75,Primary Care,81,0.098,Insights,Insights,1,1,15.0,20.06,5.06,6.0,6.95,0.95
13,63,7.9,51,Neurology,69,0.409,All,All,1,5,12.0,17.07,5.07,4.0,7.03,3.03
77,252,5.6,150,Cardiology,74,0.789,Call,Call,1,8,19.0,32.56,13.56,5.0,8.22,3.22
34,40,1.0,82,Oncology,81,0.522,Insights,Insights,0,0,15.0,15.23,0.23,6.0,6.3,0.3
39,428,16.9,55,Neurology,76,0.716,All,Email,1,4,13.0,22.3,9.3,3.0,5.37,2.37
38,380,2.6,161,Oncology,73,0.049,All,All,1,2,18.0,24.04,6.04,3.0,3.93,0.93
63,355,15.4,190,Cardiology,79,0.655,All,All,1,5,13.0,21.96,8.96,4.0,6.37,2.37
6,87,11.4,159,Oncology,82,0.544,Call,Call,0,0,19.0,20.0,1.0,2.0,2.26,0.26
7,398,16.5,42,Cardiology,83,0.425,All,All,1,5,15.0,22.49,7.49,2.0,4.98,2.98
23,318,8.9,67,Oncology,73,0.571,All,All,1,4,9.0,15.98,6.98,2.0,4.23,2.23
39,196,16.9,55,Primary Care,70,0.377,All,Call,0,0,17.0,17.07,0.07,2.0,2.1,0.1
54,1,18.8,54,Primary Care,84,0.555,Insights,Insights,1,2,16.0,22.84,6.84,1.0,2.09,1.09
40,265,4.2,152,Cardiology,79,0.42,All,All,1,9,23.0,35.46,12.46,6.0,10.09,4.09
36,398,9.2,60,Cardiology,83,0.425,Call,Call,1,5,11.0,18.41,7.41,4.0,6.33,2.33
76,17,1.2,80,Primary Care,85,0.339,All,All,1,4,13.0,20.42,7.42,3.0,4.79,1.79
13,27,7.9,51,Cardiology,98,0.116,Insights,Insights,1,1,17.0,22.45,5.45,1.0,1.66,0.66
46,192,14.6,60,Neurology,63,0.339,All,All,1,3,14.0,18.15,4.15,4.0,6.36,2.36
44,256,18.7,26,Cardiology,82,0.414,All,All,1,1,14.0,19.45,5.45,4.0,4.32,0.32
38,238,2.6,161,Cardiology,63,0.275,Email,All,1,7,20.0,28.69,8.69,6.0,8.12,2.12
65,214,4.0,150,Primary Care,80,0.677,Call,Call,0,0,18.0,18.11,0.11,1.0,1.49,0.49
22,128,19.0,38,Primary Care,68,0.624,Call,Call,1,3,11.0,20.87,9.87,4.0,5.45,1.45
77,30,5.6,150,Neurology,91,0.336,All,All,1,3,8.0,14.55,6.55,4.0,5.5,1.5
27,16,14.9,28,Oncology,92,0.61,All,Call,1,3,13.0,20.31,7.31,2.0,3.95,1.95
44,50,18.7,26,Oncology,77,0.192,All,All,0,0,24.0,24.28,0.28,4.0,4.1,0.1
42,346,17.0,101,Neurology,88,0.173,All,Call,0,0,12.0,13.53,1.53,7.0,7.03,0.03
68,393,3.4,153,Neurology,84,0.408,Insights,Insights,1,1,16.0,18.69,2.69,3.0,4.81,1.81
36,218,9.2,60,Cardiology,77,0.354,Email,Email,0,0,12.0,12.02,0.02,1.0,1.36,0.36
23,39,8.9,67,Oncology,77,0.367,Insights,Insights,1,4,15.0,23.17,8.17,6.0,8.17,2.17
2,208,6.3,75,Cardiology,66,0.907,All,Insights,1,2,15.0,20.27,5.27,3.0,3.97,0.97
30,493,12.2,100,Neurology,73,0.058,Insights,Insights,1,3,17.0,24.0,7.0,4.0,6.41,2.41
67,125,8.8,42,Neurology,79,0.505,All,Call,1,4,14.0,22.81,8.81,3.0,5.91,2.91
1,246,18.1,130,Primary Care,86,0.14,All,All,1,4,16.0,23.13,7.13,4.0,6.36,2.36
72,269,5.3,163,Neurology,94,0.513,Call,Call,1,3,15.0,23.53,8.53,1.0,3.81,2.81
44,165,18.7,26,Primary Care,74,0.219,All,Insights,0,0,16.0,16.49,0.49,2.0,2.59,0.59
12,220,13.9,58,Cardiology,75,0.559,Insights,Insights,0,0,10.0,10.03,0.03,2.0,2.2,0.2
25,236,10.3,198,Oncology,78,0.503,Call,Call,0,0,13.0,13.24,0.24,3.0,3.07,0.07
45,237,5.0,150,Primary Care,69,0.497,Email,Email,0,0,19.0,19.05,0.05,3.0,3.44,0.44
26,359,8.4,99,Cardiology,90,0.489,Email,Email,0,0,9.0,9.45,0.45,7.0,7.03,0.03
9,291,12.2,167,Primary Care,79,0.27,Email,Email,1,4,14.0,22.76,8.76,1.0,2.96,1.96
54,27,18.8,54,Cardiology,98,0.116,Insights,All,1,2,17.0,21.95,4.95,6.0,6.43,0.43
54,4,18.8,54,Cardiology,80,0.464,Email,Email,1,0,18.0,21.82,3.82,4.0,4.0,0.0
10,206,19.4,180,Oncology,91,0.39,Call,Insights,1,1,16.0,18.83,2.83,7.0,7.77,0.77
23,454,8.9,67,Cardiology,84,0.267,Insights,Insights,0,0,18.0,18.09,0.09,5.0,5.1,0.1
20,19,4.7,153,Primary Care,65,0.675,Call,Call,1,1,15.0,18.26,3.26,6.0,8.32,2.32
53,36,14.4,171,Oncology,95,0.734,All,All,1,3,17.0,21.96,4.96,6.0,9.0,3.0
59,340,17.8,73,Primary Care,74,0.612,Call,Call,1,3,7.0,12.97,5.97,4.0,4.02,0.02
59,226,17.8,73,Primary Care,76,0.391,Email,Email,0,0,18.0,18.14,0.14,3.0,3.07,0.07
76,116,1.2,80,Oncology,75,0.172,All,Insights,1,1,9.0,12.34,3.34,0.0,0.71,0.71
62,104,11.3,183,Neurology,82,0.246,All,Call,1,2,10.0,17.08,7.08,6.0,8.29,2.29
26,333,8.4,99,Cardiology,78,0.618,Insights,Insights,1,0,15.0,19.42,4.42,2.0,3.5,1.5
9,262,12.2,167,Neurology,80,0.027,All,Insights,0,0,19.0,19.61,0.61,9.0,9.29,0.29
50,320,8.5,157,Neurology,76,0.818,Email,Email,1,1,14.0,18.54,4.54,6.0,8.26,2.26
74,141,19.7,62,Cardiology,68,0.434,All,Call,0,0,19.0,19.05,0.05,3.0,3.45,0.45
79,264,19.8,87,Primary Care,85,0.184,Email,Call,1,3,11.0,14.44,3.44,2.0,2.54,0.54
19,431,12.9,81,Oncology,61,0.102,Call,Call,1,2,13.0,14.66,1.66,4.0,5.91,1.91
19,159,12.9,81,Cardiology,86,0.338,Email,Email,1,3,17.0,26.2,9.2,3.0,4.96,1.96
3,199,1.5,33,Primary Care,88,0.233,All,Call,1,1,9.0,14.17,5.17,5.0,6.64,1.64
12,82,13.9,58,Cardiology,85,0.329,Email,Email,0,0,19.0,19.17,0.17,5.0,5.24,0.24
45,320,5.0,150,Neurology,76,0.818,Call,Call,1,2,17.0,23.26,6.26,6.0,8.04,2.04
44,17,18.7,26,Primary Care,85,0.339,Email,Email,0,0,12.0,12.29,0.29,3.0,3.2,0.2
30,125,12.2,100,Neurology,79,0.505,All,All,1,4,15.0,22.11,7.11,8.0,11.35,3.35
25,357,10.3,198,Primary Care,73,0.27,Call,All,0,0,16.0,16.44,0.44,4.0,4.22,0.22
67,10,8.8,42,Oncology,62,0.232,Insights,Insights,0,0,16.0,16.29,0.29,5.0,5.05,0.05
37,495,10.3,187,Oncology,68,0.358,Call,Call,0,0,17.0,17.93,0.93,6.0,6.2,0.2
65,203,4.0,150,Cardiology,81,0.321,All,All,1,1,14.0,19.66,5.66,4.0,4.16,0.16
78,200,19.6,86,Primary Care,89,0.329,Email,Email,1,2,21.0,28.3,7.3,4.0,5.93,1.93
26,269,8.4,99,Neurology,94,0.513,All,Call,1,0,14.0,17.84,3.84,7.0,7.34,0.34
17,320,14.5,38,Neurology,76,0.818,Call,Call,1,7,15.0,27.51,12.51,7.0,10.4,3.4
77,230,5.6,150,Primary Care,92,0.26,Email,Email,0,0,16.0,16.56,0.56,1.0,1.23,0.23
51,443,15.3,66,Primary Care,86,0.185,Email,Email,1,4,14.0,23.04,9.04,5.0,7.48,2.48
24,482,5.7,177,Oncology,82,0.164,Email,Email,0,0,16.0,16.19,0.19,3.0,3.05,0.05
50,101,8.5,157,Cardiology,69,0.507,Call,Call,1,2,18.0,23.51,5.51,4.0,5.31,1.31
42,354,17.0,101,Cardiology,77,0.52,Call,Call,1,5,14.0,24.31,10.31,6.0,8.7,2.7
73,151,9.5,80,Primary Care,77,0.376,All,All,1,7,12.0,20.9,8.9,3.0,5.11,2.11
21,498,6.0,31,Oncology,69,0.581,Insights,Insights,1,4,16.0,21.61,5.61,1.0,3.47,2.47
80,127,5.0,190,Cardiology,63,0.593,Email,Email,0,0,13.0,13.9,0.9,4.0,4.59,0.59
75,148,10.3,91,Neurology,80,0.513,Call,Call,0,0,9.0,10.47,1.47,5.0,5.35,0.35
15,358,5.6,103,Neurology,85,0.659,Email,Email,1,3,14.0,21.22,7.22,3.0,5.3,2.3
14,395,1.0,123,Primary Care,82,0.363,Email,Email,1,4,16.0,25.06,9.06,3.0,4.83,1.83
43,65,9.7,154,Cardiology,87,0.215,Call,Email,1,3,23.0,27.94,4.94,5.0,6.14,1.14
4,278,15.7,136,Oncology,76,0.244,Email,Email,1,3,15.0,22.04,7.04,0.0,2.03,2.03
24,173,5.7,177,Primary Care,82,0.83,Email,Email,1,3,12.0,18.79,6.79,4.0,5.83,1.83
35,306,17.5,101,Oncology,78,0.227,All,All,0,0,11.0,11.29,0.29,3.0,3.11,0.11
78,279,19.6,86,Cardiology,75,0.657,Insights,Email,1,1,11.0,15.86,4.86,6.0,7.08,1.08
80,493,5.0,190,Neurology,73,0.058,All,Email,1,4,15.0,22.43,7.43,1.0,2.96,1.96
13,467,7.9,51,Neurology,82,0.399,Call,Call,1,2,19.0,25.79,6.79,4.0,6.15,2.15
72,327,5.3,163,Neurology,80,0.283,All,Call,1,1,11.0,15.73,4.73,6.0,7.89,1.89
8,340,17.0,116,Primary Care,74,0.612,Call,Call,1,1,24.0,27.13,3.13,2.0,2.82,0.82
60,450,13.3,137,Neurology,92,0.263,Email,Email,0,0,13.0,13.33,0.33,5.0,5.38,0.38
68,92,3.4,153,Primary Care,81,0.167,All,All,1,4,18.0,28.0,10.0,5.0,7.57,2.57
72,363,5.3,163,Neurology,69,0.139,Email,Email,0,0,14.0,14.02,0.02,4.0,4.14,0.14
18,387,7.3,45,Neurology,69,0.094,Call,All,1,3,16.0,20.74,4.74,3.0,4.76,1.76
72,64,5.3,163,Primary Care,89,0.343,All,All,0,0,16.0,16.05,0.05,3.0,3.0,0.0
10,441,19.4,180,Oncology,82,0.069,Insights,All,0,0,19.0,19.42,0.42,3.0,3.02,0.02
42,350,17.0,101,Neurology,82,0.491,Insights,Insights,0,0,21.0,21.04,0.04,8.0,8.22,0.22
38,174,2.6,161,Neurology,102,0.101,Call,Call,0,0,13.0,13.26,0.26,4.0,4.3,0.3
26,243,8.4,99,Oncology,79,0.327,Email,Email,1,1,9.0,13.44,4.44,3.0,4.45,1.45
2,245,6.3,75,Cardiology,73,0.766,All,Insights,1,2,15.0,17.45,2.45,2.0,2.89,0.89
62,460,11.3,183,Primary Care,77,0.092,Email,Email,1,7,18.0,26.93,8.93,5.0,7.87,2.87
27,485,14.9,28,Oncology,95,0.015,Call,Call,0,0,16.0,16.15,0.15,2.0,2.0,0.0
53,404,14.4,171,Primary Care,83,0.092,Email,Email,0,0,15.0,15.39,0.39,3.0,3.33,0.33
33,327,7.1,115,Neurology,80,0.283,All,Call,1,3,21.0,26.04,5.04,6.0,8.2,2.2
30,53,12.2,100,Cardiology,81,0.762,All,Email,1,1,20.0,22.15,2.15,5.0,5.83,0.83
71,458,11.1,124,Primary Care,87,0.194,Call,Call,1,1,11.0,18.27,7.27,3.0,4.29,1.29
8,67,17.0,116,Oncology,87,0.465,All,All,1,2,17.0,23.26,6.26,3.0,4.75,1.75
59,84,17.8,73,Cardiology,89,0.343,Email,Email,1,1,15.0,19.29,4.29,6.0,6.09,0.09
60,35,13.3,137,Oncology,84,0.572,All,Call,1,2,23.0,27.43,4.43,2.0,2.53,0.53
31,474,7.9,33,Primary Care,65,0.287,Email,Email,1,1,11.0,13.83,2.83,2.0,2.85,0.85
21,247,6.0,31,Oncology,76,0.846,Call,Email,0,0,17.0,19.23,2.23,6.0,6.3,0.3
1,118,18.1,130,Oncology,79,0.377,Email,Email,1,4,13.0,21.52,8.52,5.0,7.42,2.42
75,41,10.3,91,Oncology,79,0.401,All,Email,0,0,12.0,13.76,1.76,2.0,2.16,0.16
76,206,1.2,80,Oncology,91,0.39,All,Email,1,5,16.0,24.72,8.72,3.0,6.04,3.04
20,362,4.7,153,Cardiology,86,0.334,Insights,Insights,0,0,13.0,13.2,0.2,3.0,3.26,0.26
3,498,1.5,33,Oncology,69,0.581,Email,Email,0,0,15.0,16.09,1.09,4.0,4.04,0.04
10,277,19.4,180,Neurology,67,0.525,Call,Call,0,0,9.0,9.15,0.15,5.0,5.13,0.13
6,304,11.4,159,Neurology,89,0.269,Call,Call,1,2,14.0,19.48,5.48,4.0,5.45,1.45
67,418,8.8,42,Cardiology,83,0.342,Call,Insights,1,2,21.0,24.68,3.68,1.0,3.16,2.16
72,451,5.3,163,Neurology,74,0.702,Email,Email,1,2,14.0,21.36,7.36,6.0,6.87,0.87
13,140,7.9,51,Primary Care,79,0.139,Insights,Insights,1,4,17.0,25.0,8.0,4.0,6.58,2.58
60,496,13.3,137,Cardiology,78,0.351,Insights,Insights,1,0,11.0,17.12,6.12,5.0,6.47,1.47
15,260,5.6,103,Cardiology,90,0.209,All,All,0,0,12.0,12.29,0.29,7.0,7.19,0.19
30,466,12.2,100,Neurology,82,0.66,Call,Call,1,3,14.0,17.81,3.81,3.0,5.41,2.41
48,59,11.4,109,Cardiology,77,0.309,Call,Call,0,0,15.0,15.63,0.63,7.0,7.22,0.22
58,49,14.5,120,Primary Care,72,0.425,Insights,Insights,0,0,18.0,18.59,0.59,2.0,2.16,0.16
70,443,9.1,60,Primary Care,86,0.185,Email,Email,0,0,18.0,18.17,0.17,3.0,3.18,0.18
4,337,15.7,136,Primary Care,80,0.413,Insights,Insights,0,0,14.0,14.3,0.3,5.0,5.06,0.06
16,88,15.5,62,Neurology,81,0.53,All,All,1,9,11.0,24.01,13.01,2.0,5.71,3.71
23,448,8.9,67,Neurology,81,0.512,Email,Email,1,3,12.0,19.51,7.51,4.0,4.95,0.95
25,52,10.3,198,Cardiology,70,0.308,Call,Call,1,1,19.0,23.05,4.05,6.0,7.54,1.54
80,342,5.0,190,Oncology,83,0.431,All,Call,0,0,18.0,18.24,0.24,4.0,4.72,0.72
63,103,15.4,190,Cardiology,67,0.095,Insights,Insights,1,4,19.0,28.26,9.26,4.0,6.65,2.65
26,36,8.4,99,Oncology,95,0.734,Insights,Call,1,4,18.0,23.63,5.63,2.0,2.73,0.73
78,404,19.6,86,Primary Care,83,0.092,All,All,0,0,9.0,10.7,1.7,1.0,1.23,0.23
40,424,4.2,152,Neurology,81,0.381,Insights,Insights,1,3,18.0,24.34,6.34,5.0,6.94,1.94
41,53,8.8,52,Cardiology,81,0.762,Email,Email,0,0,10.0,10.45,0.45,0.0,0.07,0.07
35,47,17.5,101,Neurology,98,0.51,All,Insights,0,0,13.0,13.72,0.72,7.0,7.16,0.16
12,308,13.9,58,Oncology,83,0.44,All,All,1,3,14.0,20.78,6.78,4.0,5.55,1.55
75,15,10.3,91,Primary Care,71,0.274,Email,Email,0,0,13.0,13.11,0.11,5.0,5.83,0.83
2,374,6.3,75,Oncology,77,0.751,Email,Email,1,4,6.0,13.55,7.55,2.0,5.15,3.15
14,458,1.0,123,Primary Care,87,0.194,All,All,0,0,11.0,11.15,0.15,3.0,3.14,0.14
19,376,12.9,81,Primary Care,85,0.101,Insights,Insights,0,0,14.0,14.04,0.04,4.0,4.04,0.04
23,116,8.9,67,Oncology,75,0.172,Call,Call,1,1,14.0,18.04,4.04,5.0,6.04,1.04
11,96,14.7,189,Oncology,78,0.538,Insights,Insights,0,0,15.0,15.26,0.26,3.0,3.23,0.23
2,341,6.3,75,Cardiology,79,0.146,All,All,0,0,20.0,21.09,1.09,5.0,5.04,0.04
55,31,12.2,128,Cardiology,78,0.376,Insights,Insights,0,0,17.0,17.01,0.01,5.0,5.04,0.04
78,269,19.6,86,Neurology,94,0.513,Email,Email,1,4,17.0,25.69,8.69,3.0,4.99,1.99
10,225,19.4,180,Primary Care,78,0.565,Email,Email,1,2,9.0,15.0,6.0,4.0,4.51,0.51
24,373,5.7,177,Neurology,92,0.427,Call,Call,1,2,11.0,16.74,5.74,2.0,2.66,0.66
41,102,8.8,52,Neurology,84,0.344,All,Email,1,1,13.0,17.53,4.53,4.0,5.9,1.9
75,382,10.3,91,Cardiology,72,0.608,Insights,Call,1,3,23.0,26.77,3.77,4.0,4.0,0.0
56,350,12.0,85,Neurology,82,0.491,Call,Insights,1,1,15.0,17.75,2.75,7.0,8.71,1.71
62,120,11.3,183,Primary Care,76,0.259,All,All,0,0,10.0,10.78,0.78,7.0,7.64,0.64
47,179,19.6,145,Cardiology,81,0.096,Call,Email,1,6,6.0,12.98,6.98,6.0,7.97,1.97
34,34,1.0,82,Primary Care,71,0.112,Insights,Insights,1,5,19.0,29.73,10.73,0.0,3.07,3.07
16,225,15.5,62,Primary Care,78,0.565,Email,Email,1,1,11.0,17.1,6.1,1.0,1.83,0.83
70,131,9.1,60,Neurology,69,0.687,All,Email,1,2,17.0,21.44,4.44,3.0,4.83,1.83
65,57,4.0,150,Neurology,74,0.438,All,Call,1,2,13.0,17.93,4.93,4.0,4.88,0.88
3,280,1.5,33,Cardiology,73,0.54,All,All,1,3,21.0,29.28,8.28,2.0,3.43,1.43
58,284,14.5,120,Primary Care,71,0.228,Call,Call,1,5,17.0,26.74,9.74,2.0,4.69,2.69
7,43,16.5,42,Neurology,74,0.559,Call,Call,1,6,14.0,25.45,11.45,7.0,10.03,3.03
60,93,13.3,137,Primary Care,92,0.396,Email,Email,1,8,10.0,23.1,13.1,1.0,4.86,3.86
67,42,8.8,42,Oncology,78,0.55,All,Email,1,2,16.0,21.68,5.68,8.0,10.4,2.4
11,340,14.7,189,Primary Care,74,0.612,Email,Email,1,3,26.0,33.44,7.44,4.0,5.77,1.77
35,170,17.5,101,Oncology,85,0.258,Insights,Insights,1,0,18.0,20.15,2.15,3.0,4.85,1.85
10,36,19.4,180,Oncology,95,0.734,All,Insights,1,0,16.0,20.14,4.14,2.0,2.96,0.96
46,96,14.6,60,Oncology,78,0.538,Email,Email,1,1,18.0,26.0,8.0,2.0,3.55,1.55
75,488,10.3,91,Primary Care,76,0.642,Call,Call,1,7,9.0,19.52,10.52,2.0,5.56,3.56
7,128,16.5,42,Primary Care,68,0.624,Email,Email,0,0,14.0,14.14,0.14,5.0,5.09,0.09
32,343,11.7,170,Neurology,73,0.188,Insights,Email,0,0,22.0,22.77,0.77,3.0,3.01,0.01
78,235,19.6,86,Primary Care,72,0.151,All,All,1,2,14.0,22.12,8.12,7.0,7.61,0.61
25,91,10.3,198,Neurology,80,0.394,Call,Call,0,0,11.0,11.47,0.47,1.0,1.73,0.73
11,154,14.7,189,Oncology,88,0.42,All,Insights,1,0,13.0,18.29,5.29,3.0,3.94,0.94
40,8,4.2,152,Oncology,84,0.211,Email,Email,0,0,17.0,18.13,1.13,2.0,2.3,0.3
41,374,8.8,52,Oncology,77,0.751,Call,Call,1,2,16.0,21.07,5.07,3.0,4.44,1.44
54,168,18.8,54,Oncology,67,0.519,All,Call,0,0,18.0,18.22,0.22,8.0,8.39,0.39
26,250,8.4,99,Cardiology,91,0.692,All,All,0,0,19.0,19.15,0.15,2.0,2.1,0.1
77,77,5.6,150,Neurology,75,0.827,Call,Insights,1,4,14.0,19.99,5.99,4.0,4.61,0.61
42,413,17.0,101,Neurology,79,0.576,Insights,Email,0,0,15.0,15.24,0.24,9.0,9.39,0.39
23,110,8.9,67,Neurology,78,0.263,All,All,0,0,18.0,19.08,1.08,3.0,3.05,0.05
77,284,5.6,150,Primary Care,71,0.228,All,Call,0,0,10.0,10.6,0.6,5.0,5.19,0.19
74,437,19.7,62,Oncology,82,0.121,Insights,Call,0,0,16.0,16.27,0.27,6.0,6.14,0.14
40,357,4.2,152,Primary Care,73,0.27,Email,Email,1,2,17.0,22.71,5.71,4.0,5.19,1.19
2,302,6.3,75,Primary Care,86,0.283,Email,Email,1,0,13.0,15.86,2.86,6.0,6.01,0.01
48,445,11.4,109,Neurology,73,0.19,Insights,Insights,0,0,6.0,6.04,0.04,3.0,3.24,0.24
45,89,5.0,150,Primary Care,91,0.808,Insights,Email,1,4,9.0,16.25,7.25,2.0,3.58,1.58
12,482,13.9,58,Oncology,82,0.164,Email,Email,0,0,19.0,19.59,0.59,5.0,5.2,0.2
51,279,15.3,66,Cardiology,75,0.657,Call,Call,0,0,21.0,21.67,0.67,6.0,6.11,0.11
68,205,3.4,153,Cardiology,72,0.143,Call,Call,0,0,21.0,21.81,0.81,4.0,4.11,0.11
9,128,12.2,167,Primary Care,68,0.624,Call,Call,1,3,12.0,18.49,6.49,4.0,5.45,1.45
58,373,14.5,120,Neurology,92,0.427,Call,Insights,0,0,24.0,24.23,0.23,8.0,8.13,0.13
12,489,13.9,58,Primary Care,80,0.863,Call,Call,1,1,14.0,21.08,7.08,2.0,3.24,1.24
60,346,13.3,137,Neurology,88,0.173,Email,Email,0,0,15.0,15.2,0.2,3.0,3.02,0.02
34,17,1.0,82,Primary Care,85,0.339,All,All,1,3,9.0,17.17,8.17,4.0,6.16,2.16
1,235,18.1,130,Primary Care,72,0.151,Insights,Insights,0,0,15.0,15.18,0.18,5.0,5.28,0.28
78,367,19.6,86,Primary Care,96,0.438,Email,Call,0,0,24.0,26.57,2.57,7.0,7.71,0.71
14,199,1.0,123,Primary Care,88,0.233,Call,Call,1,1,11.0,17.39,6.39,5.0,6.59,1.59
48,387,11.4,109,Neurology,69,0.094,Call,Call,0,0,9.0,9.14,0.14,5.0,5.14,0.14
15,354,5.6,103,Cardiology,77,0.52,Insights,Insights,0,0,11.0,11.06,0.06,6.0,6.32,0.32
75,34,10.3,91,Primary Care,71,0.112,Insights,All,0,0,19.0,19.3,0.3,1.0,1.11,0.11
60,279,13.3,137,Cardiology,75,0.657,Insights,Insights,1,3,11.0,15.32,4.32,4.0,6.62,2.62
65,86,4.0,150,Oncology,83,0.564,Insights,Email,0,0,9.0,9.2,0.2,5.0,5.09,0.09
35,244,17.5,101,Oncology,85,0.513,Email,Email,1,0,17.0,22.77,5.77,2.0,3.99,1.99
38,193,2.6,161,Cardiology,65,0.598,Call,Call,1,8,13.0,25.65,12.65,2.0,5.98,3.98
51,404,15.3,66,Primary Care,83,0.092,Email,Email,1,4,15.0,23.25,8.25,6.0,8.85,2.85
63,435,15.4,190,Oncology,85,0.598,Call,Call,1,2,8.0,13.93,5.93,1.0,2.83,1.83
68,231,3.4,153,Oncology,78,0.528,Call,Call,0,0,13.0,13.37,0.37,2.0,2.13,0.13
2,269,6.3,75,Neurology,94,0.513,All,All,1,2,14.0,20.29,6.29,2.0,3.0,1.0
54,314,18.8,54,Primary Care,80,0.738,Email,Email,1,2,18.0,23.32,5.32,5.0,5.31,0.31
9,328,12.2,167,Cardiology,83,0.37,Insights,Insights,0,0,18.0,18.31,0.31,2.0,2.21,0.21
24,318,5.7,177,Oncology,73,0.571,Call,Call,1,3,12.0,16.68,4.68,3.0,4.8,1.8
67,392,8.8,42,Primary Care,77,0.126,Call,Call,0,0,10.0,10.31,0.31,7.0,7.24,0.24
21,491,6.0,31,Oncology,61,0.387,All,Email,1,2,16.0,22.47,6.47,2.0,3.43,1.43
64,415,18.8,49,Primary Care,79,0.153,Email,Email,1,3,10.0,18.05,8.05,2.0,2.57,0.57
38,68,2.6,161,Primary Care,67,0.536,Call,Call,1,4,19.0,27.76,8.76,3.0,5.2,2.2
19,239,12.9,81,Cardiology,88,0.392,Call,Call,1,2,17.0,22.52,5.52,3.0,5.49,2.49
27,231,14.9,28,Oncology,78,0.528,All,Email,1,2,11.0,16.83,5.83,3.0,4.04,1.04
43,255,9.7,154,Cardiology,84,0.46,Email,All,1,4,18.0,24.88,6.88,2.0,2.5,0.5
62,265,11.3,183,Cardiology,79,0.42,All,All,1,8,7.0,18.51,11.51,8.0,10.54,2.54
49,360,14.2,24,Oncology,81,0.298,All,All,1,2,13.0,18.33,5.33,7.0,8.15,1.15
75,211,10.3,91,Cardiology,92,0.527,All,All,1,2,12.0,20.04,8.04,2.0,3.37,1.37
70,132,9.1,60,Oncology,73,0.254,Call,Call,0,0,12.0,12.54,0.54,2.0,3.01,1.01
61,229,5.4,66,Primary Care,81,0.425,Insights,Insights,1,4,16.0,22.52,6.52,5.0,7.65,2.65
49,428,14.2,24,Neurology,76,0.716,Email,Email,1,5,16.0,23.43,7.43,3.0,4.89,1.89
24,156,5.7,177,Cardiology,82,0.277,All,All,1,4,13.0,25.33,12.33,8.0,9.89,1.89
34,11,1.0,82,Primary Care,81,0.098,Insights,Insights,0,0,18.0,19.13,1.13,0.0,0.17,0.17
10,489,19.4,180,Primary Care,80,0.863,Email,Email,1,2,18.0,25.07,7.07,5.0,6.87,1.87
30,98,12.2,100,Primary Care,84,0.947,Call,All,1,4,19.0,22.74,3.74,4.0,5.13,1.13
75,302,10.3,91,Primary Care,86,0.283,All,Call,1,5,13.0,23.27,10.27,7.0,9.42,2.42
35,401,17.5,101,Primary Care,88,0.017,All,All,0,0,15.0,15.36,0.36,1.0,1.11,0.11
10,138,19.4,180,Neurology,74,0.142,Insights,Insights,1,1,11.0,16.49,5.49,1.0,2.23,1.23
53,171,14.4,171,Neurology,79,0.107,Call,All,1,4,19.0,22.35,3.35,5.0,7.35,2.35
78,141,19.6,86,Cardiology,68,0.434,All,Email,1,2,17.0,23.53,6.53,2.0,3.9,1.9
70,75,9.1,60,Oncology,88,0.31,All,All,1,3,11.0,18.24,7.24,1.0,2.65,1.65
22,77,19.0,38,Neurology,75,0.827,All,Call,1,1,12.0,17.18,5.18,3.0,3.5,0.5
37,94,10.3,187,Cardiology,64,0.307,Call,All,0,0,19.0,19.08,0.08,2.0,2.43,0.43
43,230,9.7,154,Primary Care,92,0.26,Insights,All,1,4,21.0,25.23,4.23,7.0,9.01,2.01
20,266,4.7,153,Neurology,93,0.138,All,All,0,0,15.0,15.1,0.1,4.0,4.15,0.15
22,8,19.0,38,Oncology,84,0.211,Email,Email,1,4,11.0,18.2,7.2,4.0,5.84,1.84
19,424,12.9,81,Neurology,81,0.381,Call,Call,1,3,17.0,24.12,7.12,4.0,5.36,1.36
80,338,5.0,190,Neurology,80,0.149,Email,Email,1,3,16.0,22.14,6.14,7.0,8.6,1.6
60,36,13.3,137,Oncology,95,0.734,Call,Insights,0,0,11.0,11.18,0.18,4.0,4.09,0.09
68,422,3.4,153,Cardiology,88,0.557,All,All,0,0,23.0,23.38,0.38,1.0,1.48,0.48
66,16,3.4,187,Oncology,92,0.61,Email,Email,1,5,14.0,24.97,10.97,5.0,7.72,2.72
77,281,5.6,150,Primary Care,65,0.633,Insights,Insights,1,2,17.0,22.42,5.42,2.0,2.61,0.61
9,233,12.2,167,Neurology,77,0.726,Email,Email,0,0,12.0,12.19,0.19,5.0,5.36,0.36
71,252,11.1,124,Cardiology,74,0.789,All,All,1,7,17.0,29.14,12.14,2.0,5.69,3.69
6,479,11.4,159,Neurology,91,0.661,All,All,1,6,16.0,26.7,10.7,5.0,7.8,2.8
39,464,16.9,55,Cardiology,85,0.058,Insights,Insights,0,0,16.0,16.29,0.29,1.0,1.11,0.11
48,140,11.4,109,Primary Care,79,0.139,All,All,1,2,14.0,20.0,6.0,4.0,6.01,2.01
29,290,12.2,174,Primary Care,89,0.269,Email,Email,1,3,17.0,21.18,4.18,2.0,4.72,2.72
12,480,13.9,58,Primary Care,86,0.362,All,Email,0,0,13.0,13.15,0.15,4.0,4.32,0.32
16,365,15.5,62,Primary Care,94,0.448,All,All,0,0,11.0,11.33,0.33,3.0,3.05,0.05
66,444,3.4,187,Oncology,81,0.234,Email,Email,1,1,10.0,15.46,5.46,2.0,2.57,0.57
26,218,8.4,99,Cardiology,77,0.354,All,Email,1,5,18.0,27.75,9.75,5.0,7.82,2.82
25,142,10.3,198,Cardiology,86,0.277,Email,Email,1,3,13.0,23.64,10.64,2.0,2.96,0.96
74,256,19.7,62,Cardiology,82,0.414,Insights,Insights,0,0,13.0,13.41,0.41,4.0,4.12,0.12
12,409,13.9,58,Primary Care,87,0.647,Email,Email,0,0,17.0,17.67,0.67,6.0,6.34,0.34
74,465,19.7,62,Neurology,83,0.399,All,Call,0,0,17.0,17.38,0.38,5.0,5.1,0.1
74,343,19.7,62,Neurology,73,0.188,Email,Email,1,4,18.0,26.65,8.65,0.0,2.82,2.82
48,354,11.4,109,Cardiology,77,0.52,Email,Call,1,3,21.0,26.6,5.6,6.0,7.36,1.36
14,256,1.0,123,Cardiology,82,0.414,Call,Call,0,0,17.0,17.87,0.87,3.0,3.11,0.11
13,160,7.9,51,Primary Care,88,0.064,All,Email,1,5,14.0,23.25,9.25,1.0,2.11,1.11
23,212,8.9,67,Cardiology,70,0.076,Call,Call,1,0,10.0,13.64,3.64,4.0,4.74,0.74
47,249,19.6,145,Oncology,95,0.217,Insights,Call,1,1,13.0,13.99,0.99,3.0,4.84,1.84
13,408,7.9,51,Cardiology,85,0.605,Insights,Insights,0,0,14.0,15.27,1.27,4.0,4.06,0.06
37,278,10.3,187,Oncology,76,0.244,All,All,0,0,17.0,17.94,0.94,2.0,2.12,0.12
10,397,19.4,180,Primary Care,90,0.631,Call,Email,0,0,11.0,11.53,0.53,4.0,4.03,0.03
44,14,18.7,26,Neurology,97,0.519,Insights,Insights,1,3,11.0,19.21,8.21,2.0,3.62,1.62
2,379,6.3,75,Oncology,88,0.243,All,All,0,0,17.0,17.04,0.04,8.0,8.08,0.08
57,254,6.8,128,Oncology,81,0.098,Call,Call,1,4,10.0,21.14,11.14,9.0,10.18,1.18
5,500,14.3,123,Neurology,86,0.438,Call,Email,1,2,9.0,13.89,4.89,3.0,4.22,1.22
16,236,15.5,62,Oncology,78,0.503,All,All,1,2,14.0,18.36,4.36,2.0,3.12,1.12
14,240,1.0,123,Primary Care,61,0.169,Call,Call,0,0,11.0,11.1,0.1,5.0,5.1,0.1
67,64,8.8,42,Primary Care,89,0.343,Call,Call,1,3,12.0,17.84,5.84,2.0,3.78,1.78
5,404,14.3,123,Primary Care,83,0.092,Call,Insights,0,0,13.0,13.58,0.58,2.0,2.04,0.04
35,351,17.5,101,Cardiology,67,0.51,All,Email,1,6,12.0,21.19,9.19,3.0,4.44,1.44
48,432,11.4,109,Cardiology,82,0.379,All,Call,0,0,13.0,13.56,0.56,3.0,3.3,0.3
42,47,17.0,101,Neurology,98,0.51,Insights,Email,0,0,18.0,18.16,0.16,5.0,5.04,0.04
55,106,12.2,128,Cardiology,97,0.804,Insights,Insights,1,3,20.0,28.53,8.53,3.0,5.72,2.72
65,439,4.0,150,Cardiology,74,0.493,Call,Call,0,0,21.0,21.05,0.05,4.0,4.43,0.43
32,22,11.7,170,Primary Care,76,0.2,Email,Email,1,1,8.0,12.02,4.02,3.0,4.34,1.34
67,255,8.8,42,Cardiology,84,0.46,Email,Email,1,5,14.0,24.02,10.02,9.0,11.79,2.79
26,203,8.4,99,Cardiology,81,0.321,Email,Email,0,0,21.0,21.68,0.68,2.0,2.14,0.14
79,470,19.8,87,Neurology,73,0.115,Email,Email,0,0,11.0,12.05,1.05,9.0,9.34,0.34
41,429,8.8,52,Oncology,91,0.722,Insights,Insights,0,0,15.0,15.73,0.73,6.0,6.27,0.27
59,449,17.8,73,Oncology,71,0.266,Email,Email,0,0,10.0,10.31,0.31,4.0,4.01,0.01
71,145,11.1,124,Primary Care,81,0.259,Email,Email,0,0,14.0,14.37,0.37,2.0,2.17,0.17
64,294,18.8,49,Neurology,81,0.318,Call,All,0,0,20.0,20.54,0.54,4.0,4.26,0.26
69,351,19.6,188,Cardiology,67,0.51,Email,Call,1,3,17.0,19.8,2.8,7.0,8.08,1.08
43,484,9.7,154,Oncology,81,0.394,Email,Insights,1,1,15.0,20.16,5.16,2.0,3.12,1.12
4,4,15.7,136,Cardiology,80,0.464,Email,Email,1,4,20.0,28.39,8.39,5.0,7.54,2.54
40,489,4.2,152,Primary Care,80,0.863,Call,Call,0,0,19.0,19.68,0.68,5.0,5.09,0.09
15,178,5.6,103,Oncology,75,0.326,Insights,Insights,1,1,20.0,27.51,7.51,2.0,3.02,1.02
72,65,5.3,163,Cardiology,87,0.215,All,Call,0,0,20.0,20.09,0.09,3.0,3.06,0.06
19,308,12.9,81,Oncology,83,0.44,All,Call,0,0,17.0,17.37,0.37,6.0,6.05,0.05
19,391,12.9,81,Cardiology,83,0.754,All,All,1,7,13.0,25.19,12.19,5.0,8.62,3.62
20,65,4.7,153,Cardiology,87,0.215,Insights,Email,0,0,11.0,11.12,0.12,6.0,6.23,0.23
52,21,18.3,191,Cardiology,74,0.415,All,All,0,0,14.0,15.12,1.12,3.0,3.34,0.34
46,449,14.6,60,Oncology,71,0.266,Insights,Insights,0,0,15.0,16.31,1.31,7.0,7.14,0.14
76,467,1.2,80,Neurology,82,0.399,Insights,Insights,1,2,24.0,28.93,4.93,7.0,8.26,1.26
34,79,1.0,82,Neurology,91,0.237,Call,Insights,0,0,16.0,16.65,0.65,5.0,5.02,0.02
23,453,8.9,67,Cardiology,81,0.285,Call,Call,1,2,14.0,20.57,6.57,3.0,3.73,0.73
4,455,15.7,136,Cardiology,81,0.852,Call,Call,0,0,14.0,14.23,0.23,5.0,5.3,0.3
1,499,18.1,130,Oncology,68,0.052,Email,Email,1,1,16.0,22.0,6.0,6.0,7.77,1.77
30,109,12.2,100,Neurology,75,0.083,All,All,0,0,10.0,10.06,0.06,3.0,3.63,0.63
75,290,10.3,91,Primary Care,89,0.269,Email,Email,1,3,16.0,23.27,7.27,3.0,6.32,3.32
42,498,17.0,101,Oncology,69,0.581,Insights,Insights,0,0,13.0,13.63,0.63,3.0,3.15,0.15
72,452,5.3,163,Cardiology,71,0.233,All,Call,0,0,14.0,14.2,0.2,1.0,1.33,0.33
9,303,12.2,167,Neurology,71,0.161,Call,Call,1,0,15.0,23.39,8.39,4.0,5.06,1.06
8,99,17.0,116,Neurology,72,0.758,Email,Email,1,2,17.0,24.4,7.4,4.0,5.84,1.84
67,43,8.8,42,Neurology,74,0.559,Call,Call,0,0,19.0,19.15,0.15,5.0,5.05,0.05
9,130,12.2,167,Oncology,88,0.424,Call,Insights,1,1,23.0,23.71,0.71,3.0,3.74,0.74
5,33,14.3,123,Oncology,98,0.68,All,Insights,1,0,14.0,17.49,3.49,2.0,3.39,1.39
33,98,7.1,115,Primary Care,84,0.947,Insights,Insights,0,0,16.0,16.02,0.02,1.0,1.13,0.13
74,38,19.7,62,Oncology,84,0.363,All,Call,1,4,14.0,23.37,9.37,3.0,4.67,1.67
56,382,12.0,85,Cardiology,72,0.608,Insights,All,1,6,14.0,19.58,5.58,6.0,7.81,1.81
8,295,17.0,116,Primary Care,84,0.131,All,Call,0,0,15.0,15.04,0.04,6.0,6.09,0.09
67,259,8.8,42,Cardiology,78,0.458,All,All,0,0,17.0,17.63,0.63,1.0,1.17,0.17
68,405,3.4,153,Oncology,74,0.549,Email,Email,1,2,13.0,18.38,5.38,2.0,4.1,2.1
65,206,4.0,150,Oncology,91,0.39,Email,Email,0,0,21.0,21.25,0.25,4.0,4.03,0.03
73,202,9.5,80,Oncology,69,0.55,Email,All,1,6,16.0,21.52,5.52,2.0,3.9,1.9
20,104,4.7,153,Neurology,82,0.246,Insights,Insights,0,0,20.0,20.81,0.81,7.0,7.13,0.13
79,223,19.8,87,Oncology,99,0.726,All,Call,1,3,14.0,23.86,9.86,4.0,5.13,1.13
26,88,8.4,99,Neurology,81,0.53,Insights,Insights,1,0,5.0,10.49,5.49,1.0,1.83,0.83
65,295,4.0,150,Primary Care,84,0.131,Insights,Insights,1,2,15.0,23.43,8.43,3.0,5.12,2.12
47,499,19.6,145,Oncology,68,0.052,All,Email,0,0,17.0,17.23,0.23,3.0,3.26,0.26
63,267,15.4,190,Primary Care,84,0.157,Email,Email,1,1,13.0,15.52,2.52,0.0,1.37,1.37
51,150,15.3,66,Neurology,72,0.618,Email,Email,1,1,14.0,17.86,3.86,4.0,6.34,2.34
52,345,18.3,191,Oncology,68,0.107,All,Email,1,2,20.0,23.31,3.31,7.0,8.85,1.85
50,411,8.5,157,Cardiology,82,0.642,All,Insights,0,0,20.0,21.02,1.02,2.0,2.16,0.16
63,236,15.4,190,Oncology,78,0.503,Insights,Insights,1,1,6.0,11.08,5.08,4.0,4.39,0.39
60,126,13.3,137,Oncology,82,0.333,Email,Email,1,5,17.0,28.21,11.21,4.0,7.01,3.01
11,357,14.7,189,Primary Care,73,0.27,All,All,1,1,7.0,13.48,6.48,4.0,5.51,1.51
67,94,8.8,42,Cardiology,64,0.307,All,All,0,0,15.0,15.38,0.38,9.0,9.35,0.35
43,499,9.7,154,Oncology,68,0.052,Insights,Insights,0,0,17.0,17.4,0.4,3.0,3.05,0.05
26,159,8.4,99,Cardiology,86,0.338,Email,All,0,0,17.0,17.95,0.95,6.0,6.27,0.27
42,176,17.0,101,Primary Care,83,0.723,Insights,Insights,1,4,9.0,17.45,8.45,4.0,6.56,2.56
78,364,19.6,86,Oncology,79,0.603,All,All,1,5,14.0,23.81,9.81,2.0,3.62,1.62
69,7,19.6,188,Cardiology,78,0.528,All,Call,1,2,17.0,25.2,8.2,3.0,4.6,1.6
67,102,8.8,42,Neurology,84,0.344,Insights,Insights,1,0,14.0,18.86,4.86,1.0,2.54,1.54
38,63,2.6,161,Neurology,69,0.409,Insights,Call,0,0,21.0,21.37,0.37,7.0,7.12,0.12
63,196,15.4,190,Primary Care,70,0.377,Insights,Insights,1,3,19.0,24.0,5.0,1.0,3.43,2.43
31,277,7.9,33,Neurology,67,0.525,Insights,Insights,0,0,14.0,15.0,1.0,4.0,4.14,0.14
55,90,12.2,128,Neurology,69,0.307,Call,Call,0,0,21.0,21.0,0.0,2.0,2.58,0.58
52,173,18.3,191,Primary Care,82,0.83,Email,Email,1,4,15.0,23.59,8.59,5.0,7.79,2.79
20,387,4.7,153,Neurology,69,0.094,Email,Email,0,0,13.0,14.45,1.45,4.0,4.34,0.34
22,470,19.0,38,Neurology,73,0.115,All,All,0,0,17.0,17.62,0.62,3.0,3.01,0.01
5,8,14.3,123,Oncology,84,0.211,Email,Email,0,0,17.0,17.46,0.46,7.0,7.19,0.19
12,314,13.9,58,Primary Care,80,0.738,Email,Email,1,3,11.0,20.65,9.65,5.0,7.05,2.05
35,13,17.5,101,Cardiology,82,0.227,All,Call,1,2,23.0,28.04,5.04,3.0,4.75,1.75
39,261,16.9,55,Primary Care,92,0.673,All,All,1,2,25.0,31.01,6.01,3.0,4.78,1.78
14,440,1.0,123,Neurology,80,0.5,Email,Email,1,3,9.0,15.82,6.82,5.0,6.41,1.41
34,400,1.0,82,Neurology,85,0.085,Call,Call,0,0,17.0,18.71,1.71,4.0,4.06,0.06
49,117,14.2,24,Primary Care,85,0.523,All,All,1,7,12.0,24.09,12.09,4.0,7.16,3.16
19,130,12.9,81,Oncology,88,0.424,Call,Call,1,2,12.0,17.65,5.65,2.0,4.49,2.49
28,392,19.3,22,Primary Care,77,0.126,Call,Call,1,2,14.0,20.8,6.8,3.0,5.05,2.05
30,410,12.2,100,Neurology,93,0.263,Call,Call,1,4,10.0,18.09,8.09,6.0,8.6,2.6
41,141,8.8,52,Cardiology,68,0.434,Email,Email,1,0,16.0,19.26,3.26,6.0,6.73,0.73
30,2,12.2,100,Neurology,86,0.643,All,Email,1,3,16.0,22.04,6.04,3.0,4.68,1.68
59,223,17.8,73,Oncology,99,0.726,Email,Email,1,3,15.0,24.48,9.48,7.0,8.85,1.85
27,310,14.9,28,Oncology,73,0.198,Insights,Insights,0,0,20.0,20.15,0.15,0.0,0.56,0.56
35,222,17.5,101,Primary Care,88,0.782,Email,Email,0,0,16.0,16.5,0.5,4.0,4.09,0.09
31,468,7.9,33,Primary Care,86,0.101,Email,Email,1,1,17.0,23.28,6.28,4.0,4.35,0.35
15,407,5.6,103,Primary Care,87,0.244,Email,All,1,4,18.0,24.9,6.9,2.0,3.08,1.08
55,394,12.2,128,Oncology,78,0.317,All,Insights,1,6,19.0,30.25,11.25,4.0,7.57,3.57
19,11,12.9,81,Primary Care,81,0.098,Email,Email,1,2,15.0,22.27,7.27,1.0,2.19,1.19
24,427,5.7,177,Oncology,85,0.282,Call,Call,1,1,18.0,22.62,4.62,6.0,6.71,0.71
64,378,18.8,49,Primary Care,84,0.084,Email,Email,0,0,12.0,12.01,0.01,6.0,6.06,0.06
76,199,1.2,80,Primary Care,88,0.233,All,Email,0,0,15.0,15.49,0.49,2.0,2.2,0.2
54,295,18.8,54,Primary Care,84,0.131,Call,Call,1,3,15.0,25.62,10.62,5.0,7.02,2.02
74,413,19.7,62,Neurology,79,0.576,All,All,0,0,19.0,19.08,0.08,3.0,3.45,0.45
69,454,19.6,188,Cardiology,84,0.267,Insights,Email,0,0,19.0,19.34,0.34,4.0,4.42,0.42
39,276,16.9,55,Neurology,76,0.252,Insights,Insights,0,0,14.0,14.17,0.17,2.0,2.15,0.15
62,21,11.3,183,Cardiology,74,0.415,Insights,Insights,1,2,15.0,20.89,5.89,3.0,4.55,1.55
27,310,14.9,28,Oncology,73,0.198,Email,Email,1,4,15.0,21.52,6.52,8.0,9.93,1.93
37,341,10.3,187,Cardiology,79,0.146,All,All,1,1,11.0,15.04,4.04,4.0,5.0,1.0
43,30,9.7,154,Neurology,91,0.336,All,Email,1,3,24.0,31.41,7.41,2.0,3.4,1.4
77,409,5.6,150,Primary Care,87,0.647,Call,Call,0,0,19.0,19.19,0.19,2.0,2.46,0.46
68,101,3.4,153,Cardiology,69,0.507,Insights,All,0,0,15.0,15.25,0.25,4.0,4.31,0.31
40,446,4.2,152,Primary Care,98,0.446,Email,Email,1,1,13.0,17.61,4.61,5.0,5.16,0.16
53,276,14.4,171,Neurology,76,0.252,Insights,Email,1,3,15.0,18.35,3.35,2.0,3.49,1.49
17,162,14.5,38,Oncology,74,0.62,All,Insights,1,2,10.0,17.25,7.25,4.0,5.66,1.66
65,30,4.0,150,Neurology,91,0.336,All,Call,0,0,19.0,19.76,0.76,7.0,7.37,0.37
45,9,5.0,150,Oncology,79,0.443,Call,Call,1,1,11.0,16.22,5.22,1.0,1.41,0.41
43,371,9.7,154,Oncology,79,0.598,Insights,Insights,1,0,18.0,22.74,4.74,6.0,6.26,0.26
62,189,11.3,183,Neurology,77,0.106,All,Call,0,0,13.0,13.74,0.74,1.0,1.21,0.21
51,421,15.3,66,Primary Care,82,0.174,Email,Email,1,1,13.0,18.08,5.08,4.0,4.48,0.48
6,116,11.4,159,Oncology,75,0.172,Insights,Insights,0,0,9.0,10.7,1.7,5.0,5.07,0.07
24,461,5.7,177,Neurology,93,0.205,Insights,Insights,1,1,14.0,18.96,4.96,3.0,4.11,1.11
15,471,5.6,103,Primary Care,92,0.141,All,All,0,0,16.0,16.05,0.05,4.0,4.03,0.03
59,51,17.8,73,Primary Care,83,0.092,All,Call,1,1,16.0,22.13,6.13,4.0,5.18,1.18
3,324,1.5,33,Neurology,72,0.393,Email,Email,1,4,12.0,19.46,7.46,3.0,5.09,2.09
17,470,14.5,38,Neurology,73,0.115,Email,Email,1,4,17.0,24.01,7.01,3.0,5.26,2.26
48,162,11.4,109,Oncology,74,0.62,Email,Email,0,0,18.0,18.42,0.42,5.0,5.05,0.05
56,34,12.0,85,Primary Care,71,0.112,Email,Email,1,2,22.0,28.81,6.81,3.0,4.17,1.17
41,438,8.8,52,Cardiology,88,0.581,Call,Call,0,0,15.0,15.06,0.06,5.0,5.14,0.14
69,238,19.6,188,Cardiology,63,0.275,All,All,1,5,14.0,20.82,6.82,3.0,5.75,2.75
74,14,19.7,62,Neurology,97,0.519,Call,Call,0,0,14.0,14.11,0.11,4.0,4.34,0.34
11,421,14.7,189,Primary Care,82,0.174,Insights,Insights,0,0,10.0,10.06,0.06,4.0,4.24,0.24
77,340,5.6,150,Primary Care,74,0.612,Call,Call,1,1,13.0,17.74,4.74,3.0,4.02,1.02
50,36,8.5,157,Oncology,95,0.734,Call,Email,0,0,15.0,15.35,0.35,2.0,2.17,0.17
51,130,15.3,66,Oncology,88,0.424,All,All,1,3,14.0,21.41,7.41,6.0,7.08,1.08
8,10,17.0,116,Oncology,62,0.232,Insights,Insights,0,0,22.0,23.33,1.33,3.0,3.45,0.45
50,478,8.5,157,Cardiology,95,0.507,Call,All,0,0,16.0,16.16,0.16,1.0,1.05,0.05
59,13,17.8,73,Cardiology,82,0.227,All,All,1,3,18.0,24.27,6.27,5.0,5.85,0.85
47,398,19.6,145,Cardiology,83,0.425,Call,Call,0,0,21.0,21.72,0.72,5.0,5.54,0.54
7,256,16.5,42,Cardiology,82,0.414,Email,Email,1,4,14.0,22.31,8.31,4.0,6.56,2.56
42,292,17.0,101,Cardiology,67,0.446,Call,Insights,1,2,15.0,16.96,1.96,5.0,6.44,1.44
75,406,10.3,91,Primary Care,83,0.594,Insights,Call,0,0,15.0,16.0,1.0,1.0,1.26,0.26
58,448,14.5,120,Neurology,81,0.512,Call,Call,1,3,15.0,21.01,6.01,6.0,7.45,1.45
11,64,14.7,189,Primary Care,89,0.343,All,All,1,5,14.0,25.22,11.22,8.0,11.7,3.7
77,9,5.6,150,Oncology,79,0.443,Insights,Call,0,0,11.0,11.71,0.71,2.0,2.51,0.51
77,63,5.6,150,Neurology,69,0.409,Call,Call,1,3,12.0,19.67,7.67,6.0,7.23,1.23
14,342,1.0,123,Oncology,83,0.431,All,All,1,1,15.0,19.28,4.28,2.0,3.79,1.79
65,285,4.0,150,Primary Care,76,0.112,Call,Call,0,0,13.0,13.96,0.96,3.0,3.43,0.43
33,42,7.1,115,Oncology,78,0.55,Call,Call,1,3,15.0,22.71,7.71,5.0,8.06,3.06
48,118,11.4,109,Oncology,79,0.377,Email,Email,1,2,13.0,18.87,5.87,6.0,8.45,2.45
36,269,9.2,60,Neurology,94,0.513,Call,Call,0,0,12.0,12.13,0.13,4.0,4.23,0.23
63,366,15.4,190,Primary Care,63,0.338,Call,Call,0,0,13.0,13.04,0.04,1.0,1.03,0.03
80,172,5.0,190,Oncology,91,0.343,Email,Email,0,0,11.0,11.14,0.14,4.0,4.08,0.08
64,475,18.8,49,Cardiology,80,0.758,Insights,Call,1,5,11.0,15.06,4.06,1.0,1.16,0.16
75,497,10.3,91,Oncology,60,0.533,Email,Call,0,0,20.0,21.21,1.21,3.0,3.19,0.19
76,384,1.2,80,Oncology,93,0.521,Email,Email,1,4,7.0,14.55,7.55,4.0,6.87,2.87
8,228,17.0,116,Cardiology,78,0.41,Insights,Insights,1,1,8.0,12.33,4.33,5.0,6.21,1.21
21,439,6.0,31,Cardiology,74,0.493,Call,Call,1,2,15.0,20.26,5.26,6.0,7.78,1.78
58,364,14.5,120,Oncology,79,0.603,Insights,Insights,1,3,20.0,26.77,6.77,2.0,4.31,2.31
48,260,11.4,109,Cardiology,90,0.209,Insights,All,1,3,12.0,14.53,2.53,3.0,5.08,2.08
5,222,14.3,123,Primary Care,88,0.782,Call,All,1,3,15.0,18.98,3.98,7.0,8.27,1.27
8,417,17.0,116,Oncology,73,0.794,Email,Insights,1,0,10.0,13.87,3.87,3.0,3.39,0.39
42,279,17.0,101,Cardiology,75,0.657,Call,Call,1,0,17.0,23.57,6.57,5.0,5.52,0.52
50,92,8.5,157,Primary Care,81,0.167,Email,Email,1,3,10.0,15.5,5.5,6.0,8.82,2.82
14,500,1.0,123,Neurology,86,0.438,Insights,Insights,0,0,15.0,16.45,1.45,0.0,0.15,0.15
14,35,1.0,123,Oncology,84,0.572,All,All,1,2,14.0,23.63,9.63,4.0,6.66,2.66
11,348,14.7,189,Oncology,88,0.382,Insights,Insights,1,0,12.0,15.98,3.98,5.0,5.7,0.7
46,328,14.6,60,Cardiology,83,0.37,Call,Call,1,7,11.0,23.22,12.22,9.0,11.7,2.7
1,294,18.1,130,Neurology,81,0.318,All,All,0,0,12.0,12.24,0.24,4.0,4.08,0.08
46,26,14.6,60,Oncology,78,0.357,Email,Email,0,0,16.0,16.06,0.06,4.0,4.24,0.24
39,247,16.9,55,Oncology,76,0.846,All,All,1,1,11.0,17.43,6.43,2.0,2.19,0.19
38,447,2.6,161,Cardiology,89,0.063,All,All,1,1,16.0,21.09,5.09,2.0,3.66,1.66
55,120,12.2,128,Primary Care,76,0.259,Call,Call,1,2,14.0,21.44,7.44,3.0,3.4,0.4
42,346,17.0,101,Neurology,88,0.173,Email,All,1,7,9.0,18.51,9.51,4.0,7.09,3.09
59,430,17.8,73,Primary Care,77,0.352,Email,Email,1,3,12.0,20.93,8.93,4.0,4.98,0.98
62,477,11.3,183,Primary Care,81,0.627,All,All,1,3,10.0,16.74,6.74,1.0,3.04,2.04
74,259,19.7,62,Cardiology,78,0.458,Email,Email,0,0,16.0,16.6,0.6,6.0,6.1,0.1
64,157,18.8,49,Oncology,85,0.547,All,Insights,1,1,11.0,15.56,4.56,3.0,4.8,1.8
42,350,17.0,101,Neurology,82,0.491,Insights,Insights,1,1,17.0,20.47,3.47,3.0,3.35,0.35
40,244,4.2,152,Oncology,85,0.513,Call,Call,1,4,11.0,19.09,8.09,3.0,5.54,2.54
19,314,12.9,81,Primary Care,80,0.738,Insights,Insights,1,0,16.0,21.32,5.32,5.0,5.23,0.23
48,371,11.4,109,Oncology,79,0.598,Email,Email,0,0,20.0,20.82,0.82,4.0,4.27,0.27
12,356,13.9,58,Oncology,83,0.094,Call,Call,1,2,13.0,21.43,8.43,8.0,8.38,0.38
75,122,10.3,91,Neurology,82,0.76,All,All,0,0,18.0,18.38,0.38,6.0,6.27,0.27
68,378,3.4,153,Primary Care,84,0.084,Email,All,1,2,9.0,11.26,2.26,7.0,8.74,1.74
10,271,19.4,180,Neurology,87,0.401,All,Call,1,2,17.0,22.97,5.97,5.0,6.4,1.4
63,466,15.4,190,Neurology,82,0.66,All,Insights,1,4,16.0,23.32,7.32,6.0,8.26,2.26
10,330,19.4,180,Oncology,70,0.262,Email,Email,1,4,11.0,20.71,9.71,4.0,6.48,2.48
58,446,14.5,120,Primary Care,98,0.446,Insights,Insights,1,0,16.0,21.26,5.26,2.0,3.13,1.13
8,490,17.0,116,Cardiology,85,0.564,Email,Email,1,1,18.0,23.17,5.17,6.0,6.26,0.26
40,498,4.2,152,Oncology,69,0.581,Insights,Insights,0,0,24.0,24.54,0.54,5.0,5.31,0.31
53,373,14.4,171,Neurology,92,0.427,All,All,1,4,24.0,31.58,7.58,2.0,4.03,2.03
59,299,17.8,73,Oncology,81,0.553,All,Call,1,1,18.0,21.44,3.44,2.0,3.27,1.27
34,60,1.0,82,Neurology,96,0.578,All,All,0,0,18.0,18.11,0.11,4.0,4.01,0.01
74,194,19.7,62,Oncology,77,0.095,Email,Insights,1,1,10.0,10.36,0.36,1.0,1.79,0.79
62,238,11.3,183,Cardiology,63,0.275,Insights,Insights,0,0,13.0,13.74,0.74,4.0,4.15,0.15
17,391,14.5,38,Cardiology,83,0.754,Email,Email,0,0,11.0,11.18,0.18,3.0,3.39,0.39
54,295,18.8,54,Primary Care,84,0.131,All,All,1,2,15.0,22.37,7.37,5.0,5.89,0.89
59,220,17.8,73,Cardiology,75,0.559,Email,Email,0,0,17.0,17.13,0.13,5.0,5.12,0.12
27,74,14.9,28,Cardiology,89,0.492,Email,Email,1,2,9.0,12.44,3.44,4.0,6.31,2.31
60,358,13.3,137,Neurology,85,0.659,Email,All,1,9,13.0,20.81,7.81,1.0,3.57,2.57
72,216,5.3,163,Neurology,88,0.684,Email,Email,1,3,8.0,16.23,8.23,5.0,6.63,1.63
66,19,3.4,187,Primary Care,65,0.675,Email,Email,0,0,9.0,9.59,0.59,4.0,4.2,0.2
62,143,11.3,183,Neurology,88,0.131,Email,Email,1,3,24.0,31.85,7.85,4.0,5.62,1.62
51,440,15.3,66,Neurology,80,0.5,All,All,1,4,14.0,20.68,6.68,5.0,7.36,2.36
22,60,19.0,38,Neurology,96,0.578,All,Call,1,2,22.0,29.78,7.78,3.0,3.35,0.35
64,204,18.8,49,Primary Care,73,0.492,Call,Call,1,1,11.0,16.51,5.51,3.0,4.23,1.23
30,257,12.2,100,Neurology,92,0.677,All,Email,1,4,16.0,25.85,9.85,3.0,5.17,2.17
43,42,9.7,154,Oncology,78,0.55,Call,Call,1,1,18.0,21.73,3.73,6.0,7.73,1.73
26,83,8.4,99,Oncology,83,0.469,All,Call,0,0,16.0,16.39,0.39,5.0,5.41,0.41
26,471,8.4,99,Primary Care,92,0.141,Call,Call,0,0,14.0,14.22,0.22,7.0,7.25,0.25
13,296,7.9,51,Oncology,68,0.223,Insights,Insights,0,0,16.0,16.61,0.61,5.0,5.21,0.21
77,106,5.6,150,Cardiology,97,0.804,Call,All,1,5,11.0,16.28,5.28,3.0,5.42,2.42
12,85,13.9,58,Primary Care,100,0.396,Email,Email,1,3,9.0,14.68,5.68,3.0,4.9,1.9
7,213,16.5,42,Cardiology,83,0.393,Insights,Email,1,2,5.0,7.62,2.62,6.0,6.81,0.81
75,362,10.3,91,Cardiology,86,0.334,All,Insights,0,0,13.0,13.97,0.97,2.0,2.17,0.17
45,366,5.0,150,Primary Care,63,0.338,All,Call,1,4,11.0,16.25,5.25,1.0,3.07,2.07
36,98,9.2,60,Primary Care,84,0.947,Call,Call,1,2,13.0,20.95,7.95,0.0,0.97,0.97
59,363,17.8,73,Neurology,69,0.139,Insights,All,0,0,11.0,12.02,1.02,6.0,6.02,0.02
31,449,7.9,33,Oncology,71,0.266,All,Email,1,4,12.0,19.58,7.58,7.0,9.44,2.44
11,114,14.7,189,Neurology,81,0.42,Email,Email,1,7,11.0,21.34,10.34,3.0,5.66,2.66
59,14,17.8,73,Neurology,97,0.519,Email,Insights,1,0,10.0,12.69,2.69,4.0,4.97,0.97
15,480,5.6,103,Primary Care,86,0.362,Call,Call,1,2,16.0,24.54,8.54,6.0,7.52,1.52
45,261,5.0,150,Primary Care,92,0.673,Email,Email,1,3,13.0,21.58,8.58,1.0,3.52,2.52
76,389,1.2,80,Oncology,80,0.152,Call,Call,0,0,9.0,9.12,0.12,8.0,8.04,0.04
75,161,10.3,91,Primary Care,69,0.591,Email,Email,1,3,13.0,16.35,3.35,2.0,4.26,2.26
29,150,12.2,174,Neurology,72,0.618,Insights,Insights,1,2,9.0,13.51,4.51,4.0,5.49,1.49
63,113,15.4,190,Neurology,73,0.145,Insights,Insights,1,2,18.0,23.84,5.84,4.0,4.6,0.6
50,109,8.5,157,Neurology,75,0.083,All,Insights,1,1,12.0,14.42,2.42,4.0,4.75,0.75
39,236,16.9,55,Oncology,78,0.503,Insights,Insights,0,0,19.0,20.43,1.43,5.0,5.81,0.81
12,53,13.9,58,Cardiology,81,0.762,Call,Call,0,0,14.0,14.8,0.8,5.0,5.3,0.3
31,422,7.9,33,Cardiology,88,0.557,All,Email,1,1,13.0,18.36,5.36,2.0,2.66,0.66
53,256,14.4,171,Cardiology,82,0.414,All,Call,0,0,18.0,18.36,0.36,4.0,4.01,0.01
79,458,19.8,87,Primary Care,87,0.194,Insights,All,1,6,22.0,31.1,9.1,6.0,7.55,1.55
1,252,18.1,130,Cardiology,74,0.789,Email,Email,0,0,14.0,14.29,0.29,2.0,2.02,0.02
58,152,14.5,120,Cardiology,87,0.604,Insights,Insights,1,2,17.0,22.85,5.85,4.0,5.64,1.64
68,258,3.4,153,Oncology,69,0.395,Insights,Insights,0,0,23.0,23.94,0.94,4.0,4.39,0.39
77,78,5.6,150,Oncology,75,0.333,Insights,Insights,0,0,19.0,19.24,0.24,2.0,2.11,0.11
34,413,1.0,82,Neurology,79,0.576,All,All,1,1,13.0,18.15,5.15,3.0,3.61,0.61
10,361,19.4,180,Primary Care,77,0.116,All,All,1,5,16.0,24.6,8.6,5.0,8.56,3.56
22,74,19.0,38,Cardiology,89,0.492,All,Email,1,2,10.0,19.0,9.0,7.0,9.57,2.57
69,291,19.6,188,Primary Care,79,0.27,Insights,Insights,1,0,18.0,20.97,2.97,3.0,3.59,0.59
71,269,11.1,124,Neurology,94,0.513,All,Insights,1,1,15.0,18.3,3.3,7.0,8.31,1.31
51,101,15.3,66,Cardiology,69,0.507,All,Insights,1,0,14.0,17.56,3.56,5.0,5.77,0.77
10,62,19.4,180,Neurology,83,0.649,Email,Email,1,3,17.0,23.81,6.81,3.0,4.55,1.55
10,381,19.4,180,Oncology,76,0.158,Insights,Insights,1,1,9.0,15.81,6.81,4.0,5.73,1.73
39,133,16.9,55,Oncology,88,0.176,Email,Email,0,0,21.0,21.08,0.08,3.0,3.03,0.03
48,260,11.4,109,Cardiology,90,0.209,Call,Call,1,4,11.0,21.02,10.02,6.0,8.03,2.03
3,124,1.5,33,Cardiology,64,0.774,Call,Call,1,6,9.0,14.49,5.49,6.0,8.97,2.97
55,327,12.2,128,Neurology,80,0.283,Call,Call,1,2,16.0,21.64,5.64,6.0,8.45,2.45
44,25,18.7,26,Primary Care,87,0.422,Email,All,0,0,15.0,16.33,1.33,4.0,4.01,0.01
1,180,18.1,130,Primary Care,79,0.23,Email,Email,1,4,9.0,15.53,6.53,5.0,6.75,1.75
8,274,17.0,116,Primary Care,79,0.327,Email,All,1,3,10.0,13.97,3.97,3.0,3.66,0.66
37,220,10.3,187,Cardiology,75,0.559,Insights,Insights,1,0,17.0,22.24,5.24,3.0,3.59,0.59
58,307,14.5,120,Neurology,69,0.321,All,Insights,1,2,13.0,18.01,5.01,5.0,7.31,2.31
67,91,8.8,42,Neurology,80,0.394,All,Insights,0,0,17.0,17.25,0.25,7.0,7.15,0.15
35,221,17.5,101,Neurology,71,0.5,Call,Call,1,4,16.0,22.87,6.87,7.0,10.81,3.81
24,379,5.7,177,Oncology,88,0.243,Call,Call,1,5,15.0,24.57,9.57,3.0,5.95,2.95
78,167,19.6,86,Primary Care,82,0.32,All,Email,1,4,18.0,27.29,9.29,5.0,8.2,3.2
37,79,10.3,187,Neurology,91,0.237,Email,Email,1,3,18.0,23.97,5.97,5.0,6.86,1.86
26,424,8.4,99,Neurology,81,0.381,All,All,1,5,26.0,34.04,8.04,4.0,6.01,2.01
36,390,9.2,60,Primary Care,60,0.288,All,Call,1,2,17.0,23.83,6.83,4.0,6.85,2.85
1,341,18.1,130,Cardiology,79,0.146,Insights,Insights,0,0,15.0,15.64,0.64,4.0,4.04,0.04
25,400,10.3,198,Neurology,85,0.085,Email,Email,1,4,8.0,16.61,8.61,3.0,5.38,2.38
42,390,17.0,101,Primary Care,60,0.288,Email,Email,1,2,8.0,14.92,6.92,2.0,3.48,1.48
74,374,19.7,62,Oncology,77,0.751,Insights,Insights,1,2,17.0,23.18,6.18,4.0,5.14,1.14
60,255,13.3,137,Cardiology,84,0.46,Call,Call,0,0,17.0,17.62,0.62,4.0,4.03,0.03
63,10,15.4,190,Oncology,62,0.232,All,Email,1,2,16.0,23.85,7.85,6.0,7.33,1.33
44,299,18.7,26,Oncology,81,0.553,Insights,Insights,0,0,16.0,17.22,1.22,1.0,1.3,0.3
9,137,12.2,167,Cardiology,70,0.134,Call,Call,0,0,10.0,10.24,0.24,3.0,3.11,0.11
32,387,11.7,170,Neurology,69,0.094,Email,Email,0,0,11.0,12.7,1.7,4.0,4.33,0.33
80,235,5.0,190,Primary Care,72,0.151,Call,Call,1,1,14.0,20.14,6.14,9.0,9.68,0.68
4,453,15.7,136,Cardiology,81,0.285,Email,Email,0,0,12.0,12.01,0.01,0.0,0.1,0.1
71,298,11.1,124,Oncology,79,0.701,Insights,Insights,0,0,16.0,16.22,0.22,6.0,6.16,0.16
55,276,12.2,128,Neurology,76,0.252,Insights,Insights,0,0,13.0,13.02,0.02,1.0,1.12,0.12
23,460,8.9,67,Primary Care,77,0.092,All,Email,1,1,11.0,15.4,4.4,12.0,13.08,1.08
63,238,15.4,190,Cardiology,63,0.275,Call,Call,1,3,16.0,20.95,4.95,4.0,4.98,0.98
67,188,8.8,42,Cardiology,91,0.228,Call,Call,1,2,15.0,20.24,5.24,5.0,6.39,1.39
4,186,15.7,136,Cardiology,82,0.35,All,Call,0,0,17.0,17.18,0.18,8.0,8.0,0.0
9,438,12.2,167,Cardiology,88,0.581,Insights,Insights,0,0,22.0,22.85,0.85,6.0,6.39,0.39
54,379,18.8,54,Oncology,88,0.243,All,All,1,4,14.0,22.48,8.48,4.0,5.93,1.93
80,82,5.0,190,Cardiology,85,0.329,Insights,Insights,0,0,16.0,16.01,0.01,4.0,4.13,0.13
2,247,6.3,75,Oncology,76,0.846,All,Insights,1,0,18.0,22.18,4.18,5.0,6.56,1.56
54,186,18.8,54,Cardiology,82,0.35,Email,Call,0,0,23.0,23.52,0.52,2.0,2.42,0.42
11,324,14.7,189,Neurology,72,0.393,Call,Insights,0,0,14.0,14.59,0.59,6.0,6.04,0.04
53,27,14.4,171,Cardiology,98,0.116,All,All,1,9,19.0,32.43,13.43,5.0,9.81,4.81
50,358,8.5,157,Neurology,85,0.659,Email,Email,1,6,16.0,25.12,9.12,3.0,6.5,3.5
8,372,17.0,116,Neurology,80,0.372,All,All,0,0,14.0,14.46,0.46,6.0,6.21,0.21
55,114,12.2,128,Neurology,81,0.42,Call,Call,1,2,23.0,28.47,5.47,4.0,4.46,0.46
72,76,5.3,163,Oncology,85,0.826,Email,Email,1,3,10.0,16.94,6.94,2.0,3.53,1.53
70,314,9.1,60,Primary Care,80,0.738,Email,Email,0,0,8.0,8.11,0.11,2.0,2.11,0.11
3,129,1.5,33,Primary Care,88,0.726,All,Call,1,1,18.0,23.31,5.31,3.0,5.03,2.03
20,471,4.7,153,Primary Care,92,0.141,All,Email,0,0,13.0,13.24,0.24,3.0,3.02,0.02
20,388,4.7,153,Neurology,79,0.508,Call,Insights,0,0,11.0,11.24,0.24,2.0,2.0,0.0
37,478,10.3,187,Cardiology,95,0.507,Email,Call,0,0,16.0,16.91,0.91,5.0,5.1,0.1
12,268,13.9,58,Cardiology,86,0.264,Email,Email,0,0,19.0,19.29,0.29,4.0,4.26,0.26
69,470,19.6,188,Neurology,73,0.115,Email,Email,1,3,10.0,17.11,7.11,4.0,6.08,2.08
63,7,15.4,190,Cardiology,78,0.528,All,Call,0,0,21.0,21.15,0.15,2.0,2.64,0.64
65,145,4.0,150,Primary Care,81,0.259,Email,Email,0,0,15.0,16.45,1.45,1.0,1.01,0.01
16,2,15.5,62,Neurology,86,0.643,Email,All,1,3,24.0,28.66,4.66,1.0,1.95,0.95
2,339,6.3,75,Primary Care,82,0.594,Email,Email,1,3,24.0,33.87,9.87,5.0,5.95,0.95
73,256,9.5,80,Cardiology,82,0.414,Insights,Insights,1,1,13.0,19.01,6.01,2.0,2.96,0.96
24,144,5.7,177,Primary Care,71,0.029,Insights,Insights,0,0,11.0,11.2,0.2,5.0,5.4,0.4
53,153,14.4,171,Oncology,81,0.134,Insights,Insights,1,1,15.0,22.4,7.4,6.0,7.58,1.58
73,322,9.5,80,Oncology,79,0.407,Insights,Insights,0,0,15.0,15.34,0.34,2.0,2.76,0.76
3,91,1.5,33,Neurology,80,0.394,All,Insights,1,5,17.0,26.54,9.54,1.0,3.05,2.05
1,258,18.1,130,Oncology,69,0.395,Call,Call,0,0,18.0,18.22,0.22,7.0,7.06,0.06
1,307,18.1,130,Neurology,69,0.321,All,Email,0,0,14.0,14.0,0.0,2.0,2.02,0.02
13,120,7.9,51,Primary Care,76,0.259,Insights,Insights,0,0,10.0,10.49,0.49,3.0,3.47,0.47
5,115,14.3,123,Oncology,61,0.56,Email,Call,0,0,18.0,21.0,3.0,2.0,2.33,0.33
66,178,3.4,187,Oncology,75,0.326,All,Insights,0,0,16.0,16.18,0.18,2.0,2.09,0.09
49,297,14.2,24,Primary Care,72,0.511,Insights,Insights,0,0,14.0,15.23,1.23,1.0,1.06,0.06
79,128,19.8,87,Primary Care,68,0.624,Insights,Call,1,4,20.0,26.23,6.23,9.0,9.97,0.97
65,190,4.0,150,Primary Care,84,0.621,Email,Email,1,8,16.0,27.4,11.4,4.0,8.28,4.28
78,272,19.6,86,Cardiology,76,0.329,Call,Call,0,0,15.0,15.28,0.28,6.0,6.05,0.05
20,94,4.7,153,Cardiology,64,0.307,All,Email,0,0,15.0,15.15,0.15,3.0,3.03,0.03
24,285,5.7,177,Primary Care,76,0.112,Email,Email,0,0,19.0,19.55,0.55,4.0,4.07,0.07
68,70,3.4,153,Primary Care,76,0.115,Email,Email,0,0,22.0,22.16,0.16,4.0,4.14,0.14
20,72,4.7,153,Cardiology,87,0.334,Call,All,1,5,12.0,17.96,5.96,5.0,6.62,1.62
5,119,14.3,123,Primary Care,75,0.352,Call,Call,0,0,13.0,13.29,0.29,3.0,3.0,0.0
54,144,18.8,54,Primary Care,71,0.029,All,Insights,0,0,16.0,16.07,0.07,4.0,4.44,0.44
65,15,4.0,150,Primary Care,71,0.274,Insights,Email,1,3,18.0,23.22,5.22,2.0,3.15,1.15
78,481,19.6,86,Oncology,78,0.757,All,All,1,1,9.0,14.39,5.39,3.0,4.64,1.64
75,155,10.3,91,Primary Care,70,0.546,Call,Insights,0,0,26.0,26.12,0.12,5.0,5.11,0.11
10,403,19.4,180,Primary Care,85,0.41,Call,Call,1,1,9.0,17.62,8.62,7.0,7.42,0.42
62,451,11.3,183,Neurology,74,0.702,Email,Email,0,0,21.0,21.69,0.69,6.0,6.54,0.54
68,401,3.4,153,Primary Care,88,0.017,Email,Email,0,0,23.0,23.05,0.05,5.0,5.2,0.2
56,416,12.0,85,Oncology,93,0.209,All,All,1,3,11.0,15.33,4.33,5.0,6.94,1.94
66,51,3.4,187,Primary Care,83,0.092,Email,Email,1,4,11.0,19.19,8.19,3.0,4.84,1.84
68,187,3.4,153,Cardiology,100,0.246,Email,Email,1,3,14.0,21.7,7.7,4.0,4.81,0.81
36,374,9.2,60,Oncology,77,0.751,All,Insights,1,3,12.0,18.65,6.65,4.0,5.67,1.67
4,288,15.7,136,Primary Care,84,0.271,Insights,Call,1,4,15.0,18.05,3.05,8.0,9.59,1.59
37,3,10.3,187,Primary Care,78,0.833,Email,Email,0,0,22.0,22.82,0.82,4.0,4.18,0.18
17,284,14.5,38,Primary Care,71,0.228,All,All,0,0,12.0,12.47,0.47,5.0,5.91,0.91
10,403,19.4,180,Primary Care,85,0.41,Insights,Insights,0,0,8.0,8.05,0.05,5.0,5.3,0.3
10,415,19.4,180,Primary Care,79,0.153,All,Call,1,1,11.0,18.56,7.56,6.0,6.73,0.73
56,192,12.0,85,Neurology,63,0.339,Insights,Insights,1,2,15.0,22.46,7.46,5.0,6.44,1.44
41,119,8.8,52,Primary Care,75,0.352,Email,Email,1,1,17.0,24.54,7.54,4.0,4.88,0.88
44,155,18.7,26,Primary Care,70,0.546,Email,All,1,4,11.0,18.5,7.5,3.0,4.63,1.63
60,149,13.3,137,Neurology,68,0.531,Call,All,1,1,15.0,16.55,1.55,5.0,5.98,0.98
44,174,18.7,26,Neurology,102,0.101,All,Call,0,0,20.0,20.19,0.19,6.0,6.18,0.18
51,151,15.3,66,Primary Care,77,0.376,Insights,Insights,0,0,12.0,12.16,0.16,5.0,5.25,0.25
7,229,16.5,42,Primary Care,81,0.425,All,All,1,7,18.0,30.13,12.13,4.0,7.5,3.5
69,21,19.6,188,Cardiology,74,0.415,Insights,Insights,1,2,18.0,23.57,5.57,1.0,1.67,0.67
36,138,9.2,60,Neurology,74,0.142,Call,Email,0,0,20.0,20.08,0.08,8.0,8.03,0.03
13,158,7.9,51,Cardiology,88,0.423,Email,Email,0,0,7.0,7.53,0.53,2.0,2.21,0.21
66,77,3.4,187,Neurology,75,0.827,Email,Email,1,7,8.0,15.2,7.2,5.0,8.18,3.18
59,439,17.8,73,Cardiology,74,0.493,Call,Insights,1,2,14.0,14.79,0.79,4.0,4.89,0.89
5,338,14.3,123,Neurology,80,0.149,Insights,Insights,1,4,13.0,22.47,9.47,6.0,8.08,2.08
16,456,15.5,62,Cardiology,75,0.223,All,Call,0,0,20.0,20.75,0.75,6.0,6.12,0.12
2,281,6.3,75,Primary Care,65,0.633,Email,Email,1,4,15.0,24.04,9.04,6.0,7.09,1.09
22,55,19.0,38,Primary Care,85,0.307,Insights,Insights,0,0,6.0,6.19,0.19,2.0,2.08,0.08
8,453,17.0,116,Cardiology,81,0.285,Email,Email,1,2,12.0,15.8,3.8,4.0,5.78,1.78
57,230,6.8,128,Primary Care,92,0.26,All,All,0,0,8.0,8.63,0.63,6.0,6.1,0.1
42,343,17.0,101,Neurology,73,0.188,Email,Email,0,0,16.0,16.29,0.29,3.0,3.05,0.05
79,191,19.8,87,Cardiology,92,0.145,Insights,Insights,1,4,18.0,25.34,7.34,2.0,4.53,2.53
60,248,13.3,137,Cardiology,80,0.411,Email,Call,0,0,25.0,26.11,1.11,7.0,7.11,0.11
49,245,14.2,24,Cardiology,73,0.766,Email,Email,1,1,20.0,25.3,5.3,2.0,3.81,1.81
41,143,8.8,52,Neurology,88,0.131,Insights,Insights,0,0,11.0,11.77,0.77,4.0,4.06,0.06
5,278,14.3,123,Oncology,76,0.244,Call,Email,0,0,14.0,14.66,0.66,4.0,4.0,0.0
6,367,11.4,159,Primary Care,96,0.438,Call,Call,1,3,20.0,29.13,9.13,2.0,4.89,2.89
50,11,8.5,157,Primary Care,81,0.098,Call,Insights,1,1,7.0,11.67,4.67,4.0,5.11,1.11
1,66,18.1,130,Neurology,84,0.648,All,Insights,0,0,17.0,17.14,0.14,4.0,4.59,0.59
4,422,15.7,136,Cardiology,88,0.557,Call,Call,0,0,19.0,19.29,0.29,0.0,0.08,0.08
18,285,7.3,45,Primary Care,76,0.112,Insights,Insights,1,3,18.0,23.99,5.99,3.0,4.85,1.85
71,487,11.1,124,Primary Care,69,0.447,All,All,0,0,14.0,14.18,0.18,5.0,5.12,0.12
37,303,10.3,187,Neurology,71,0.161,Insights,Insights,1,3,16.0,22.02,6.02,1.0,3.28,2.28
57,327,6.8,128,Neurology,80,0.283,Call,All,1,4,15.0,20.99,5.99,5.0,6.02,1.02
33,450,7.1,115,Neurology,92,0.263,Insights,Insights,0,0,15.0,15.49,0.49,3.0,3.1,0.1
14,331,1.0,123,Oncology,80,0.49,Email,Email,0,0,13.0,13.59,0.59,4.0,4.07,0.07
30,165,12.2,100,Primary Care,74,0.219,Insights,Insights,1,3,15.0,23.1,8.1,8.0,10.66,2.66
8,264,17.0,116,Primary Care,85,0.184,Call,Insights,1,4,19.0,23.6,4.6,6.0,6.48,0.48
62,118,11.3,183,Oncology,79,0.377,All,Email,1,3,9.0,14.98,5.98,5.0,7.06,2.06
15,168,5.6,103,Oncology,67,0.519,All,All,1,5,20.0,28.32,8.32,5.0,8.22,3.22
31,341,7.9,33,Cardiology,79,0.146,Email,Email,0,0,17.0,17.2,0.2,4.0,4.04,0.04
79,75,19.8,87,Oncology,88,0.31,Email,Call,1,0,9.0,11.03,2.03,6.0,6.59,0.59
48,336,11.4,109,Cardiology,79,0.289,Call,Call,1,7,24.0,34.33,10.33,6.0,9.88,3.88
37,293,10.3,187,Neurology,74,0.229,Insights,Insights,0,0,15.0,15.09,0.09,4.0,4.47,0.47
44,155,18.7,26,Primary Care,70,0.546,Call,Email,1,4,16.0,18.88,2.88,5.0,6.39,1.39
63,23,15.4,190,Cardiology,88,0.417,Insights,Insights,1,0,12.0,17.89,5.89,6.0,6.77,0.77
21,353,6.0,31,Primary Care,74,0.284,Insights,All,0,0,13.0,13.35,0.35,2.0,2.05,0.05
51,413,15.3,66,Neurology,79,0.576,All,Email,1,1,26.0,32.45,6.45,3.0,3.97,0.97
70,366,9.1,60,Primary Care,63,0.338,Call,Call,1,1,15.0,21.71,6.71,7.0,7.74,0.74
46,211,14.6,60,Cardiology,92,0.527,Email,Email,1,3,11.0,17.46,6.46,5.0,6.01,1.01
36,327,9.2,60,Neurology,80,0.283,Call,Call,0,0,15.0,15.82,0.82,3.0,4.13,1.13
12,208,13.9,58,Cardiology,66,0.907,Insights,Insights,0,0,13.0,14.77,1.77,7.0,7.08,0.08
20,180,4.7,153,Primary Care,79,0.23,Call,Call,1,3,10.0,19.5,9.5,3.0,4.62,1.62
76,164,1.2,80,Neurology,82,0.635,Call,Call,1,4,14.0,21.66,7.66,5.0,6.91,1.91
44,106,18.7,26,Cardiology,97,0.804,Call,Call,1,3,16.0,21.16,5.16,1.0,2.72,1.72
25,485,10.3,198,Oncology,95,0.015,All,Call,1,3,17.0,24.07,7.07,2.0,3.51,1.51
34,334,1.0,82,Oncology,87,0.118,All,All,1,5,19.0,29.9,10.9,4.0,6.34,2.34
47,88,19.6,145,Neurology,81,0.53,Call,Call,1,4,13.0,22.03,9.03,4.0,5.65,1.65
44,433,18.7,26,Cardiology,83,0.355,Email,Call,1,1,8.0,11.06,3.06,2.0,3.17,1.17
56,76,12.0,85,Oncology,85,0.826,Call,All,0,0,8.0,8.19,0.19,5.0,5.27,0.27
21,297,6.0,31,Primary Care,72,0.511,Call,Call,1,2,14.0,20.38,6.38,5.0,6.61,1.61
52,83,18.3,191,Oncology,83,0.469,All,All,1,8,14.0,27.34,13.34,2.0,5.0,3.0
36,181,9.2,60,Primary Care,69,0.282,Call,Call,0,0,19.0,19.6,0.6,4.0,4.02,0.02
76,330,1.2,80,Oncology,70,0.262,Insights,Insights,0,0,25.0,25.18,0.18,3.0,3.05,0.05
13,500,7.9,51,Neurology,86,0.438,All,All,1,4,11.0,19.42,8.42,2.0,4.44,2.44
12,496,13.9,58,Cardiology,78,0.351,Insights,Insights,0,0,15.0,15.01,0.01,5.0,5.11,0.11
37,448,10.3,187,Neurology,81,0.512,Email,Email,0,0,13.0,13.46,0.46,3.0,3.49,0.49
41,118,8.8,52,Oncology,79,0.377,Insights,Email,1,2,23.0,26.56,3.56,3.0,3.19,0.19
56,47,12.0,85,Neurology,98,0.51,Call,Call,0,0,15.0,15.21,0.21,5.0,5.21,0.21
33,453,7.1,115,Cardiology,81,0.285,Call,Call,0,0,19.0,19.68,0.68,7.0,7.21,0.21
74,462,19.7,62,Primary Care,65,0.088,All,All,1,2,15.0,19.54,4.54,3.0,4.41,1.41
38,140,2.6,161,Primary Care,79,0.139,Call,Call,0,0,10.0,10.96,0.96,4.0,4.02,0.02
11,10,14.7,189,Oncology,62,0.232,Call,Call,0,0,17.0,17.22,0.22,2.0,2.68,0.68
10,324,19.4,180,Neurology,72,0.393,Email,Email,1,1,15.0,18.86,3.86,6.0,6.53,0.53
78,39,19.6,86,Oncology,77,0.367,Email,Insights,1,1,17.0,21.22,4.22,7.0,7.07,0.07
11,21,14.7,189,Cardiology,74,0.415,Insights,Email,0,0,17.0,17.22,0.22,2.0,2.13,0.13
76,469,1.2,80,Cardiology,82,0.326,All,All,1,5,14.0,23.56,9.56,5.0,7.12,2.12
23,248,8.9,67,Cardiology,80,0.411,Insights,Insights,1,5,21.0,29.34,8.34,2.0,5.55,3.55
8,57,17.0,116,Neurology,74,0.438,Call,Call,0,0,12.0,13.63,1.63,3.0,3.18,0.18
25,328,10.3,198,Cardiology,83,0.37,Email,Insights,0,0,16.0,16.41,0.41,3.0,3.1,0.1
50,185,8.5,157,Cardiology,94,0.671,Call,Call,1,2,13.0,19.55,6.55,3.0,4.44,1.44
35,269,17.5,101,Neurology,94,0.513,Insights,Insights,1,2,17.0,21.05,4.05,7.0,7.67,0.67
63,450,15.4,190,Neurology,92,0.263,All,Email,0,0,15.0,15.0,0.0,1.0,1.06,0.06
49,119,14.2,24,Primary Care,75,0.352,Insights,Call,0,0,16.0,16.06,0.06,6.0,6.09,0.09
33,324,7.1,115,Neurology,72,0.393,All,All,1,4,7.0,11.44,4.44,2.0,3.36,1.36
51,415,15.3,66,Primary Care,79,0.153,All,Email,1,2,13.0,20.15,7.15,4.0,6.04,2.04
78,212,19.6,86,Cardiology,70,0.076,Call,All,1,5,24.0,26.39,2.39,4.0,6.62,2.62
33,486,7.1,115,Neurology,83,0.187,Insights,Insights,0,0,16.0,16.06,0.06,6.0,6.02,0.02
13,225,7.9,51,Primary Care,78,0.565,All,Email,1,2,12.0,17.78,5.78,7.0,8.04,1.04
33,230,7.1,115,Primary Care,92,0.26,All,All,0,0,16.0,16.55,0.55,4.0,4.24,0.24
68,443,3.4,153,Primary Care,86,0.185,Call,Call,1,2,24.0,30.65,6.65,5.0,6.87,1.87
18,318,7.3,45,Oncology,73,0.571,Insights,Insights,0,0,13.0,13.3,0.3,3.0,3.04,0.04
76,435,1.2,80,Oncology,85,0.598,Call,All,0,0,10.0,10.16,0.16,3.0,3.15,0.15
48,396,11.4,109,Oncology,61,0.217,All,All,0,0,16.0,17.11,1.11,4.0,4.07,0.07
49,357,14.2,24,Primary Care,73,0.27,All,All,1,3,13.0,19.37,6.37,1.0,2.9,1.9
26,121,8.4,99,Primary Care,71,0.265,All,Insights,0,0,22.0,22.25,0.25,1.0,1.16,0.16
74,200,19.7,62,Primary Care,89,0.329,Email,Call,1,5,12.0,17.71,5.71,5.0,6.39,1.39
3,433,1.5,33,Cardiology,83,0.355,Email,Insights,1,2,12.0,14.6,2.6,3.0,3.02,0.02
24,309,5.7,177,Primary Care,92,0.488,All,Insights,1,4,12.0,19.06,7.06,5.0,6.4,1.4
34,141,1.0,82,Cardiology,68,0.434,Insights,Call,0,0,17.0,17.23,0.23,4.0,4.24,0.24
39,164,16.9,55,Neurology,82,0.635,All,All,0,0,13.0,13.12,0.12,2.0,2.09,0.09
38,388,2.6,161,Neurology,79,0.508,Call,Call,1,5,20.0,29.1,9.1,3.0,4.82,1.82
12,90,13.9,58,Neurology,69,0.307,All,Call,1,5,17.0,27.18,10.18,6.0,7.33,1.33
19,57,12.9,81,Neurology,74,0.438,Insights,Insights,1,0,9.0,12.85,3.85,6.0,6.87,0.87
8,383,17.0,116,Cardiology,73,0.163,Email,Call,1,5,16.0,23.13,7.13,4.0,5.46,1.46
46,145,14.6,60,Primary Care,81,0.259,Email,Email,1,2,15.0,23.39,8.39,3.0,3.56,0.56
29,383,12.2,174,Cardiology,73,0.163,All,Insights,0,0,13.0,13.65,0.65,8.0,8.86,0.86
46,267,14.6,60,Primary Care,84,0.157,Email,All,0,0,20.0,20.55,0.55,4.0,4.21,0.21
48,499,11.4,109,Oncology,68,0.052,All,Email,1,2,18.0,22.22,4.22,1.0,1.82,0.82
57,263,6.8,128,Neurology,68,0.33,Insights,Insights,0,0,13.0,13.4,0.4,2.0,2.58,0.58
44,434,18.7,26,Oncology,69,0.545,Call,Call,1,4,13.0,19.98,6.98,4.0,6.24,2.24
52,426,18.3,191,Cardiology,80,0.166,Call,Call,0,0,15.0,15.2,0.2,3.0,3.02,0.02
47,106,19.6,145,Cardiology,97,0.804,All,Insights,1,0,15.0,21.9,6.9,5.0,5.42,0.42
53,499,14.4,171,Oncology,68,0.052,All,Call,1,5,13.0,21.46,8.46,3.0,5.78,2.78
50,373,8.5,157,Neurology,92,0.427,All,Email,1,3,20.0,25.96,5.96,7.0,10.27,3.27
26,54,8.4,99,Primary Care,70,0.118,All,All,1,3,8.0,15.82,7.82,7.0,9.5,2.5
20,4,4.7,153,Cardiology,80,0.464,Insights,Insights,0,0,20.0,20.08,0.08,3.0,3.31,0.31
63,136,15.4,190,Primary Care,69,0.746,All,Call,1,5,16.0,26.96,10.96,2.0,3.3,1.3
28,9,19.3,22,Oncology,79,0.443,Insights,Insights,1,1,13.0,18.17,5.17,12.0,13.71,1.71
44,179,18.7,26,Cardiology,81,0.096,Insights,Email,0,0,12.0,12.28,0.28,5.0,5.13,0.13
16,499,15.5,62,Oncology,68,0.052,Call,Call,0,0,14.0,15.06,1.06,1.0,1.96,0.96
35,240,17.5,101,Primary Care,61,0.169,Call,Call,1,0,24.0,28.12,4.12,4.0,4.62,0.62
43,12,9.7,154,Neurology,80,0.218,All,All,0,0,10.0,10.67,0.67,5.0,5.08,0.08
51,247,15.3,66,Oncology,76,0.846,Call,Call,1,1,19.0,22.79,3.79,1.0,2.51,1.51
43,110,9.7,154,Neurology,78,0.263,All,Call,0,0,9.0,9.1,0.1,2.0,2.22,0.22
29,429,12.2,174,Oncology,91,0.722,All,Insights,1,1,16.0,20.45,4.45,6.0,7.28,1.28
77,46,5.6,150,Neurology,90,0.647,Call,All,1,6,18.0,24.61,6.61,3.0,5.74,2.74
42,386,17.0,101,Cardiology,87,0.372,Email,Insights,0,0,20.0,20.01,0.01,3.0,3.2,0.2
65,223,4.0,150,Oncology,99,0.726,Insights,Insights,1,0,9.0,12.5,3.5,8.0,8.29,0.29
59,10,17.8,73,Oncology,62,0.232,Email,Email,1,4,15.0,22.13,7.13,1.0,3.21,2.21
45,337,5.0,150,Primary Care,80,0.413,All,All,1,5,24.0,31.68,7.68,6.0,8.8,2.8
71,228,11.1,124,Cardiology,78,0.41,Insights,Insights,1,0,15.0,16.83,1.83,3.0,3.0,0.0
11,386,14.7,189,Cardiology,87,0.372,Call,Call,0,0,19.0,19.37,0.37,6.0,6.02,0.02
74,310,19.7,62,Oncology,73,0.198,Insights,Insights,1,1,10.0,17.34,7.34,5.0,6.18,1.18
69,394,19.6,188,Oncology,78,0.317,Insights,All,1,0,12.0,15.61,3.61,5.0,5.0,0.0
41,231,8.8,52,Oncology,78,0.528,Call,Call,0,0,10.0,10.04,0.04,4.0,4.08,0.08
59,4,17.8,73,Cardiology,80,0.464,Call,Call,1,4,15.0,24.77,9.77,4.0,6.37,2.37
42,66,17.0,101,Neurology,84,0.648,Call,Call,1,1,12.0,17.54,5.54,7.0,8.09,1.09
22,230,19.0,38,Primary Care,92,0.26,All,Email,1,1,18.0,23.5,5.5,7.0,7.74,0.74
64,199,18.8,49,Primary Care,88,0.233,Email,Email,0,0,11.0,12.74,1.74,4.0,4.15,0.15
20,398,4.7,153,Cardiology,83,0.425,Call,Call,1,1,18.0,24.39,6.39,4.0,5.47,1.47
26,206,8.4,99,Oncology,91,0.39,Email,Email,1,5,21.0,31.19,10.19,1.0,4.41,3.41
42,431,17.0,101,Oncology,61,0.102,Call,Insights,0,0,14.0,14.35,0.35,7.0,7.65,0.65
67,94,8.8,42,Cardiology,64,0.307,Email,All,1,4,17.0,21.12,4.12,0.0,0.46,0.46
31,193,7.9,33,Cardiology,65,0.598,All,Call,1,0,14.0,16.06,2.06,6.0,6.78,0.78
40,379,4.2,152,Oncology,88,0.243,Email,Email,0,0,13.0,13.11,0.11,1.0,1.66,0.66
4,63,15.7,136,Neurology,69,0.409,Insights,Insights,0,0,14.0,14.97,0.97,4.0,4.13,0.13
10,161,19.4,180,Primary Care,69,0.591,Call,Call,0,0,13.0,13.44,0.44,9.0,9.0,0.0
5,376,14.3,123,Primary Care,85,0.101,Call,Call,1,1,10.0,16.83,6.83,5.0,6.45,1.45
6,295,11.4,159,Primary Care,84,0.131,Email,Email,1,1,15.0,22.05,7.05,2.0,2.89,0.89
70,390,9.1,60,Primary Care,60,0.288,All,All,0,0,16.0,16.38,0.38,3.0,3.04,0.04
68,258,3.4,153,Oncology,69,0.395,All,All,1,1,13.0,14.7,1.7,5.0,5.65,0.65
66,430,3.4,187,Primary Care,77,0.352,Email,Email,1,0,14.0,18.12,4.12,3.0,3.96,0.96
5,439,14.3,123,Cardiology,74,0.493,All,Call,1,3,9.0,15.67,6.67,6.0,8.29,2.29
7,488,16.5,42,Primary Care,76,0.642,Call,Call,1,5,17.0,25.68,8.68,4.0,6.47,2.47
23,62,8.9,67,Neurology,83,0.649,Insights,Insights,0,0,16.0,16.74,0.74,4.0,4.66,0.66
46,296,14.6,60,Oncology,68,0.223,All,All,1,6,17.0,26.03,9.03,6.0,9.55,3.55
27,58,14.9,28,Neurology,80,0.07,Email,Email,1,5,14.0,26.84,12.84,4.0,7.19,3.19
40,115,4.2,152,Oncology,61,0.56,Call,Call,1,3,10.0,14.11,4.11,1.0,2.77,1.77
14,151,1.0,123,Primary Care,77,0.376,Email,Email,0,0,11.0,11.34,0.34,6.0,6.06,0.06
59,324,17.8,73,Neurology,72,0.393,Insights,Insights,1,2,21.0,25.56,4.56,3.0,3.89,0.89
26,216,8.4,99,Neurology,88,0.684,Call,Call,1,3,14.0,21.2,7.2,4.0,6.24,2.24
6,433,11.4,159,Cardiology,83,0.355,All,Email,1,2,21.0,29.38,8.38,4.0,5.71,1.71
60,150,13.3,137,Neurology,72,0.618,Call,Call,1,0,8.0,10.24,2.24,1.0,1.81,0.81
73,309,9.5,80,Primary Care,92,0.488,All,All,1,1,10.0,14.1,4.1,3.0,3.93,0.93
2,382,6.3,75,Cardiology,72,0.608,Email,Email,1,4,12.0,18.87,6.87,10.0,12.13,2.13
35,491,17.5,101,Oncology,61,0.387,Insights,Insights,0,0,9.0,9.02,0.02,6.0,6.02,0.02
67,123,8.8,42,Cardiology,74,0.458,Call,Call,1,1,16.0,21.19,5.19,3.0,3.79,0.79
57,367,6.8,128,Primary Care,96,0.438,Email,Email,1,1,21.0,25.99,4.99,5.0,6.15,1.15
69,43,19.6,188,Neurology,74,0.559,Email,Email,1,4,12.0,17.98,5.98,4.0,6.56,2.56
34,272,1.0,82,Cardiology,76,0.329,Insights,Insights,1,0,23.0,26.86,3.86,3.0,4.45,1.45
30,207,12.2,100,Oncology,63,0.411,Email,Email,1,5,18.0,28.49,10.49,5.0,6.19,1.19
57,480,6.8,128,Primary Care,86,0.362,Insights,Call,0,0,14.0,14.16,0.16,3.0,3.23,0.23
13,387,7.9,51,Neurology,69,0.094,All,Call,1,1,17.0,21.12,4.12,2.0,3.58,1.58
20,464,4.7,153,Cardiology,85,0.058,Call,Call,0,0,20.0,20.15,0.15,6.0,6.04,0.04
49,426,14.2,24,Cardiology,80,0.166,Email,Email,1,2,11.0,17.89,6.89,5.0,6.91,1.91
54,206,18.8,54,Oncology,91,0.39,Email,Email,1,2,17.0,24.85,7.85,2.0,3.22,1.22
10,367,19.4,180,Primary Care,96,0.438,Email,Email,1,1,12.0,19.88,7.88,4.0,4.93,0.93
41,16,8.8,52,Oncology,92,0.61,Call,All,0,0,12.0,12.98,0.98,1.0,1.16,0.16
30,279,12.2,100,Cardiology,75,0.657,All,All,1,5,19.0,26.2,7.2,1.0,1.86,0.86
41,24,8.8,52,Primary Care,92,0.605,Call,Call,1,4,19.0,25.44,6.44,4.0,5.61,1.61
77,363,5.6,150,Neurology,69,0.139,Email,Email,0,0,12.0,12.04,0.04,5.0,5.29,0.29
7,484,16.5,42,Oncology,81,0.394,Insights,Insights,0,0,12.0,12.65,0.65,3.0,3.08,0.08
80,341,5.0,190,Cardiology,79,0.146,Call,Email,1,1,12.0,16.36,4.36,3.0,3.15,0.15
36,420,9.2,60,Neurology,87,0.385,Insights,Insights,1,3,16.0,22.55,6.55,8.0,9.35,1.35
62,118,11.3,183,Oncology,79,0.377,All,Call,1,0,15.0,17.25,2.25,3.0,3.73,0.73
34,497,1.0,82,Oncology,60,0.533,Call,Call,0,0,12.0,12.05,0.05,3.0,3.48,0.48
25,276,10.3,198,Neurology,76,0.252,Insights,Insights,1,1,12.0,15.47,3.47,4.0,4.0,0.0
62,338,11.3,183,Neurology,80,0.149,All,Call,0,0,14.0,14.3,0.3,7.0,7.22,0.22
56,386,12.0,85,Cardiology,87,0.372,Insights,Insights,1,4,16.0,24.78,8.78,4.0,5.7,1.7
12,320,13.9,58,Neurology,76,0.818,All,Insights,1,1,12.0,14.15,2.15,5.0,5.26,0.26
57,159,6.8,128,Cardiology,86,0.338,All,Call,1,0,17.0,23.36,6.36,1.0,2.56,1.56
61,306,5.4,66,Oncology,78,0.227,Insights,Insights,1,1,9.0,16.0,7.0,3.0,3.53,0.53
32,327,11.7,170,Neurology,80,0.283,Insights,Call,0,0,20.0,20.44,0.44,2.0,2.05,0.05
75,429,10.3,91,Oncology,91,0.722,All,All,1,6,12.0,24.32,12.32,3.0,5.48,2.48
52,241,18.3,191,Cardiology,79,0.319,Insights,Insights,1,4,14.0,21.05,7.05,7.0,9.94,2.94
27,251,14.9,28,Primary Care,90,0.67,Insights,Insights,0,0,13.0,13.25,0.25,4.0,4.3,0.3
1,252,18.1,130,Cardiology,74,0.789,Call,Call,1,3,13.0,21.06,8.06,4.0,5.26,1.26
54,58,18.8,54,Neurology,80,0.07,All,Email,0,0,17.0,17.21,0.21,2.0,2.02,0.02
17,46,14.5,38,Neurology,90,0.647,Email,Email,1,5,7.0,15.28,8.28,2.0,5.5,3.5
61,11,5.4,66,Primary Care,81,0.098,Email,Email,0,0,16.0,16.41,0.41,3.0,3.56,0.56
43,334,9.7,154,Oncology,87,0.118,Call,Call,0,0,18.0,19.24,1.24,3.0,3.14,0.14
38,210,2.6,161,Neurology,81,0.65,Call,Call,1,0,12.0,14.67,2.67,2.0,2.98,0.98
14,433,1.0,123,Cardiology,83,0.355,Insights,Insights,0,0,16.0,17.19,1.19,4.0,4.45,0.45
57,352,6.8,128,Oncology,76,0.756,Email,Email,1,8,15.0,25.09,10.09,2.0,6.33,4.33
14,71,1.0,123,Neurology,87,0.283,Insights,All,1,4,13.0,17.52,4.52,4.0,5.84,1.84
34,51,1.0,82,Primary Care,83,0.092,Insights,Insights,1,1,22.0,28.76,6.76,2.0,3.19,1.19
67,184,8.8,42,Neurology,88,0.178,Email,Email,1,4,20.0,26.42,6.42,2.0,4.36,2.36
74,461,19.7,62,Neurology,93,0.205,Call,Call,0,0,10.0,10.44,0.44,6.0,6.02,0.02
80,25,5.0,190,Primary Care,87,0.422,Insights,Insights,1,1,11.0,15.0,4.0,3.0,4.23,1.23
77,94,5.6,150,Cardiology,64,0.307,All,Insights,0,0,10.0,10.53,0.53,1.0,1.02,0.02
45,15,5.0,150,Primary Care,71,0.274,Call,Call,1,2,17.0,23.01,6.01,4.0,6.01,2.01
17,207,14.5,38,Oncology,63,0.411,Email,Email,0,0,11.0,11.03,0.03,7.0,7.08,0.08
68,495,3.4,153,Oncology,68,0.358,Call,Email,1,3,13.0,16.24,3.24,8.0,8.0,0.0
65,342,4.0,150,Oncology,83,0.431,Email,Email,1,3,26.0,33.61,7.61,8.0,10.29,2.29
80,247,5.0,190,Oncology,76,0.846,Email,Email,1,5,14.0,20.8,6.8,5.0,7.1,2.1
53,73,14.4,171,Primary Care,83,0.365,All,Insights,0,0,15.0,15.0,0.0,2.0,2.2,0.2
12,178,13.9,58,Oncology,75,0.326,Email,Email,0,0,10.0,10.09,0.09,3.0,3.16,0.16
41,263,8.8,52,Neurology,68,0.33,Email,Email,1,2,16.0,20.79,4.79,3.0,4.66,1.66
36,138,9.2,60,Neurology,74,0.142,All,Call,0,0,19.0,19.63,0.63,1.0,1.46,0.46
68,353,3.4,153,Primary Care,74,0.284,Insights,Insights,0,0,13.0,15.07,2.07,3.0,3.31,0.31
32,491,11.7,170,Oncology,61,0.387,Call,Call,0,0,15.0,15.62,0.62,5.0,5.13,0.13
27,103,14.9,28,Cardiology,67,0.095,Insights,Insights,1,4,16.0,24.87,8.87,5.0,6.64,1.64
7,127,16.5,42,Cardiology,63,0.593,All,Insights,1,1,16.0,21.25,5.25,9.0,10.94,1.94
67,64,8.8,42,Primary Care,89,0.343,Email,Email,0,0,21.0,21.78,0.78,4.0,5.03,1.03
61,363,5.4,66,Neurology,69,0.139,Email,All,1,1,14.0,17.45,3.45,5.0,5.0,0.0
4,231,15.7,136,Oncology,78,0.528,All,All,0,0,9.0,10.5,1.5,4.0,4.07,0.07
35,142,17.5,101,Cardiology,86,0.277,All,All,1,2,11.0,19.43,8.43,4.0,5.46,1.46
39,110,16.9,55,Neurology,78,0.263,All,Insights,0,0,14.0,14.02,0.02,4.0,4.3,0.3
38,36,2.6,161,Oncology,95,0.734,Call,Call,1,2,12.0,19.32,7.32,4.0,6.27,2.27
74,239,19.7,62,Cardiology,88,0.392,All,Email,0,0,16.0,16.91,0.91,1.0,1.0,0.0
13,342,7.9,51,Oncology,83,0.431,Call,Insights,0,0,9.0,9.08,0.08,3.0,3.33,0.33
25,118,10.3,198,Oncology,79,0.377,All,Call,1,1,13.0,18.85,5.85,4.0,4.73,0.73
15,1,5.6,103,Primary Care,84,0.555,All,All,1,4,10.0,19.28,9.28,4.0,6.02,2.02
20,237,4.7,153,Primary Care,69,0.497,Email,Email,1,2,16.0,19.92,3.92,1.0,2.6,1.6
73,338,9.5,80,Neurology,80,0.149,Email,All,0,0,15.0,15.47,0.47,1.0,1.1,0.1
76,173,1.2,80,Primary Care,82,0.83,Insights,Insights,1,0,14.0,19.23,5.23,1.0,1.12,0.12
4,126,15.7,136,Oncology,82,0.333,All,Insights,1,0,12.0,16.34,4.34,8.0,8.43,0.43
51,78,15.3,66,Oncology,75,0.333,Email,Email,1,4,11.0,18.94,7.94,5.0,6.87,1.87
19,374,12.9,81,Oncology,77,0.751,All,Email,1,2,15.0,21.48,6.48,3.0,4.29,1.29
16,431,15.5,62,Oncology,61,0.102,Call,All,1,4,14.0,15.53,1.53,6.0,6.05,0.05
24,385,5.7,177,Primary Care,88,0.763,Call,Email,0,0,23.0,23.14,0.14,6.0,6.23,0.23
16,260,15.5,62,Cardiology,90,0.209,Call,Call,1,1,22.0,27.16,5.16,5.0,5.46,0.46
40,363,4.2,152,Neurology,69,0.139,All,All,0,0,9.0,9.18,0.18,3.0,3.16,0.16
80,199,5.0,190,Primary Care,88,0.233,Email,Email,0,0,18.0,19.85,1.85,6.0,6.07,0.07
47,13,19.6,145,Cardiology,82,0.227,Insights,Insights,1,0,14.0,17.59,3.59,2.0,3.07,1.07
58,184,14.5,120,Neurology,88,0.178,Email,Email,1,2,17.0,25.43,8.43,4.0,5.47,1.47
40,352,4.2,152,Oncology,76,0.756,All,All,1,3,19.0,24.55,5.55,2.0,4.68,2.68
2,324,6.3,75,Neurology,72,0.393,All,Insights,1,2,11.0,17.91,6.91,3.0,4.66,1.66
7,496,16.5,42,Cardiology,78,0.351,Email,Email,1,2,10.0,15.3,5.3,2.0,3.4,1.4
22,499,19.0,38,Oncology,68,0.052,Call,Call,0,0,10.0,11.17,1.17,4.0,4.46,0.46
20,122,4.7,153,Neurology,82,0.76,Call,Call,1,4,14.0,22.61,8.61,6.0,8.23,2.23
68,5,3.4,153,Primary Care,67,0.622,Call,Call,0,0,15.0,15.17,0.17,3.0,3.05,0.05
68,138,3.4,153,Neurology,74,0.142,All,All,0,0,17.0,17.63,0.63,1.0,1.13,0.13
69,439,19.6,188,Cardiology,74,0.493,Insights,Insights,1,1,14.0,19.55,5.55,5.0,5.87,0.87
52,407,18.3,191,Primary Care,87,0.244,Call,Call,1,1,19.0,24.66,5.66,6.0,7.01,1.01
45,50,5.0,150,Oncology,77,0.192,All,Call,1,4,12.0,20.55,8.55,9.0,10.88,1.88
52,81,18.3,191,Cardiology,93,0.439,Call,Call,0,0,14.0,14.08,0.08,4.0,4.18,0.18
33,282,7.1,115,Primary Care,95,0.199,Email,Call,0,0,16.0,16.36,0.36,5.0,5.47,0.47
54,331,18.8,54,Oncology,80,0.49,Email,Email,1,5,18.0,24.75,6.75,2.0,4.84,2.84
64,492,18.8,49,Primary Care,84,0.109,Call,Call,0,0,15.0,15.29,0.29,4.0,4.14,0.14
62,378,11.3,183,Primary Care,84,0.084,Insights,All,0,0,17.0,17.03,0.03,6.0,6.08,0.08
50,106,8.5,157,Cardiology,97,0.804,Email,Email,1,5,10.0,22.95,12.95,9.0,10.81,1.81
5,19,14.3,123,Primary Care,65,0.675,Insights,Insights,1,4,10.0,17.45,7.45,6.0,8.53,2.53
58,317,14.5,120,Neurology,72,0.135,Call,Call,1,7,24.0,35.18,11.18,5.0,9.37,4.37
30,277,12.2,100,Neurology,67,0.525,Insights,All,0,0,17.0,17.34,0.34,0.0,0.06,0.06
60,461,13.3,137,Neurology,93,0.205,Email,Email,0,0,14.0,14.05,0.05,1.0,1.67,0.67
44,288,18.7,26,Primary Care,84,0.271,Call,Insights,1,2,8.0,11.09,3.09,1.0,2.08,1.08
71,251,11.1,124,Primary Care,90,0.67,Email,Email,1,3,15.0,22.79,7.79,4.0,6.01,2.01
28,152,19.3,22,Cardiology,87,0.604,Call,Call,1,1,14.0,19.36,5.36,5.0,6.2,1.2
75,44,10.3,91,Oncology,88,0.174,Email,Email,1,3,17.0,25.6,8.6,5.0,6.37,1.37
68,439,3.4,153,Cardiology,74,0.493,Call,Call,1,2,15.0,24.27,9.27,4.0,6.09,2.09
27,414,14.9,28,Primary Care,80,0.738,All,Insights,1,0,11.0,15.59,4.59,3.0,3.39,0.39
39,82,16.9,55,Cardiology,85,0.329,Email,Email,1,1,17.0,20.09,3.09,7.0,8.8,1.8
43,352,9.7,154,Oncology,76,0.756,All,Call,1,3,16.0,21.25,5.25,2.0,4.15,2.15
62,183,11.3,183,Primary Care,68,0.476,Insights,Email,1,2,12.0,17.11,5.11,1.0,2.75,1.75
56,219,12.0,85,Neurology,73,0.039,Insights,Call,1,3,20.0,21.74,1.74,4.0,5.54,1.54
69,425,19.6,188,Cardiology,86,0.128,Insights,Insights,0,0,11.0,11.28,0.28,6.0,6.08,0.08
30,422,12.2,100,Cardiology,88,0.557,Call,All,0,0,18.0,18.06,0.06,3.0,3.2,0.2
41,96,8.8,52,Oncology,78,0.538,All,All,1,5,17.0,30.16,13.16,5.0,7.53,2.53
35,154,17.5,101,Oncology,88,0.42,All,Call,0,0,10.0,10.3,0.3,5.0,5.01,0.01
73,411,9.5,80,Cardiology,82,0.642,All,Call,1,3,13.0,19.25,6.25,5.0,6.63,1.63
25,459,10.3,198,Oncology,84,0.196,Call,Call,0,0,19.0,19.8,0.8,0.0,0.0,0.0
47,40,19.6,145,Oncology,81,0.522,Insights,All,1,2,13.0,16.45,3.45,7.0,8.42,1.42
10,417,19.4,180,Oncology,73,0.794,Email,Email,0,0,21.0,21.42,0.42,4.0,4.15,0.15
69,245,19.6,188,Cardiology,73,0.766,Call,Call,1,1,11.0,14.47,3.47,7.0,7.69,0.69
31,296,7.9,33,Oncology,68,0.223,Email,Email,1,2,12.0,16.75,4.75,5.0,6.14,1.14
28,38,19.3,22,Oncology,84,0.363,Email,Insights,1,3,15.0,18.15,3.15,5.0,7.14,2.14
47,341,19.6,145,Cardiology,79,0.146,Insights,Insights,0,0,16.0,16.17,0.17,3.0,3.02,0.02
40,339,4.2,152,Primary Care,82,0.594,All,All,1,2,16.0,25.1,9.1,5.0,5.9,0.9
68,332,3.4,153,Primary Care,88,0.31,Email,Call,0,0,17.0,19.07,2.07,4.0,4.26,0.26
43,396,9.7,154,Oncology,61,0.217,Insights,Call,0,0,19.0,20.18,1.18,3.0,3.53,0.53
42,474,17.0,101,Primary Care,65,0.287,Insights,Insights,1,1,21.0,25.5,4.5,5.0,5.96,0.96
9,425,12.2,167,Cardiology,86,0.128,All,All,1,1,12.0,18.36,6.36,8.0,8.86,0.86
2,373,6.3,75,Neurology,92,0.427,Insights,Insights,0,0,16.0,16.24,0.24,4.0,4.08,0.08
32,491,11.7,170,Oncology,61,0.387,Email,Email,0,0,16.0,16.03,0.03,3.0,3.01,0.01
80,338,5.0,190,Neurology,80,0.149,Email,Email,0,0,8.0,8.26,0.26,3.0,3.28,0.28
74,337,19.7,62,Primary Care,80,0.413,Insights,Email,1,5,13.0,16.03,3.03,4.0,5.58,1.58
51,272,15.3,66,Cardiology,76,0.329,Email,Email,0,0,12.0,12.42,0.42,4.0,4.03,0.03
51,385,15.3,66,Primary Care,88,0.763,All,Insights,0,0,13.0,13.53,0.53,2.0,2.03,0.03
32,36,11.7,170,Oncology,95,0.734,All,Call,0,0,12.0,13.55,1.55,6.0,6.15,0.15
15,253,5.6,103,Oncology,86,0.74,All,All,1,3,23.0,30.96,7.96,5.0,7.35,2.35
1,213,18.1,130,Cardiology,83,0.393,Call,Call,1,2,12.0,14.75,2.75,5.0,6.07,1.07
28,457,19.3,22,Neurology,105,0.438,All,All,0,0,11.0,11.08,0.08,3.0,3.33,0.33
26,37,8.4,99,Cardiology,84,0.317,Insights,Insights,1,1,10.0,15.31,5.31,3.0,4.36,1.36
16,322,15.5,62,Oncology,79,0.407,Email,All,1,2,13.0,16.19,3.19,8.0,9.21,1.21
21,93,6.0,31,Primary Care,92,0.396,Call,Call,1,8,16.0,28.15,12.15,6.0,10.21,4.21
2,442,6.3,75,Neurology,86,0.281,Email,Insights,1,2,14.0,18.62,4.62,4.0,5.06,1.06
49,426,14.2,24,Cardiology,80,0.166,Call,Call,0,0,14.0,15.19,1.19,6.0,6.21,0.21
75,118,10.3,91,Oncology,79,0.377,All,All,1,5,13.0,24.14,11.14,2.0,3.83,1.83
56,436,12.0,85,Neurology,80,0.202,All,All,1,3,19.0,27.47,8.47,5.0,6.34,1.34
36,249,9.2,60,Oncology,95,0.217,Call,Call,0,0,19.0,19.15,0.15,3.0,3.23,0.23
34,486,1.0,82,Neurology,83,0.187,Insights,Insights,0,0,20.0,20.71,0.71,5.0,5.77,0.77
25,365,10.3,198,Primary Care,94,0.448,Email,Email,0,0,16.0,16.82,0.82,5.0,5.01,0.01
12,18,13.9,58,Neurology,84,0.29,Call,Call,1,5,12.0,22.03,10.03,7.0,9.34,2.34
48,102,11.4,109,Neurology,84,0.344,Email,Email,1,3,18.0,24.99,6.99,5.0,6.7,1.7
46,202,14.6,60,Oncology,69,0.55,Insights,All,1,5,15.0,19.21,4.21,3.0,4.29,1.29
1,106,18.1,130,Cardiology,97,0.804,Insights,Insights,0,0,21.0,22.1,1.1,4.0,4.17,0.17
34,67,1.0,82,Oncology,87,0.465,All,Insights,1,2,19.0,24.76,5.76,4.0,5.56,1.56
23,490,8.9,67,Cardiology,85,0.564,All,Email,1,0,14.0,18.67,4.67,2.0,3.11,1.11
14,435,1.0,123,Oncology,85,0.598,Email,Email,1,4,22.0,29.95,7.95,3.0,4.99,1.99
57,218,6.8,128,Cardiology,77,0.354,All,Insights,0,0,21.0,21.2,0.2,4.0,4.75,0.75
43,108,9.7,154,Primary Care,76,0.337,Email,Email,0,0,17.0,18.74,1.74,4.0,4.12,0.12
51,91,15.3,66,Neurology,80,0.394,Call,Insights,1,1,21.0,24.97,3.97,2.0,2.27,0.27
58,458,14.5,120,Primary Care,87,0.194,Insights,Insights,1,3,17.0,22.95,5.95,3.0,5.07,2.07
79,166,19.8,87,Oncology,77,0.605,Email,Email,1,3,13.0,19.16,6.16,5.0,6.83,1.83
65,7,4.0,150,Cardiology,78,0.528,Email,Call,0,0,11.0,11.53,0.53,2.0,2.19,0.19
50,199,8.5,157,Primary Care,88,0.233,Call,Call,1,5,16.0,24.37,8.37,7.0,7.97,0.97
71,228,11.1,124,Cardiology,78,0.41,Email,Email,0,0,22.0,22.68,0.68,3.0,3.19,0.19
39,312,16.9,55,Neurology,66,0.714,All,All,1,5,18.0,26.06,8.06,5.0,7.61,2.61
79,170,19.8,87,Oncology,85,0.258,Call,Call,1,0,12.0,15.12,3.12,2.0,2.0,0.0
61,462,5.4,66,Primary Care,65,0.088,Insights,Insights,1,2,18.0,22.04,4.04,2.0,3.42,1.42
53,322,14.4,171,Oncology,79,0.407,All,Insights,1,2,17.0,23.03,6.03,6.0,6.52,0.52
73,494,9.5,80,Oncology,64,0.439,Insights,Insights,1,0,15.0,17.34,2.34,5.0,5.82,0.82
42,184,17.0,101,Neurology,88,0.178,Call,Call,1,2,14.0,19.52,5.52,1.0,2.59,1.59
58,326,14.5,120,Cardiology,85,0.18,All,Email,1,4,13.0,22.69,9.69,3.0,5.65,2.65
23,183,8.9,67,Primary Care,68,0.476,Email,Email,0,0,16.0,17.2,1.2,1.0,1.2,0.2
78,350,19.6,86,Neurology,82,0.491,Email,Email,1,3,7.0,14.93,7.93,7.0,8.29,1.29
50,373,8.5,157,Neurology,92,0.427,Insights,Insights,1,3,18.0,27.08,9.08,1.0,2.97,1.97
63,161,15.4,190,Primary Care,69,0.591,Call,Email,1,3,18.0,21.98,3.98,4.0,5.29,1.29
37,469,10.3,187,Cardiology,82,0.326,All,All,1,5,16.0,26.08,10.08,2.0,3.98,1.98
70,429,9.1,60,Oncology,91,0.722,Email,Email,0,0,12.0,13.13,1.13,3.0,3.56,0.56
6,448,11.4,159,Neurology,81,0.512,Insights,Insights,1,1,16.0,22.26,6.26,5.0,6.54,1.54
10,109,19.4,180,Neurology,75,0.083,All,Call,0,0,12.0,13.18,1.18,4.0,4.42,0.42
41,359,8.8,52,Cardiology,90,0.489,All,Email,0,0,9.0,9.13,0.13,7.0,7.05,0.05
59,54,17.8,73,Primary Care,70,0.118,Email,Insights,1,8,13.0,21.9,8.9,4.0,5.45,1.45
65,53,4.0,150,Cardiology,81,0.762,Email,Email,1,6,10.0,20.69,10.69,0.0,1.65,1.65
36,487,9.2,60,Primary Care,69,0.447,All,All,1,4,18.0,29.83,11.83,3.0,4.75,1.75
52,77,18.3,191,Neurology,75,0.827,Insights,Insights,1,3,11.0,19.29,8.29,2.0,3.59,1.59
45,433,5.0,150,Cardiology,83,0.355,Email,Insights,1,0,10.0,14.47,4.47,5.0,6.82,1.82
77,216,5.6,150,Neurology,88,0.684,Email,Email,1,6,16.0,26.0,10.0,3.0,5.59,2.59
53,152,14.4,171,Cardiology,87,0.604,All,Insights,0,0,13.0,13.05,0.05,3.0,3.08,0.08
34,37,1.0,82,Cardiology,84,0.317,Insights,Insights,1,2,13.0,19.39,6.39,1.0,2.73,1.73
78,338,19.6,86,Neurology,80,0.149,Insights,Call,1,1,21.0,22.65,1.65,4.0,4.51,0.51
9,361,12.2,167,Primary Care,77,0.116,All,All,0,0,20.0,21.59,1.59,0.0,0.03,0.03
79,234,19.8,87,Neurology,83,0.397,Email,Insights,0,0,13.0,13.16,0.16,5.0,5.29,0.29
13,405,7.9,51,Oncology,74,0.549,Email,Email,0,0,12.0,12.38,0.38,4.0,4.15,0.15
24,162,5.7,177,Oncology,74,0.62,Insights,Insights,1,0,7.0,12.71,5.71,2.0,2.49,0.49
66,276,3.4,187,Neurology,76,0.252,All,Email,1,2,8.0,14.19,6.19,1.0,1.73,0.73
59,144,17.8,73,Primary Care,71,0.029,Call,Call,0,0,20.0,20.0,0.0,4.0,4.17,0.17
78,292,19.6,86,Cardiology,67,0.446,Insights,Insights,1,1,13.0,20.43,7.43,5.0,6.09,1.09
60,69,13.3,137,Oncology,71,0.226,Email,Email,0,0,14.0,14.54,0.54,3.0,3.18,0.18
51,239,15.3,66,Cardiology,88,0.392,Email,Email,1,2,17.0,21.09,4.09,1.0,2.9,1.9
28,275,19.3,22,Cardiology,94,0.648,All,Email,1,2,11.0,18.34,7.34,10.0,11.23,1.23
1,279,18.1,130,Cardiology,75,0.657,Email,Email,1,0,16.0,19.88,3.88,5.0,5.0,0.0
10,224,19.4,180,Neurology,77,0.28,Email,Email,1,8,15.0,26.62,11.62,5.0,8.11,3.11
24,322,5.7,177,Oncology,79,0.407,All,Email,1,1,17.0,19.35,2.35,3.0,4.63,1.63
4,257,15.7,136,Neurology,92,0.677,Call,Call,1,5,23.0,31.51,8.51,5.0,8.2,3.2
41,142,8.8,52,Cardiology,86,0.277,Call,Call,0,0,11.0,12.64,1.64,3.0,3.09,0.09
63,108,15.4,190,Primary Care,76,0.337,All,Call,0,0,16.0,16.35,0.35,4.0,4.44,0.44
78,324,19.6,86,Neurology,72,0.393,Email,Email,1,4,20.0,29.01,9.01,2.0,4.54,2.54
40,470,4.2,152,Neurology,73,0.115,Insights,Insights,1,1,17.0,20.7,3.7,6.0,6.25,0.25
71,377,11.1,124,Primary Care,70,0.168,Call,Call,0,0,13.0,14.66,1.66,6.0,6.13,0.13
79,320,19.8,87,Neurology,76,0.818,Email,Email,0,0,12.0,12.53,0.53,3.0,3.28,0.28
69,461,19.6,188,Neurology,93,0.205,Insights,Insights,0,0,20.0,20.37,0.37,4.0,4.15,0.15
38,450,2.6,161,Neurology,92,0.263,Call,Call,1,1,20.0,24.64,4.64,2.0,2.95,0.95
27,254,14.9,28,Oncology,81,0.098,All,Insights,1,2,8.0,14.03,6.03,3.0,3.66,0.66
79,55,19.8,87,Primary Care,85,0.307,All,Call,0,0,12.0,13.48,1.48,6.0,6.23,0.23
20,318,4.7,153,Oncology,73,0.571,All,Call,1,1,14.0,20.69,6.69,0.0,2.58,2.58
33,312,7.1,115,Neurology,66,0.714,Call,Email,1,5,15.0,20.03,5.03,8.0,9.63,1.63
6,139,11.4,159,Primary Care,72,0.319,Email,Email,0,0,14.0,14.61,0.61,1.0,1.03,0.03
64,425,18.8,49,Cardiology,86,0.128,All,Insights,0,0,16.0,16.25,0.25,5.0,5.44,0.44
52,435,18.3,191,Oncology,85,0.598,Call,Call,1,3,14.0,22.54,8.54,5.0,6.39,1.39
7,166,16.5,42,Oncology,77,0.605,All,All,0,0,14.0,15.27,1.27,3.0,3.15,0.15
18,239,7.3,45,Cardiology,88,0.392,All,All,1,5,13.0,23.35,10.35,6.0,8.28,2.28
45,98,5.0,150,Primary Care,84,0.947,Call,Insights,1,3,13.0,16.19,3.19,4.0,5.57,1.57
44,90,18.7,26,Neurology,69,0.307,Email,Email,1,1,14.0,18.98,4.98,1.0,1.34,0.34
65,133,4.0,150,Oncology,88,0.176,Insights,Insights,0,0,19.0,19.63,0.63,7.0,7.22,0.22
22,183,19.0,38,Primary Care,68,0.476,Insights,Call,1,1,13.0,15.68,2.68,3.0,3.0,0.0
74,137,19.7,62,Cardiology,70,0.134,Call,Call,1,2,6.0,11.68,5.68,4.0,5.27,1.27
36,76,9.2,60,Oncology,85,0.826,Insights,Insights,1,2,11.0,17.56,6.56,2.0,3.49,1.49
66,224,3.4,187,Neurology,77,0.28,All,All,1,2,17.0,24.37,7.37,4.0,5.85,1.85
20,312,4.7,153,Neurology,66,0.714,Call,Call,1,3,13.0,20.38,7.38,7.0,8.56,1.56
3,163,1.5,33,Neurology,77,0.341,Email,Email,0,0,20.0,20.12,0.12,3.0,3.06,0.06
5,267,14.3,123,Primary Care,84,0.157,All,All,1,5,18.0,25.27,7.27,2.0,4.33,2.33
30,136,12.2,100,Primary Care,69,0.746,All,Email,0,0,16.0,16.29,0.29,3.0,3.08,0.08
77,352,5.6,150,Oncology,76,0.756,All,All,1,5,13.0,23.42,10.42,5.0,7.43,2.43
4,325,15.7,136,Neurology,75,0.759,Email,Email,1,3,8.0,14.3,6.3,6.0,7.91,1.91
30,481,12.2,100,Oncology,78,0.757,All,All,1,4,18.0,27.58,9.58,4.0,6.25,2.25
9,27,12.2,167,Cardiology,98,0.116,All,All,0,0,11.0,11.51,0.51,5.0,5.05,0.05
75,427,10.3,91,Oncology,85,0.282,All,Call,1,2,12.0,19.98,7.98,2.0,4.23,2.23
55,171,12.2,128,Neurology,79,0.107,Call,Email,1,2,15.0,17.28,2.28,4.0,5.26,1.26
62,34,11.3,183,Primary Care,71,0.112,Email,Email,1,4,14.0,21.84,7.84,10.0,12.19,2.19
58,345,14.5,120,Oncology,68,0.107,Insights,Insights,0,0,13.0,13.83,0.83,3.0,3.77,0.77
53,86,14.4,171,Oncology,83,0.564,Call,Call,1,2,14.0,20.2,6.2,4.0,6.97,2.97
62,88,11.3,183,Neurology,81,0.53,Call,Call,1,2,16.0,22.84,6.84,5.0,7.43,2.43
1,490,18.1,130,Cardiology,85,0.564,All,Insights,1,0,15.0,19.97,4.97,4.0,4.26,0.26
70,111,9.1,60,Cardiology,80,0.346,Email,All,0,0,11.0,11.06,0.06,3.0,3.12,0.12
60,274,13.3,137,Primary Care,79,0.327,All,Call,0,0,11.0,11.02,0.02,2.0,2.4,0.4
60,101,13.3,137,Cardiology,69,0.507,Insights,Insights,0,0,17.0,17.28,0.28,3.0,3.55,0.55
32,62,11.7,170,Neurology,83,0.649,All,Email,1,3,17.0,24.22,7.22,4.0,5.85,1.85
65,1,4.0,150,Primary Care,84,0.555,Call,Call,1,1,15.0,18.88,3.88,6.0,6.83,0.83
31,9,7.9,33,Oncology,79,0.443,Insights,All,1,3,21.0,25.02,4.02,7.0,8.4,1.4
4,237,15.7,136,Primary Care,69,0.497,Insights,Insights,0,0,17.0,17.89,0.89,5.0,5.24,0.24
73,218,9.5,80,Cardiology,77,0.354,All,Call,0,0,11.0,11.0,0.0,1.0,1.06,0.06
19,20,12.9,81,Primary Care,75,0.121,Email,Email,1,4,20.0,29.02,9.02,0.0,1.81,1.81
9,175,12.2,167,Oncology,86,0.074,Email,Email,0,0,17.0,17.5,0.5,3.0,3.07,0.07
50,137,8.5,157,Cardiology,70,0.134,All,Email,1,2,17.0,22.93,5.93,3.0,5.27,2.27
19,286,12.9,81,Neurology,85,0.161,Email,Email,1,4,14.0,19.95,5.95,1.0,2.91,1.91
69,498,19.6,188,Oncology,69,0.581,Insights,Insights,1,5,15.0,24.24,9.24,4.0,6.16,2.16
36,346,9.2,60,Neurology,88,0.173,Email,Email,1,2,22.0,28.12,6.12,4.0,6.32,2.32
1,460,18.1,130,Primary Care,77,0.092,Email,All,1,3,17.0,21.81,4.81,2.0,2.79,0.79
77,97,5.6,150,Primary Care,81,0.428,Insights,Insights,1,2,20.0,22.95,2.95,4.0,4.0,0.0
42,108,17.0,101,Primary Care,76,0.337,Insights,Insights,1,4,12.0,23.81,11.81,2.0,5.24,3.24
22,376,19.0,38,Primary Care,85,0.101,Insights,Email,0,0,14.0,14.73,0.73,8.0,8.04,0.04
55,156,12.2,128,Cardiology,82,0.277,Call,Email,0,0,8.0,8.96,0.96,3.0,3.98,0.98
43,425,9.7,154,Cardiology,86,0.128,All,All,0,0,10.0,10.17,0.17,2.0,2.05,0.05
3,232,1.5,33,Neurology,78,0.439,All,Email,0,0,9.0,9.26,0.26,5.0,5.29,0.29
61,101,5.4,66,Cardiology,69,0.507,Call,Email,1,5,17.0,22.96,5.96,5.0,5.34,0.34
33,423,7.1,115,Neurology,84,0.471,Call,Insights,1,1,15.0,20.0,5.0,8.0,8.6,0.6
56,276,12.0,85,Neurology,76,0.252,Call,Call,1,1,21.0,26.27,5.27,2.0,3.02,1.02
72,402,5.3,163,Cardiology,76,0.552,All,All,1,5,12.0,22.3,10.3,1.0,3.37,2.37
49,227,14.2,24,Cardiology,83,0.278,Call,Call,0,0,12.0,12.44,0.44,2.0,2.65,0.65
54,64,18.8,54,Primary Care,89,0.343,Insights,Insights,1,2,14.0,21.51,7.51,6.0,8.46,2.46
21,341,6.0,31,Cardiology,79,0.146,Call,Call,0,0,15.0,15.26,0.26,3.0,3.13,0.13
20,63,4.7,153,Neurology,69,0.409,Insights,All,0,0,24.0,24.62,0.62,4.0,4.3,0.3
34,332,1.0,82,Primary Care,88,0.31,All,Insights,1,1,15.0,20.23,5.23,2.0,4.11,2.11
69,209,19.6,188,Primary Care,77,0.116,Insights,All,0,0,8.0,9.05,1.05,5.0,5.0,0.0
42,396,17.0,101,Oncology,61,0.217,Call,Call,0,0,16.0,16.19,0.19,7.0,7.08,0.08
28,436,19.3,22,Neurology,80,0.202,Call,Call,1,3,14.0,19.14,5.14,5.0,6.85,1.85
63,204,15.4,190,Primary Care,73,0.492,Insights,Insights,1,2,13.0,21.0,8.0,4.0,4.99,0.99
69,442,19.6,188,Neurology,86,0.281,Call,Call,1,1,19.0,23.92,4.92,3.0,4.0,1.0
73,56,9.5,80,Cardiology,82,0.258,All,Insights,1,2,17.0,23.07,6.07,5.0,6.32,1.32
24,54,5.7,177,Primary Care,70,0.118,Call,Call,0,0,12.0,12.03,0.03,5.0,5.08,0.08
57,497,6.8,128,Oncology,60,0.533,Email,Insights,1,3,11.0,15.08,4.08,5.0,5.86,0.86
48,288,11.4,109,Primary Care,84,0.271,Email,Email,0,0,11.0,11.3,0.3,2.0,2.06,0.06
36,226,9.2,60,Primary Care,76,0.391,Insights,Insights,1,2,15.0,18.48,3.48,4.0,5.77,1.77
32,78,11.7,170,Oncology,75,0.333,All,Email,0,0,10.0,10.3,0.3,3.0,3.04,0.04
10,145,19.4,180,Primary Care,81,0.259,Call,Insights,1,0,9.0,11.16,2.16,3.0,3.0,0.0
22,344,19.0,38,Cardiology,99,0.496,Call,Insights,0,0,16.0,16.19,0.19,6.0,6.11,0.11
44,411,18.7,26,Cardiology,82,0.642,Call,Call,1,3,14.0,21.67,7.67,5.0,6.81,1.81
71,459,11.1,124,Oncology,84,0.196,All,All,0,0,18.0,18.42,0.42,8.0,8.23,0.23
70,204,9.1,60,Primary Care,73,0.492,All,All,0,0,18.0,18.59,0.59,4.0,4.21,0.21
16,228,15.5,62,Cardiology,78,0.41,Email,Email,1,7,11.0,18.81,7.81,4.0,6.22,2.22
55,82,12.2,128,Cardiology,85,0.329,Insights,Insights,1,3,13.0,20.34,7.34,7.0,8.56,1.56
7,42,16.5,42,Oncology,78,0.55,All,Call,0,0,15.0,15.02,0.02,2.0,2.72,0.72
55,219,12.2,128,Neurology,73,0.039,All,Call,0,0,14.0,14.28,0.28,7.0,7.05,0.05
28,290,19.3,22,Primary Care,89,0.269,Call,Call,0,0,8.0,8.25,0.25,3.0,3.0,0.0
36,53,9.2,60,Cardiology,81,0.762,All,All,1,4,16.0,24.63,8.63,2.0,4.52,2.52
58,205,14.5,120,Cardiology,72,0.143,Insights,Insights,1,2,20.0,24.22,4.22,3.0,3.87,0.87
34,321,1.0,82,Oncology,80,0.224,Email,Email,1,2,13.0,20.95,7.95,5.0,5.31,0.31
65,406,4.0,150,Primary Care,83,0.594,Email,All,0,0,13.0,13.12,0.12,4.0,4.57,0.57
43,470,9.7,154,Neurology,73,0.115,Call,Call,1,0,19.0,22.44,3.44,1.0,2.07,1.07
80,171,5.0,190,Neurology,79,0.107,Email,Email,1,1,10.0,15.77,5.77,5.0,5.94,0.94
52,196,18.3,191,Primary Care,70,0.377,Call,Call,0,0,14.0,15.5,1.5,1.0,1.38,0.38
24,438,5.7,177,Cardiology,88,0.581,All,Email,0,0,20.0,20.48,0.48,5.0,5.0,0.0
63,347,15.4,190,Primary Care,75,0.174,All,All,0,0,17.0,17.01,0.01,3.0,3.21,0.21
33,137,7.1,115,Cardiology,70,0.134,Email,Email,0,0,9.0,9.51,0.51,2.0,2.01,0.01
43,343,9.7,154,Neurology,73,0.188,Email,Email,1,1,11.0,17.61,6.61,4.0,4.8,0.8
11,79,14.7,189,Neurology,91,0.237,Insights,Insights,1,0,19.0,21.83,2.83,1.0,1.75,0.75
10,225,19.4,180,Primary Care,78,0.565,Call,Call,0,0,13.0,13.54,0.54,5.0,5.25,0.25
46,154,14.6,60,Oncology,88,0.42,Email,Email,0,0,14.0,14.35,0.35,6.0,6.01,0.01
15,497,5.6,103,Oncology,60,0.533,All,Email,1,4,13.0,18.64,5.64,5.0,6.87,1.87
80,18,5.0,190,Neurology,84,0.29,Email,Email,1,2,15.0,17.53,2.53,3.0,4.61,1.61
69,429,19.6,188,Oncology,91,0.722,Email,Email,1,5,13.0,23.73,10.73,2.0,7.31,5.31
57,141,6.8,128,Cardiology,68,0.434,All,Call,1,3,13.0,19.0,6.0,5.0,8.02,3.02
59,19,17.8,73,Primary Care,65,0.675,Insights,Insights,1,2,20.0,26.81,6.81,6.0,7.45,1.45
48,331,11.4,109,Oncology,80,0.49,Call,Call,1,1,17.0,22.46,5.46,3.0,5.04,2.04
5,340,14.3,123,Primary Care,74,0.612,Insights,Insights,0,0,15.0,15.09,0.09,4.0,4.68,0.68
32,72,11.7,170,Cardiology,87,0.334,All,Insights,1,2,11.0,18.64,7.64,5.0,7.43,2.43
40,20,4.2,152,Primary Care,75,0.121,Email,Email,0,0,11.0,11.5,0.5,6.0,6.05,0.05
74,56,19.7,62,Cardiology,82,0.258,Insights,Email,1,1,20.0,22.47,2.47,4.0,5.17,1.17
18,205,7.3,45,Cardiology,72,0.143,Email,Email,1,3,21.0,29.31,8.31,8.0,10.39,2.39
40,67,4.2,152,Oncology,87,0.465,Call,Call,0,0,15.0,15.36,0.36,6.0,6.45,0.45
28,352,19.3,22,Oncology,76,0.756,Call,Call,1,3,19.0,24.83,5.83,4.0,5.55,1.55
11,39,14.7,189,Oncology,77,0.367,Call,Call,0,0,12.0,12.35,0.35,3.0,3.22,0.22
9,395,12.2,167,Primary Care,82,0.363,Email,All,0,0,16.0,16.34,0.34,4.0,4.11,0.11
30,438,12.2,100,Cardiology,88,0.581,All,Insights,0,0,15.0,15.04,0.04,7.0,7.05,0.05
7,359,16.5,42,Cardiology,90,0.489,Call,Call,1,3,15.0,18.61,3.61,4.0,5.57,1.57
6,473,11.4,159,Oncology,95,0.199,All,All,0,0,14.0,16.5,2.5,4.0,4.04,0.04
29,470,12.2,174,Neurology,73,0.115,Call,Call,1,5,13.0,23.55,10.55,5.0,7.74,2.74
17,24,14.5,38,Primary Care,92,0.605,All,Insights,1,2,16.0,24.77,8.77,2.0,3.96,1.96
45,171,5.0,150,Neurology,79,0.107,Insights,Call,0,0,18.0,18.33,0.33,4.0,4.91,0.91
2,381,6.3,75,Oncology,76,0.158,Call,Call,0,0,16.0,16.23,0.23,4.0,4.07,0.07
25,170,10.3,198,Oncology,85,0.258,All,Email,1,2,12.0,18.05,6.05,4.0,6.51,2.51
37,369,10.3,187,Oncology,91,0.499,All,Email,1,0,14.0,17.42,3.42,3.0,4.44,1.44
78,388,19.6,86,Neurology,79,0.508,Call,Email,1,2,15.0,19.57,4.57,6.0,6.09,0.09
51,499,15.3,66,Oncology,68,0.052,Call,Call,1,2,15.0,21.44,6.44,3.0,4.91,1.91
71,165,11.1,124,Primary Care,74,0.219,Insights,Insights,0,0,15.0,16.15,1.15,4.0,4.02,0.02
28,174,19.3,22,Neurology,102,0.101,Insights,Insights,0,0,15.0,15.03,0.03,2.0,2.38,0.38
36,13,9.2,60,Cardiology,82,0.227,Call,Call,0,0,17.0,17.01,0.01,4.0,4.4,0.4
34,143,1.0,82,Neurology,88,0.131,All,Email,1,2,10.0,16.41,6.41,2.0,3.55,1.55
71,141,11.1,124,Cardiology,68,0.434,Call,Call,0,0,23.0,23.28,0.28,3.0,3.02,0.02
77,227,5.6,150,Cardiology,83,0.278,Call,Call,0,0,7.0,7.67,0.67,2.0,2.07,0.07
77,211,5.6,150,Cardiology,92,0.527,Insights,Call,1,2,10.0,12.2,2.2,6.0,6.17,0.17
61,429,5.4,66,Oncology,91,0.722,All,All,1,5,10.0,18.56,8.56,6.0,8.38,2.38
41,387,8.8,52,Neurology,69,0.094,Call,Call,0,0,11.0,11.81,0.81,4.0,4.08,0.08
44,365,18.7,26,Primary Care,94,0.448,Email,Email,0,0,10.0,10.7,0.7,3.0,3.18,0.18
79,3,19.8,87,Primary Care,78,0.833,Email,All,1,2,17.0,20.88,3.88,1.0,3.05,2.05
23,236,8.9,67,Oncology,78,0.503,Insights,Insights,1,2,14.0,18.55,4.55,3.0,4.96,1.96
28,365,19.3,22,Primary Care,94,0.448,Call,Call,1,2,14.0,24.8,10.8,3.0,5.02,2.02
72,123,5.3,163,Cardiology,74,0.458,Call,Email,0,0,18.0,18.45,0.45,6.0,6.06,0.06
31,213,7.9,33,Cardiology,83,0.393,Email,Email,1,4,14.0,23.01,9.01,7.0,8.93,1.93
19,364,12.9,81,Oncology,79,0.603,All,Insights,1,3,16.0,22.25,6.25,3.0,5.86,2.86
45,398,5.0,150,Cardiology,83,0.425,Call,Insights,1,2,14.0,16.43,2.43,2.0,2.72,0.72
27,428,14.9,28,Neurology,76,0.716,Insights,Insights,1,1,13.0,18.08,5.08,8.0,9.22,1.22
72,215,5.3,163,Oncology,88,0.42,Email,Email,1,2,14.0,19.75,5.75,4.0,5.52,1.52
73,200,9.5,80,Primary Care,89,0.329,Email,Email,0,0,19.0,19.04,0.04,5.0,5.07,0.07
25,192,10.3,198,Neurology,63,0.339,Email,Email,0,0,12.0,12.71,0.71,4.0,4.12,0.12
43,335,9.7,154,Neurology,87,0.039,Call,Call,0,0,21.0,21.28,0.28,7.0,7.05,0.05
79,210,19.8,87,Neurology,81,0.65,Call,Call,0,0,15.0,15.27,0.27,3.0,3.1,0.1
60,201,13.3,137,Oncology,77,0.633,Email,Email,0,0,12.0,12.03,0.03,3.0,3.23,0.23
18,85,7.3,45,Primary Care,100,0.396,Call,Call,1,3,11.0,19.41,8.41,4.0,5.49,1.49
48,240,11.4,109,Primary Care,61,0.169,Email,Email,1,3,12.0,18.22,6.22,3.0,5.8,2.8
50,119,8.5,157,Primary Care,75,0.352,Call,Call,0,0,16.0,16.12,0.12,2.0,2.01,0.01
53,263,14.4,171,Neurology,68,0.33,Email,Email,1,1,9.0,13.21,4.21,2.0,3.94,1.94
3,445,1.5,33,Neurology,73,0.19,Email,Email,0,0,16.0,16.23,0.23,8.0,8.1,0.1
24,388,5.7,177,Neurology,79,0.508,Email,Email,1,5,13.0,24.41,11.41,4.0,6.83,2.83
69,240,19.6,188,Primary Care,61,0.169,Insights,Insights,1,1,12.0,15.72,3.72,4.0,4.18,0.18
20,489,4.7,153,Primary Care,80,0.863,All,All,0,0,14.0,14.45,0.45,4.0,4.21,0.21
24,491,5.7,177,Oncology,61,0.387,Insights,Insights,0,0,11.0,12.35,1.35,2.0,2.12,0.12
26,223,8.4,99,Oncology,99,0.726,Email,Email,1,5,17.0,23.46,6.46,3.0,5.93,2.93
15,382,5.6,103,Cardiology,72,0.608,All,Call,1,2,8.0,14.79,6.79,6.0,7.29,1.29
13,172,7.9,51,Oncology,91,0.343,All,Insights,0,0,12.0,12.35,0.35,4.0,4.33,0.33
28,440,19.3,22,Neurology,80,0.5,Call,Insights,1,1,12.0,15.8,3.8,2.0,2.85,0.85
70,187,9.1,60,Cardiology,100,0.246,Email,Email,0,0,15.0,15.22,0.22,1.0,1.32,0.32
1,130,18.1,130,Oncology,88,0.424,All,All,0,0,14.0,14.4,0.4,7.0,7.16,0.16
23,67,8.9,67,Oncology,87,0.465,All,Call,1,1,15.0,18.97,3.97,3.0,3.36,0.36
5,422,14.3,123,Cardiology,88,0.557,All,All,1,4,17.0,27.33,10.33,5.0,7.78,2.78
45,149,5.0,150,Neurology,68,0.531,Insights,Insights,0,0,13.0,13.73,0.73,2.0,2.07,0.07
21,407,6.0,31,Primary Care,87,0.244,Insights,All,1,4,11.0,17.88,6.88,4.0,4.76,0.76
64,44,18.8,49,Oncology,88,0.174,All,All,1,3,18.0,23.86,5.86,3.0,5.02,2.02
47,251,19.6,145,Primary Care,90,0.67,Email,Email,1,5,21.0,29.68,8.68,3.0,6.69,3.69
63,214,15.4,190,Primary Care,80,0.677,Email,Insights,0,0,9.0,11.06,2.06,3.0,3.23,0.23
51,220,15.3,66,Cardiology,75,0.559,All,Call,1,4,13.0,23.92,10.92,7.0,9.33,2.33
36,84,9.2,60,Cardiology,89,0.343,Email,Email,0,0,20.0,20.41,0.41,4.0,4.26,0.26
69,37,19.6,188,Cardiology,84,0.317,Call,Call,1,3,13.0,18.52,5.52,5.0,7.73,2.73
39,174,16.9,55,Neurology,102,0.101,Call,All,1,4,15.0,20.5,5.5,3.0,4.66,1.66
76,236,1.2,80,Oncology,78,0.503,Email,Email,1,5,14.0,23.29,9.29,4.0,5.31,1.31
80,397,5.0,190,Primary Care,90,0.631,Email,Email,1,2,19.0,26.48,7.48,3.0,5.04,2.04
48,232,11.4,109,Neurology,78,0.439,Insights,Insights,0,0,14.0,14.57,0.57,3.0,3.12,0.12
54,123,18.8,54,Cardiology,74,0.458,Call,Call,1,5,11.0,18.89,7.89,3.0,5.38,2.38
21,132,6.0,31,Oncology,73,0.254,Insights,Insights,0,0,13.0,14.66,1.66,3.0,3.07,0.07
66,306,3.4,187,Oncology,78,0.227,Call,Insights,1,2,18.0,20.83,2.83,6.0,6.49,0.49
54,218,18.8,54,Cardiology,77,0.354,All,Call,1,3,10.0,19.14,9.14,6.0,7.52,1.52
73,451,9.5,80,Neurology,74,0.702,Insights,Insights,1,4,16.0,23.91,7.91,5.0,7.03,2.03
22,220,19.0,38,Cardiology,75,0.559,All,Email,0,0,21.0,21.03,0.03,5.0,5.2,0.2
64,284,18.8,49,Primary Care,71,0.228,Call,All,1,3,14.0,17.88,3.88,6.0,6.74,0.74
38,32,2.6,161,Cardiology,67,0.366,Email,All,0,0,20.0,20.15,0.15,2.0,2.27,0.27
15,97,5.6,103,Primary Care,81,0.428,All,Insights,1,1,11.0,18.61,7.61,0.0,1.08,1.08
14,426,1.0,123,Cardiology,80,0.166,All,Insights,0,0,20.0,20.37,0.37,2.0,2.04,0.04
45,173,5.0,150,Primary Care,82,0.83,Email,Call,0,0,15.0,15.61,0.61,4.0,4.01,0.01
26,211,8.4,99,Cardiology,92,0.527,Insights,Email,0,0,20.0,20.23,0.23,7.0,7.09,0.09
9,296,12.2,167,Oncology,68,0.223,Insights,Insights,1,1,13.0,17.57,4.57,2.0,3.67,1.67
35,29,17.5,101,Oncology,75,0.618,Email,Call,1,1,19.0,24.38,5.38,3.0,3.0,0.0
53,254,14.4,171,Oncology,81,0.098,Insights,Insights,0,0,9.0,9.15,0.15,4.0,4.09,0.09
26,174,8.4,99,Neurology,102,0.101,Email,Call,1,4,14.0,19.33,5.33,2.0,2.79,0.79
77,75,5.6,150,Oncology,88,0.31,Email,Email,0,0,9.0,9.31,0.31,9.0,9.16,0.16
63,210,15.4,190,Neurology,81,0.65,All,Email,1,4,15.0,25.59,10.59,3.0,5.97,2.97
42,224,17.0,101,Neurology,77,0.28,Call,Call,1,3,7.0,13.82,6.82,5.0,7.26,2.26
75,94,10.3,91,Cardiology,64,0.307,All,All,1,4,17.0,26.44,9.44,2.0,4.08,2.08
35,272,17.5,101,Cardiology,76,0.329,All,All,1,5,12.0,22.92,10.92,1.0,3.54,2.54
12,374,13.9,58,Oncology,77,0.751,All,Email,1,2,22.0,29.3,7.3,4.0,5.04,1.04
3,134,1.5,33,Neurology,80,0.588,Call,Call,0,0,16.0,17.02,1.02,4.0,4.18,0.18
76,484,1.2,80,Oncology,81,0.394,Call,Insights,1,0,13.0,14.22,1.22,2.0,2.11,0.11
77,307,5.6,150,Neurology,69,0.321,Call,Call,0,0,14.0,14.46,0.46,7.0,7.1,0.1
60,387,13.3,137,Neurology,69,0.094,Insights,Insights,1,1,20.0,24.62,4.62,3.0,4.01,1.01
9,36,12.2,167,Oncology,95,0.734,Call,Call,1,3,19.0,25.41,6.41,7.0,9.74,2.74
24,384,5.7,177,Oncology,93,0.521,All,All,1,7,15.0,29.36,14.36,3.0,6.66,3.66
4,169,15.7,136,Neurology,85,0.207,Call,Call,1,1,20.0,25.08,5.08,2.0,3.4,1.4
5,356,14.3,123,Oncology,83,0.094,Email,Email,1,3,11.0,18.64,7.64,4.0,5.27,1.27
20,403,4.7,153,Primary Care,85,0.41,All,All,1,1,15.0,20.47,5.47,2.0,3.48,1.48
46,126,14.6,60,Oncology,82,0.333,All,All,1,3,13.0,17.91,4.91,4.0,4.36,0.36
6,130,11.4,159,Oncology,88,0.424,Call,Call,0,0,9.0,9.08,0.08,3.0,3.39,0.39
79,30,19.8,87,Neurology,91,0.336,Insights,Insights,1,2,17.0,24.68,7.68,3.0,3.84,0.84
37,303,10.3,187,Neurology,71,0.161,Call,Call,1,2,13.0,18.86,5.86,5.0,6.24,1.24
22,388,19.0,38,Neurology,79,0.508,All,All,1,5,15.0,23.63,8.63,8.0,10.32,2.32
42,206,17.0,101,Oncology,91,0.39,Call,Call,1,0,15.0,19.85,4.85,5.0,5.63,0.63
64,81,18.8,49,Cardiology,93,0.439,Insights,Insights,1,1,14.0,21.1,7.1,5.0,6.23,1.23
26,159,8.4,99,Cardiology,86,0.338,Email,Email,0,0,18.0,18.21,0.21,2.0,2.01,0.01
4,202,15.7,136,Oncology,69,0.55,Email,Email,1,1,12.0,16.65,4.65,4.0,5.94,1.94
5,459,14.3,123,Oncology,84,0.196,All,All,1,4,14.0,22.4,8.4,7.0,8.72,1.72
69,63,19.6,188,Neurology,69,0.409,Call,Email,0,0,16.0,16.35,0.35,4.0,4.13,0.13
9,172,12.2,167,Oncology,91,0.343,Email,Email,1,1,14.0,21.24,7.24,5.0,6.17,1.17
51,320,15.3,66,Neurology,76,0.818,Email,Insights,1,1,12.0,13.01,1.01,4.0,4.9,0.9
31,119,7.9,33,Primary Care,75,0.352,Call,Call,0,0,12.0,12.07,0.07,1.0,1.25,0.25
63,443,15.4,190,Primary Care,86,0.185,All,Call,1,0,20.0,24.01,4.01,2.0,3.97,1.97
5,455,14.3,123,Cardiology,81,0.852,Call,Call,0,0,9.0,10.71,1.71,2.0,2.13,0.13
72,191,5.3,163,Cardiology,92,0.145,All,Call,1,0,15.0,17.35,2.35,5.0,6.72,1.72
56,373,12.0,85,Neurology,92,0.427,All,Call,0,0,12.0,12.55,0.55,1.0,1.65,0.65
36,378,9.2,60,Primary Care,84,0.084,Call,Insights,0,0,13.0,13.16,0.16,6.0,6.52,0.52
17,341,14.5,38,Cardiology,79,0.146,All,All,1,0,15.0,17.6,2.6,1.0,1.0,0.0
79,94,19.8,87,Cardiology,64,0.307,Email,Email,0,0,12.0,12.16,0.16,6.0,6.33,0.33
25,25,10.3,198,Primary Care,87,0.422,Call,Call,1,2,11.0,18.45,7.45,6.0,7.35,1.35
40,174,4.2,152,Neurology,102,0.101,Email,Email,0,0,12.0,12.76,0.76,3.0,3.06,0.06
32,66,11.7,170,Neurology,84,0.648,Email,Email,0,0,15.0,15.49,0.49,5.0,5.15,0.15
19,147,12.9,81,Cardiology,86,0.24,Email,Email,1,6,12.0,21.26,9.26,4.0,6.08,2.08
34,320,1.0,82,Neurology,76,0.818,Email,Email,0,0,13.0,13.24,0.24,3.0,3.0,0.0
13,295,7.9,51,Primary Care,84,0.131,All,Email,1,3,13.0,18.55,5.55,3.0,5.24,2.24
1,105,18.1,130,Cardiology,70,0.342,Insights,Insights,0,0,16.0,16.44,0.44,5.0,5.08,0.08
24,9,5.7,177,Oncology,79,0.443,All,All,0,0,21.0,21.31,0.31,3.0,3.07,0.07
9,113,12.2,167,Neurology,73,0.145,Insights,Insights,1,1,15.0,24.24,9.24,7.0,7.07,0.07
34,228,1.0,82,Cardiology,78,0.41,Insights,Insights,0,0,20.0,20.17,0.17,3.0,3.45,0.45
70,390,9.1,60,Primary Care,60,0.288,Email,Email,0,0,12.0,15.0,3.0,4.0,4.05,0.05
14,183,1.0,123,Primary Care,68,0.476,Insights,Insights,1,2,19.0,24.84,5.84,2.0,3.65,1.65
1,143,18.1,130,Neurology,88,0.131,Call,Call,0,0,20.0,20.65,0.65,7.0,7.18,0.18
9,276,12.2,167,Neurology,76,0.252,All,Email,1,6,11.0,22.72,11.72,4.0,6.29,2.29
41,36,8.8,52,Oncology,95,0.734,All,Email,0,0,13.0,13.33,0.33,2.0,2.16,0.16
22,113,19.0,38,Neurology,73,0.145,Email,Email,0,0,13.0,13.16,0.16,6.0,6.16,0.16
40,19,4.2,152,Primary Care,65,0.675,Insights,Call,0,0,23.0,23.16,0.16,6.0,6.62,0.62
3,263,1.5,33,Neurology,68,0.33,Insights,Insights,0,0,13.0,13.08,0.08,0.0,0.08,0.08
27,222,14.9,28,Primary Care,88,0.782,Insights,All,1,1,22.0,27.2,5.2,7.0,9.16,2.16
33,292,7.1,115,Cardiology,67,0.446,Email,Insights,1,3,21.0,23.41,2.41,4.0,4.64,0.64
35,309,17.5,101,Primary Care,92,0.488,Insights,Insights,1,4,20.0,29.31,9.31,2.0,4.31,2.31
45,198,5.0,150,Oncology,69,0.558,All,All,1,7,17.0,29.15,12.15,6.0,8.95,2.95
63,435,15.4,190,Oncology,85,0.598,Call,Call,1,3,8.0,12.98,4.98,6.0,7.21,1.21
38,460,2.6,161,Primary Care,77,0.092,Insights,All,0,0,12.0,12.33,0.33,1.0,1.23,0.23
68,56,3.4,153,Cardiology,82,0.258,Email,Email,0,0,16.0,16.22,0.22,3.0,3.03,0.03
43,461,9.7,154,Neurology,93,0.205,All,Call,1,1,12.0,16.81,4.81,1.0,1.88,0.88
21,99,6.0,31,Neurology,72,0.758,Email,Call,1,3,11.0,17.31,6.31,6.0,6.83,0.83
19,125,12.9,81,Neurology,79,0.505,Email,Email,0,0,18.0,18.48,0.48,4.0,4.23,0.23
26,265,8.4,99,Cardiology,79,0.42,Call,Call,1,4,16.0,22.09,6.09,6.0,7.95,1.95
48,15,11.4,109,Primary Care,71,0.274,All,All,1,4,17.0,25.86,8.86,4.0,5.96,1.96
20,183,4.7,153,Primary Care,68,0.476,All,All,1,4,10.0,18.67,8.67,2.0,3.5,1.5
74,98,19.7,62,Primary Care,84,0.947,Email,Email,1,2,15.0,18.01,3.01,3.0,4.96,1.96
39,242,16.9,55,Primary Care,74,0.264,Email,Email,1,4,19.0,27.76,8.76,6.0,7.06,1.06
70,408,9.1,60,Cardiology,85,0.605,All,All,1,6,8.0,17.9,9.9,5.0,8.01,3.01
55,463,12.2,128,Neurology,64,0.253,Call,Call,1,2,23.0,30.29,7.29,2.0,3.26,1.26
27,107,14.9,28,Primary Care,71,0.345,Email,Email,1,3,17.0,22.52,5.52,4.0,5.8,1.8
19,273,12.9,81,Neurology,77,0.662,All,Call,1,2,15.0,21.22,6.22,2.0,3.72,1.72
60,238,13.3,137,Cardiology,63,0.275,Email,Call,0,0,19.0,19.33,0.33,4.0,4.15,0.15
27,208,14.9,28,Cardiology,66,0.907,Insights,Insights,1,1,15.0,18.77,3.77,0.0,0.0,0.0
20,317,4.7,153,Neurology,72,0.135,Email,Email,1,3,11.0,14.57,3.57,3.0,4.6,1.6
75,495,10.3,91,Oncology,68,0.358,All,Insights,1,3,12.0,20.29,8.29,3.0,5.01,2.01
39,203,16.9,55,Cardiology,81,0.321,All,Email,1,5,17.0,28.01,11.01,4.0,6.77,2.77
4,33,15.7,136,Oncology,98,0.68,Call,Call,1,2,14.0,20.86,6.86,2.0,3.1,1.1
40,458,4.2,152,Primary Care,87,0.194,Insights,Insights,0,0,13.0,13.35,0.35,5.0,5.04,0.04
37,467,10.3,187,Neurology,82,0.399,All,All,0,0,15.0,15.01,0.01,5.0,5.23,0.23
70,162,9.1,60,Oncology,74,0.62,All,All,1,2,15.0,22.55,7.55,4.0,5.74,1.74
57,251,6.8,128,Primary Care,90,0.67,Call,Email,0,0,13.0,15.46,2.46,2.0,2.15,0.15
16,432,15.5,62,Cardiology,82,0.379,Call,Call,0,0,15.0,15.36,0.36,8.0,8.01,0.01
13,252,7.9,51,Cardiology,74,0.789,All,All,1,2,12.0,20.14,8.14,2.0,3.2,1.2
49,241,14.2,24,Cardiology,79,0.319,Email,Email,1,2,20.0,24.16,4.16,4.0,5.0,1.0
4,461,15.7,136,Neurology,93,0.205,Email,Email,1,2,17.0,20.67,3.67,9.0,10.62,1.62
26,415,8.4,99,Primary Care,79,0.153,Email,Email,0,0,12.0,12.1,0.1,10.0,10.74,0.74
12,254,13.9,58,Oncology,81,0.098,All,All,1,2,15.0,20.86,5.86,3.0,3.72,0.72
2,81,6.3,75,Cardiology,93,0.439,Email,Email,1,2,15.0,19.88,4.88,5.0,6.45,1.45
74,220,19.7,62,Cardiology,75,0.559,Call,All,0,0,13.0,13.42,0.42,2.0,2.0,0.0
8,339,17.0,116,Primary Care,82,0.594,Insights,Insights,1,1,13.0,18.72,5.72,7.0,8.59,1.59
1,137,18.1,130,Cardiology,70,0.134,Email,Insights,0,0,9.0,9.31,0.31,7.0,7.22,0.22
75,269,10.3,91,Neurology,94,0.513,Call,Call,0,0,16.0,16.38,0.38,3.0,3.03,0.03
16,330,15.5,62,Oncology,70,0.262,Call,Call,1,3,12.0,18.15,6.15,1.0,3.37,2.37
66,43,3.4,187,Neurology,74,0.559,Email,Call,1,5,10.0,15.93,5.93,3.0,4.94,1.94
3,285,1.5,33,Primary Care,76,0.112,All,All,1,3,12.0,20.67,8.67,4.0,5.65,1.65
13,369,7.9,51,Oncology,91,0.499,Email,Email,1,3,13.0,21.97,8.97,4.0,6.3,2.3
9,108,12.2,167,Primary Care,76,0.337,All,Email,0,0,19.0,19.27,0.27,2.0,2.03,0.03
57,275,6.8,128,Cardiology,94,0.648,Call,All,0,0,20.0,20.55,0.55,6.0,6.12,0.12
50,355,8.5,157,Cardiology,79,0.655,Email,Email,1,2,17.0,22.33,5.33,5.0,6.48,1.48
39,23,16.9,55,Cardiology,88,0.417,Email,Email,1,2,27.0,32.8,5.8,5.0,7.25,2.25
20,323,4.7,153,Cardiology,79,0.305,Insights,Insights,0,0,17.0,17.15,0.15,1.0,1.32,0.32
8,130,17.0,116,Oncology,88,0.424,Call,Email,1,4,10.0,14.3,4.3,4.0,4.35,0.35
46,199,14.6,60,Primary Care,88,0.233,Email,Email,0,0,15.0,15.16,0.16,7.0,7.72,0.72
19,325,12.9,81,Neurology,75,0.759,All,Email,1,3,19.0,27.36,8.36,6.0,7.3,1.3
48,3,11.4,109,Primary Care,78,0.833,Call,Call,1,1,20.0,24.46,4.46,6.0,6.73,0.73
55,9,12.2,128,Oncology,79,0.443,All,Email,1,7,21.0,32.46,11.46,3.0,6.22,3.22
68,224,3.4,153,Neurology,77,0.28,Email,Email,1,2,15.0,20.46,5.46,5.0,6.93,1.93
40,475,4.2,152,Cardiology,80,0.758,Email,Email,1,3,9.0,14.76,5.76,4.0,5.99,1.99
1,4,18.1,130,Cardiology,80,0.464,Insights,Call,1,1,12.0,13.51,1.51,2.0,3.29,1.29
23,395,8.9,67,Primary Care,82,0.363,Call,Call,1,1,12.0,19.8,7.8,1.0,2.01,1.01
69,38,19.6,188,Oncology,84,0.363,Email,Email,0,0,15.0,15.51,0.51,1.0,1.07,0.07
43,245,9.7,154,Cardiology,73,0.766,Email,Email,1,6,23.0,33.79,10.79,3.0,6.18,3.18
50,216,8.5,157,Neurology,88,0.684,Email,Email,0,0,14.0,14.06,0.06,2.0,2.86,0.86
37,235,10.3,187,Primary Care,72,0.151,All,Insights,1,0,12.0,14.13,2.13,9.0,10.15,1.15
14,41,1.0,123,Oncology,79,0.401,Call,Call,0,0,14.0,14.64,0.64,6.0,6.02,0.02
72,377,5.3,163,Primary Care,70,0.168,All,All,1,3,17.0,24.21,7.21,1.0,2.23,1.23
62,138,11.3,183,Neurology,74,0.142,Email,Email,0,0,13.0,13.43,0.43,5.0,6.05,1.05
80,386,5.0,190,Cardiology,87,0.372,Call,Call,1,1,12.0,16.66,4.66,11.0,12.4,1.4
69,328,19.6,188,Cardiology,83,0.37,Call,All,1,6,15.0,21.4,6.4,2.0,4.08,2.08
24,276,5.7,177,Neurology,76,0.252,Insights,Insights,0,0,16.0,16.64,0.64,5.0,5.33,0.33
21,155,6.0,31,Primary Care,70,0.546,All,Call,1,1,15.0,18.54,3.54,3.0,3.0,0.0
20,327,4.7,153,Neurology,80,0.283,All,All,0,0,13.0,13.94,0.94,3.0,3.12,0.12
74,499,19.7,62,Oncology,68,0.052,Email,Email,0,0,14.0,15.25,1.25,4.0,4.43,0.43
45,462,5.0,150,Primary Care,65,0.088,Call,Call,1,2,14.0,16.02,2.02,5.0,6.64,1.64
37,459,10.3,187,Oncology,84,0.196,All,Insights,1,0,14.0,17.85,3.85,4.0,4.0,0.0
78,110,19.6,86,Neurology,78,0.263,Email,Email,0,0,12.0,12.16,0.16,2.0,2.51,0.51
49,293,14.2,24,Neurology,74,0.229,Insights,Insights,0,0,14.0,14.16,0.16,2.0,2.44,0.44
73,199,9.5,80,Primary Care,88,0.233,Call,Call,1,1,14.0,18.26,4.26,2.0,3.68,1.68
79,484,19.8,87,Oncology,81,0.394,Call,Call,0,0,20.0,20.14,0.14,3.0,3.02,0.02
7,476,16.5,42,Cardiology,89,0.053,Call,Call,0,0,13.0,13.33,0.33,5.0,5.26,0.26
29,435,12.2,174,Oncology,85,0.598,Call,Call,1,2,21.0,27.72,6.72,7.0,7.94,0.94
59,82,17.8,73,Cardiology,85,0.329,All,All,0,0,17.0,17.01,0.01,2.0,2.07,0.07
66,160,3.4,187,Primary Care,88,0.064,Insights,All,1,6,20.0,26.64,6.64,3.0,4.62,1.62
12,356,13.9,58,Oncology,83,0.094,All,All,1,6,19.0,27.41,8.41,4.0,6.21,2.21
26,375,8.4,99,Cardiology,77,0.043,All,Insights,0,0,10.0,10.29,0.29,8.0,8.07,0.07
44,176,18.7,26,Primary Care,83,0.723,Call,Call,1,4,18.0,22.41,4.41,5.0,7.4,2.4
64,69,18.8,49,Oncology,71,0.226,Call,Call,1,2,19.0,23.91,4.91,6.0,7.6,1.6
10,69,19.4,180,Oncology,71,0.226,Call,Call,0,0,13.0,13.15,0.15,1.0,1.2,0.2
49,343,14.2,24,Neurology,73,0.188,All,All,1,2,13.0,20.57,7.57,3.0,4.66,1.66
24,228,5.7,177,Cardiology,78,0.41,Email,Call,1,2,13.0,20.43,7.43,1.0,1.72,0.72
18,246,7.3,45,Primary Care,86,0.14,All,All,1,4,17.0,24.23,7.23,3.0,5.49,2.49
42,408,17.0,101,Cardiology,85,0.605,Insights,All,1,6,13.0,20.23,7.23,5.0,6.96,1.96
34,9,1.0,82,Oncology,79,0.443,Insights,Insights,0,0,11.0,11.48,0.48,8.0,8.6,0.6
51,378,15.3,66,Primary Care,84,0.084,Insights,All,1,0,17.0,19.13,2.13,4.0,5.59,1.59
26,138,8.4,99,Neurology,74,0.142,Insights,Insights,0,0,10.0,10.44,0.44,2.0,2.13,0.13
66,466,3.4,187,Neurology,82,0.66,Insights,Insights,0,0,13.0,13.53,0.53,3.0,3.02,0.02
7,478,16.5,42,Cardiology,95,0.507,Insights,All,1,5,17.0,25.94,8.94,5.0,7.26,2.26
69,252,19.6,188,Cardiology,74,0.789,Email,Email,1,4,9.0,16.47,7.47,5.0,7.27,2.27
3,158,1.5,33,Cardiology,88,0.423,Insights,Email,0,0,20.0,20.1,0.1,3.0,3.36,0.36
59,117,17.8,73,Primary Care,85,0.523,Call,Call,1,2,14.0,20.59,6.59,3.0,5.18,2.18
28,91,19.3,22,Neurology,80,0.394,Insights,Insights,1,1,20.0,23.51,3.51,5.0,6.33,1.33
31,500,7.9,33,Neurology,86,0.438,Insights,Insights,1,2,13.0,18.79,5.79,2.0,3.95,1.95
2,94,6.3,75,Cardiology,64,0.307,Email,Email,0,0,17.0,17.88,0.88,3.0,3.08,0.08
57,224,6.8,128,Neurology,77,0.28,All,Call,1,3,21.0,27.67,6.67,5.0,5.87,0.87
14,240,1.0,123,Primary Care,61,0.169,Call,Call,0,0,16.0,16.17,0.17,6.0,6.58,0.58
53,340,14.4,171,Primary Care,74,0.612,Insights,Insights,0,0,11.0,11.49,0.49,5.0,5.19,0.19
59,422,17.8,73,Cardiology,88,0.557,Insights,Insights,0,0,20.0,20.48,0.48,3.0,4.41,1.41
68,279,3.4,153,Cardiology,75,0.657,Insights,Insights,0,0,22.0,22.65,0.65,2.0,2.02,0.02
57,380,6.8,128,Oncology,73,0.049,All,Call,0,0,16.0,16.23,0.23,2.0,2.03,0.03
25,284,10.3,198,Primary Care,71,0.228,Email,Email,0,0,19.0,19.08,0.08,7.0,7.09,0.09
60,219,13.3,137,Neurology,73,0.039,Email,Email,1,3,16.0,21.69,5.69,3.0,4.82,1.82
67,79,8.8,42,Neurology,91,0.237,Insights,Insights,0,0,17.0,17.16,0.16,3.0,3.07,0.07
26,105,8.4,99,Cardiology,70,0.342,Email,Email,1,4,20.0,28.97,8.97,5.0,6.76,1.76
10,217,19.4,180,Cardiology,87,0.479,Email,Insights,1,3,11.0,15.9,4.9,4.0,4.86,0.86
72,24,5.3,163,Primary Care,92,0.605,Email,Email,1,3,11.0,19.41,8.41,4.0,6.09,2.09
12,159,13.9,58,Cardiology,86,0.338,Call,Call,0,0,11.0,11.11,0.11,2.0,2.1,0.1
48,232,11.4,109,Neurology,78,0.439,All,Email,1,4,10.0,17.62,7.62,5.0,6.95,1.95
19,237,12.9,81,Primary Care,69,0.497,Email,Email,1,1,12.0,17.16,5.16,4.0,4.0,0.0
11,408,14.7,189,Cardiology,85,0.605,Call,Email,1,1,20.0,23.32,3.32,4.0,5.28,1.28
63,484,15.4,190,Oncology,81,0.394,All,Email,1,5,9.0,16.64,7.64,8.0,9.78,1.78
12,365,13.9,58,Primary Care,94,0.448,All,All,1,7,14.0,24.87,10.87,8.0,10.88,2.88
54,40,18.8,54,Oncology,81,0.522,Email,Email,1,3,14.0,21.01,7.01,9.0,11.14,2.14
56,205,12.0,85,Cardiology,72,0.143,All,Email,1,2,8.0,14.99,6.99,1.0,2.98,1.98
5,365,14.3,123,Primary Care,94,0.448,Email,Email,0,0,19.0,19.55,0.55,2.0,2.14,0.14
14,298,1.0,123,Oncology,79,0.701,All,All,0,0,14.0,14.01,0.01,3.0,3.05,0.05
64,229,18.8,49,Primary Care,81,0.425,Email,Email,1,3,20.0,27.28,7.28,4.0,6.4,2.4
41,219,8.8,52,Neurology,73,0.039,Call,Email,1,4,15.0,18.31,3.31,4.0,4.0,0.0
10,203,19.4,180,Cardiology,81,0.321,Email,Email,0,0,15.0,15.34,0.34,2.0,2.16,0.16
80,290,5.0,190,Primary Care,89,0.269,All,All,1,0,11.0,14.72,3.72,6.0,6.0,0.0
22,90,19.0,38,Neurology,69,0.307,Email,Email,1,3,17.0,24.34,7.34,3.0,4.55,1.55
1,259,18.1,130,Cardiology,78,0.458,Call,Call,0,0,9.0,9.49,0.49,5.0,5.08,0.08
74,103,19.7,62,Cardiology,67,0.095,Insights,Insights,1,1,9.0,13.25,4.25,5.0,5.52,0.52
2,341,6.3,75,Cardiology,79,0.146,Email,Email,0,0,18.0,18.23,0.23,4.0,4.09,0.09
45,433,5.0,150,Cardiology,83,0.355,All,All,1,7,20.0,31.76,11.76,3.0,4.26,1.26
80,254,5.0,190,Oncology,81,0.098,Call,Call,0,0,14.0,14.11,0.11,1.0,1.06,0.06
47,194,19.6,145,Oncology,77,0.095,Email,Email,1,5,13.0,22.3,9.3,3.0,4.96,1.96
47,471,19.6,145,Primary Care,92,0.141,Email,Call,0,0,14.0,14.21,0.21,6.0,6.23,0.23
32,330,11.7,170,Oncology,70,0.262,Call,Call,1,1,18.0,24.83,6.83,3.0,4.03,1.03
11,215,14.7,189,Oncology,88,0.42,Email,Email,1,5,21.0,30.31,9.31,4.0,7.57,3.57
46,15,14.6,60,Primary Care,71,0.274,Insights,Insights,1,3,19.0,25.03,6.03,5.0,7.27,2.27
72,8,5.3,163,Oncology,84,0.211,Insights,Insights,0,0,20.0,20.03,0.03,5.0,5.23,0.23
8,111,17.0,116,Cardiology,80,0.346,Call,Call,0,0,7.0,7.21,0.21,2.0,2.39,0.39
71,119,11.1,124,Primary Care,75,0.352,Call,Call,0,0,18.0,18.78,0.78,4.0,4.04,0.04
34,361,1.0,82,Primary Care,77,0.116,All,All,0,0,20.0,20.0,0.0,6.0,6.15,0.15
43,251,9.7,154,Primary Care,90,0.67,Call,Call,1,0,23.0,28.76,5.76,4.0,5.09,1.09
14,500,1.0,123,Neurology,86,0.438,Insights,Insights,0,0,13.0,13.21,0.21,1.0,1.74,0.74
50,271,8.5,157,Neurology,87,0.401,All,Call,1,4,12.0,23.15,11.15,3.0,5.68,2.68
15,452,5.6,103,Cardiology,71,0.233,Email,Email,0,0,18.0,18.35,0.35,2.0,2.02,0.02
22,277,19.0,38,Neurology,67,0.525,Insights,Insights,1,2,10.0,16.06,6.06,5.0,6.64,1.64
58,180,14.5,120,Primary Care,79,0.23,All,All,0,0,16.0,16.35,0.35,4.0,4.15,0.15
5,358,14.3,123,Neurology,85,0.659,Insights,Insights,1,1,18.0,22.93,4.93,3.0,3.57,0.57
36,225,9.2,60,Primary Care,78,0.565,All,Call,1,0,16.0,18.63,2.63,3.0,3.22,0.22
48,138,11.4,109,Neurology,74,0.142,Call,Call,1,4,15.0,23.34,8.34,0.0,0.35,0.35
11,237,14.7,189,Primary Care,69,0.497,Insights,Insights,0,0,17.0,17.11,0.11,5.0,5.03,0.03
24,333,5.7,177,Cardiology,78,0.618,Call,Call,1,3,24.0,31.13,7.13,4.0,6.13,2.13
28,188,19.3,22,Cardiology,91,0.228,Email,Email,0,0,22.0,22.05,0.05,6.0,6.06,0.06
54,353,18.8,54,Primary Care,74,0.284,All,Call,0,0,19.0,19.1,0.1,4.0,4.25,0.25
79,491,19.8,87,Oncology,61,0.387,Email,Email,0,0,16.0,16.6,0.6,7.0,7.01,0.01
67,206,8.8,42,Oncology,91,0.39,All,Call,1,0,15.0,18.73,3.73,4.0,4.56,0.56
16,148,15.5,62,Neurology,80,0.513,Insights,Insights,1,0,15.0,19.2,4.2,5.0,5.97,0.97
2,202,6.3,75,Oncology,69,0.55,All,All,1,6,11.0,21.32,10.32,1.0,2.87,1.87
5,420,14.3,123,Neurology,87,0.385,All,Call,0,0,16.0,17.81,1.81,4.0,4.12,0.12
48,90,11.4,109,Neurology,69,0.307,Insights,Insights,1,2,17.0,24.07,7.07,1.0,1.95,0.95
13,487,7.9,51,Primary Care,69,0.447,All,All,1,3,12.0,18.96,6.96,4.0,6.13,2.13
19,207,12.9,81,Oncology,63,0.411,All,Call,1,2,14.0,22.56,8.56,3.0,3.38,0.38
68,421,3.4,153,Primary Care,82,0.174,Insights,Insights,1,5,10.0,19.9,9.9,3.0,5.72,2.72
70,394,9.1,60,Oncology,78,0.317,Insights,Insights,0,0,9.0,9.06,0.06,3.0,3.78,0.78
68,392,3.4,153,Primary Care,77,0.126,Email,Call,1,0,14.0,15.9,1.9,4.0,4.0,0.0
21,455,6.0,31,Cardiology,81,0.852,Email,Email,0,0,19.0,19.13,0.13,8.0,8.11,0.11
50,93,8.5,157,Primary Care,92,0.396,Call,Call,1,2,16.0,20.54,4.54,5.0,6.06,1.06
49,297,14.2,24,Primary Care,72,0.511,Call,Call,1,3,14.0,21.57,7.57,3.0,5.74,2.74
15,50,5.6,103,Oncology,77,0.192,Email,Email,0,0,18.0,18.05,0.05,6.0,6.08,0.08
45,150,5.0,150,Neurology,72,0.618,Insights,Insights,0,0,22.0,23.3,1.3,6.0,6.11,0.11
43,21,9.7,154,Cardiology,74,0.415,Insights,Insights,0,0,15.0,16.33,1.33,5.0,5.16,0.16
32,342,11.7,170,Oncology,83,0.431,Insights,Insights,1,1,16.0,23.58,7.58,4.0,5.74,1.74
61,304,5.4,66,Neurology,89,0.269,All,Email,0,0,13.0,13.38,0.38,5.0,5.03,0.03
55,371,12.2,128,Oncology,79,0.598,All,Insights,1,3,15.0,19.33,4.33,5.0,7.8,2.8
43,89,9.7,154,Primary Care,91,0.808,All,All,1,4,18.0,27.63,9.63,3.0,5.29,2.29
59,167,17.8,73,Primary Care,82,0.32,Insights,Insights,1,3,16.0,23.14,7.14,2.0,2.39,0.39
62,339,11.3,183,Primary Care,82,0.594,Email,Email,1,5,19.0,28.07,9.07,4.0,6.23,2.23
46,414,14.6,60,Primary Care,80,0.738,All,Email,1,2,10.0,17.18,7.18,10.0,11.86,1.86
22,443,19.0,38,Primary Care,86,0.185,Email,All,0,0,14.0,14.97,0.97,4.0,4.15,0.15
61,37,5.4,66,Cardiology,84,0.317,Email,Email,0,0,17.0,17.4,0.4,4.0,4.1,0.1
58,202,14.5,120,Oncology,69,0.55,Call,Call,1,4,8.0,15.55,7.55,5.0,6.6,1.6
79,6,19.8,87,Primary Care,70,0.138,Insights,Insights,1,3,10.0,17.35,7.35,5.0,7.33,2.33
12,410,13.9,58,Neurology,93,0.263,Insights,Insights,0,0,10.0,11.54,1.54,6.0,6.02,0.02
34,62,1.0,82,Neurology,83,0.649,Email,Email,1,1,16.0,23.15,7.15,5.0,6.42,1.42
74,412,19.7,62,Neurology,76,0.38,All,Email,0,0,13.0,13.17,0.17,5.0,5.02,0.02
42,79,17.0,101,Neurology,91,0.237,Email,Insights,1,1,17.0,21.89,4.89,5.0,5.0,0.0
76,8,1.2,80,Oncology,84,0.211,Call,Call,0,0,15.0,15.02,0.02,4.0,4.07,0.07
1,440,18.1,130,Neurology,80,0.5,Call,Call,1,4,14.0,22.5,8.5,3.0,4.45,1.45
3,220,1.5,33,Cardiology,75,0.559,Call,Call,1,1,17.0,23.31,6.31,4.0,5.64,1.64
64,213,18.8,49,Cardiology,83,0.393,All,All,1,3,15.0,21.18,6.18,5.0,6.66,1.66
29,324,12.2,174,Neurology,72,0.393,Email,Insights,0,0,18.0,19.43,1.43,0.0,0.0,0.0
42,138,17.0,101,Neurology,74,0.142,Email,Call,1,3,19.0,24.14,5.14,3.0,4.09,1.09
35,346,17.5,101,Neurology,88,0.173,Email,Email,1,3,12.0,18.63,6.63,8.0,10.25,2.25
33,215,7.1,115,Oncology,88,0.42,All,Call,1,2,8.0,14.94,6.94,3.0,4.16,1.16
76,137,1.2,80,Cardiology,70,0.134,All,Email,0,0,7.0,7.3,0.3,9.0,9.07,0.07
8,198,17.0,116,Oncology,69,0.558,Insights,Insights,1,1,17.0,23.65,6.65,5.0,7.38,2.38
62,4,11.3,183,Cardiology,80,0.464,Insights,Email,1,3,25.0,30.57,5.57,4.0,4.48,0.48
72,151,5.3,163,Primary Care,77,0.376,All,Insights,1,0,16.0,18.91,2.91,5.0,6.82,1.82
53,296,14.4,171,Oncology,68,0.223,Call,All,0,0,18.0,19.38,1.38,5.0,5.18,0.18
32,69,11.7,170,Oncology,71,0.226,Email,Email,1,3,13.0,20.47,7.47,8.0,9.49,1.49
13,60,7.9,51,Neurology,96,0.578,Insights,Insights,1,2,15.0,20.28,5.28,4.0,6.12,2.12
55,328,12.2,128,Cardiology,83,0.37,Call,Email,0,0,10.0,11.27,1.27,1.0,1.14,0.14
38,215,2.6,161,Oncology,88,0.42,Call,Call,1,3,16.0,24.58,8.58,2.0,4.27,2.27
12,69,13.9,58,Oncology,71,0.226,Call,Call,1,5,13.0,19.4,6.4,3.0,5.76,2.76
29,374,12.2,174,Oncology,77,0.751,Call,Call,1,1,15.0,16.41,1.41,3.0,4.14,1.14
77,388,5.6,150,Neurology,79,0.508,Call,Call,0,0,19.0,19.18,0.18,4.0,4.15,0.15
22,18,19.0,38,Neurology,84,0.29,Call,Call,1,2,11.0,16.19,5.19,3.0,4.23,1.23
15,101,5.6,103,Cardiology,69,0.507,Email,Insights,1,3,16.0,21.11,5.11,2.0,3.53,1.53
55,186,12.2,128,Cardiology,82,0.35,All,All,0,0,12.0,12.83,0.83,2.0,2.26,0.26
16,366,15.5,62,Primary Care,63,0.338,All,Email,0,0,15.0,15.57,0.57,5.0,5.08,0.08
74,38,19.7,62,Oncology,84,0.363,Email,Email,1,4,18.0,29.11,11.11,7.0,9.9,2.9
69,403,19.6,188,Primary Care,85,0.41,Email,Email,1,1,15.0,22.17,7.17,4.0,4.35,0.35
79,160,19.8,87,Primary Care,88,0.064,Email,Email,1,2,13.0,17.15,4.15,2.0,2.78,0.78
74,63,19.7,62,Neurology,69,0.409,Email,Email,0,0,13.0,13.5,0.5,5.0,5.05,0.05
20,432,4.7,153,Cardiology,82,0.379,Email,Email,1,4,13.0,23.66,10.66,2.0,3.64,1.64
17,44,14.5,38,Oncology,88,0.174,Email,Email,1,3,11.0,18.3,7.3,3.0,4.5,1.5
28,65,19.3,22,Cardiology,87,0.215,All,Call,0,0,19.0,19.54,0.54,8.0,8.17,0.17
38,475,2.6,161,Cardiology,80,0.758,All,Call,0,0,15.0,15.27,0.27,5.0,5.03,0.03
71,260,11.1,124,Cardiology,90,0.209,All,Email,1,3,13.0,18.58,5.58,2.0,4.61,2.61
59,232,17.8,73,Neurology,78,0.439,Insights,Insights,0,0,12.0,12.22,0.22,1.0,1.02,0.02
52,344,18.3,191,Cardiology,99,0.496,All,All,1,2,16.0,22.12,6.12,3.0,3.48,0.48
71,316,11.1,124,Oncology,78,0.34,All,All,0,0,17.0,17.22,0.22,4.0,4.39,0.39
52,307,18.3,191,Neurology,69,0.321,All,Email,1,2,13.0,19.34,6.34,6.0,6.7,0.7
31,12,7.9,33,Neurology,80,0.218,All,Email,1,2,17.0,25.84,8.84,4.0,5.95,1.95
34,276,1.0,82,Neurology,76,0.252,All,Insights,0,0,14.0,14.08,0.08,4.0,4.1,0.1
42,140,17.0,101,Primary Care,79,0.139,All,Call,1,0,18.0,21.22,3.22,4.0,4.52,0.52
8,404,17.0,116,Primary Care,83,0.092,Insights,Call,1,0,13.0,15.39,2.39,0.0,0.49,0.49
60,253,13.3,137,Oncology,86,0.74,Email,Email,0,0,21.0,21.71,0.71,5.0,5.26,0.26
53,62,14.4,171,Neurology,83,0.649,Email,All,1,3,12.0,19.06,7.06,0.0,1.01,1.01
59,444,17.8,73,Oncology,81,0.234,Call,Call,1,3,19.0,25.94,6.94,4.0,6.84,2.84
43,143,9.7,154,Neurology,88,0.131,Email,Call,1,1,15.0,19.69,4.69,9.0,9.35,0.35
63,136,15.4,190,Primary Care,69,0.746,Email,Email,0,0,7.0,7.14,0.14,3.0,3.36,0.36
76,469,1.2,80,Cardiology,82,0.326,Email,Email,0,0,18.0,18.15,0.15,4.0,4.05,0.05
46,388,14.6,60,Neurology,79,0.508,Call,All,1,5,21.0,26.4,5.4,5.0,6.06,1.06
36,430,9.2,60,Primary Care,77,0.352,All,Insights,1,3,28.0,34.38,6.38,5.0,7.33,2.33
9,332,12.2,167,Primary Care,88,0.31,Call,Call,1,0,15.0,17.88,2.88,2.0,2.16,0.16
63,456,15.4,190,Cardiology,75,0.223,Email,Email,0,0,16.0,16.79,0.79,2.0,2.05,0.05
73,58,9.5,80,Neurology,80,0.07,Call,Call,0,0,16.0,16.02,0.02,2.0,2.07,0.07
56,300,12.0,85,Cardiology,75,0.621,Call,Call,1,4,19.0,30.36,11.36,4.0,6.97,2.97
70,147,9.1,60,Cardiology,86,0.24,Insights,Insights,1,3,17.0,23.62,6.62,3.0,4.48,1.48
69,200,19.6,188,Primary Care,89,0.329,Insights,Insights,1,1,14.0,19.47,5.47,0.0,0.48,0.48
64,119,18.8,49,Primary Care,75,0.352,Email,Insights,1,2,10.0,14.12,4.12,4.0,4.83,0.83
41,103,8.8,52,Cardiology,67,0.095,Insights,Insights,1,1,14.0,16.98,2.98,3.0,4.05,1.05
8,222,17.0,116,Primary Care,88,0.782,Email,Email,1,0,14.0,19.81,5.81,3.0,4.56,1.56
1,460,18.1,130,Primary Care,77,0.092,Insights,Insights,1,3,16.0,23.79,7.79,2.0,3.51,1.51
17,318,14.5,38,Oncology,73,0.571,All,All,1,5,14.0,22.48,8.48,0.0,2.7,2.7
35,175,17.5,101,Oncology,86,0.074,All,All,0,0,8.0,8.4,0.4,3.0,3.55,0.55
60,217,13.3,137,Cardiology,87,0.479,Email,Email,1,5,12.0,21.48,9.48,4.0,7.23,3.23
37,265,10.3,187,Cardiology,79,0.42,All,All,0,0,16.0,18.12,2.12,5.0,5.16,0.16
2,123,6.3,75,Cardiology,74,0.458,All,All,1,2,16.0,20.97,4.97,6.0,7.83,1.83
17,261,14.5,38,Primary Care,92,0.673,All,All,1,4,14.0,22.96,8.96,3.0,5.78,2.78
79,348,19.8,87,Oncology,88,0.382,Call,Call,1,4,16.0,25.22,9.22,1.0,3.4,2.4
80,122,5.0,190,Neurology,82,0.76,Call,Call,1,1,12.0,15.98,3.98,2.0,3.28,1.28
31,293,7.9,33,Neurology,74,0.229,Email,Call,0,0,14.0,14.34,0.34,13.0,13.17,0.17
65,355,4.0,150,Cardiology,79,0.655,Email,Email,1,3,19.0,23.27,4.27,4.0,5.45,1.45
58,260,14.5,120,Cardiology,90,0.209,Insights,Insights,1,0,20.0,26.22,6.22,7.0,8.41,1.41
75,146,10.3,91,Primary Care,89,0.01,Call,Call,0,0,18.0,18.73,0.73,4.0,4.07,0.07
72,278,5.3,163,Oncology,76,0.244,Email,Email,1,1,13.0,15.46,2.46,6.0,7.72,1.72
51,397,15.3,66,Primary Care,90,0.631,All,All,1,4,16.0,23.93,7.93,6.0,8.0,2.0
32,111,11.7,170,Cardiology,80,0.346,Call,Call,0,0,17.0,17.92,0.92,3.0,3.3,0.3
51,288,15.3,66,Primary Care,84,0.271,All,Call,1,2,16.0,21.88,5.88,5.0,6.45,1.45
26,341,8.4,99,Cardiology,79,0.146,All,All,1,5,16.0,26.43,10.43,6.0,8.78,2.78
28,161,19.3,22,Primary Care,69,0.591,All,Call,1,1,15.0,19.5,4.5,4.0,6.82,2.82
49,194,14.2,24,Oncology,77,0.095,All,Email,0,0,12.0,12.53,0.53,7.0,7.31,0.31
46,445,14.6,60,Neurology,73,0.19,Email,All,0,0,16.0,16.11,0.11,2.0,2.07,0.07
47,182,19.6,145,Neurology,70,0.403,Email,Email,1,3,17.0,26.4,9.4,3.0,3.88,0.88
31,300,7.9,33,Cardiology,75,0.621,All,Call,1,6,15.0,24.4,9.4,2.0,4.57,2.57
33,75,7.1,115,Oncology,88,0.31,Email,Email,0,0,22.0,22.51,0.51,6.0,6.31,0.31
1,463,18.1,130,Neurology,64,0.253,Call,All,1,1,11.0,16.93,5.93,3.0,3.33,0.33
49,299,14.2,24,Oncology,81,0.553,Insights,Insights,1,2,23.0,27.48,4.48,1.0,2.56,1.56
47,381,19.6,145,Oncology,76,0.158,Email,Insights,1,2,24.0,29.18,5.18,3.0,4.06,1.06
75,302,10.3,91,Primary Care,86,0.283,Email,Email,1,3,17.0,23.57,6.57,6.0,7.99,1.99
41,178,8.8,52,Oncology,75,0.326,Call,Call,0,0,12.0,12.11,0.11,3.0,3.05,0.05
38,171,2.6,161,Neurology,79,0.107,Call,Call,1,2,16.0,19.8,3.8,3.0,5.87,2.87
6,351,11.4,159,Cardiology,67,0.51,Insights,Call,1,0,19.0,21.31,2.31,7.0,7.0,0.0
16,430,15.5,62,Primary Care,77,0.352,Email,Email,1,2,17.0,27.32,10.32,4.0,5.03,1.03
28,64,19.3,22,Primary Care,89,0.343,Call,Call,1,4,13.0,20.53,7.53,5.0,6.28,1.28
31,423,7.9,33,Neurology,84,0.471,Email,Call,0,0,16.0,16.37,0.37,1.0,1.03,0.03
30,416,12.2,100,Oncology,93,0.209,Insights,Insights,1,3,16.0,24.01,8.01,2.0,3.9,1.9
32,55,11.7,170,Primary Care,85,0.307,Email,Insights,0,0,13.0,13.1,0.1,4.0,4.08,0.08
62,55,11.3,183,Primary Care,85,0.307,Email,Email,1,6,14.0,26.49,12.49,4.0,6.5,2.5
11,348,14.7,189,Oncology,88,0.382,All,All,0,0,17.0,17.96,0.96,4.0,4.03,0.03
27,422,14.9,28,Cardiology,88,0.557,Email,Email,1,6,10.0,20.78,10.78,5.0,8.09,3.09
14,197,1.0,123,Primary Care,70,0.318,All,All,1,6,21.0,31.18,10.18,3.0,5.04,2.04
25,321,10.3,198,Oncology,80,0.224,Call,Call,1,6,15.0,27.22,12.22,7.0,8.7,1.7
55,500,12.2,128,Neurology,86,0.438,Email,Email,1,4,18.0,26.03,8.03,5.0,6.63,1.63
4,162,15.7,136,Oncology,74,0.62,Call,All,0,0,16.0,16.07,0.07,5.0,5.57,0.57
28,113,19.3,22,Neurology,73,0.145,All,Insights,1,1,15.0,17.38,2.38,3.0,3.66,0.66
2,496,6.3,75,Cardiology,78,0.351,Call,Call,1,5,20.0,28.36,8.36,4.0,6.02,2.02
77,141,5.6,150,Cardiology,68,0.434,Email,Call,0,0,13.0,13.44,0.44,3.0,3.07,0.07
59,237,17.8,73,Primary Care,69,0.497,Insights,Call,1,3,14.0,17.44,3.44,3.0,4.44,1.44
20,222,4.7,153,Primary Care,88,0.782,Call,Call,0,0,13.0,13.06,0.06,3.0,3.13,0.13
16,262,15.5,62,Neurology,80,0.027,All,All,1,2,20.0,24.85,4.85,4.0,5.93,1.93
8,135,17.0,116,Oncology,88,0.282,All,Call,0,0,13.0,13.11,0.11,6.0,6.08,0.08
38,340,2.6,161,Primary Care,74,0.612,Insights,Insights,0,0,14.0,14.02,0.02,2.0,2.08,0.08
61,346,5.4,66,Neurology,88,0.173,Call,Call,0,0,9.0,9.37,0.37,0.0,0.04,0.04
47,101,19.6,145,Cardiology,69,0.507,Call,Insights,1,2,14.0,16.79,2.79,2.0,3.33,1.33
71,241,11.1,124,Cardiology,79,0.319,All,All,1,8,15.0,27.23,12.23,3.0,6.64,3.64
28,29,19.3,22,Oncology,75,0.618,Call,Call,1,5,23.0,31.35,8.35,4.0,6.53,2.53
23,111,8.9,67,Cardiology,80,0.346,Email,Email,0,0,13.0,13.34,0.34,3.0,3.24,0.24
39,494,16.9,55,Oncology,64,0.439,All,Call,1,1,21.0,23.41,2.41,5.0,7.44,2.44
17,254,14.5,38,Oncology,81,0.098,All,Call,1,1,18.0,23.12,5.12,4.0,4.55,0.55
79,312,19.8,87,Neurology,66,0.714,Call,Call,1,2,20.0,25.29,5.29,5.0,6.07,1.07
15,445,5.6,103,Neurology,73,0.19,Call,Call,0,0,16.0,16.25,0.25,3.0,3.03,0.03
39,357,16.9,55,Primary Care,73,0.27,Insights,Insights,1,3,10.0,18.86,8.86,7.0,8.82,1.82
42,397,17.0,101,Primary Care,90,0.631,All,All,1,2,15.0,19.03,4.03,1.0,2.65,1.65
5,357,14.3,123,Primary Care,73,0.27,Call,Call,1,4,10.0,18.56,8.56,3.0,4.36,1.36
38,250,2.6,161,Cardiology,91,0.692,Call,Call,0,0,20.0,20.25,0.25,7.0,7.03,0.03
37,317,10.3,187,Neurology,72,0.135,Call,Call,1,1,14.0,18.45,4.45,4.0,5.35,1.35
21,145,6.0,31,Primary Care,81,0.259,Call,Call,1,3,18.0,28.27,10.27,4.0,5.57,1.57
11,446,14.7,189,Primary Care,98,0.446,Email,All,0,0,17.0,17.14,0.14,0.0,0.1,0.1
4,90,15.7,136,Neurology,69,0.307,All,All,0,0,15.0,15.1,0.1,10.0,10.31,0.31
1,443,18.1,130,Primary Care,86,0.185,Email,Email,1,4,18.0,27.53,9.53,4.0,5.95,1.95
39,440,16.9,55,Neurology,80,0.5,Call,Call,1,3,13.0,19.6,6.6,3.0,4.93,1.93
8,72,17.0,116,Cardiology,87,0.334,All,All,1,5,12.0,21.11,9.11,1.0,3.27,2.27
77,356,5.6,150,Oncology,83,0.094,Call,Insights,1,0,14.0,18.4,4.4,5.0,5.03,0.03
20,495,4.7,153,Oncology,68,0.358,Call,Call,1,1,15.0,20.74,5.74,8.0,9.16,1.16
53,287,14.4,171,Neurology,72,0.386,All,All,1,7,10.0,22.52,12.52,6.0,10.26,4.26
54,171,18.8,54,Neurology,79,0.107,Email,Call,0,0,17.0,17.63,0.63,5.0,5.07,0.07
40,440,4.2,152,Neurology,80,0.5,All,Email,0,0,13.0,13.63,0.63,4.0,4.61,0.61
71,257,11.1,124,Neurology,92,0.677,Email,Insights,0,0,22.0,22.23,0.23,8.0,8.6,0.6
9,61,12.2,167,Neurology,81,0.304,Call,Call,0,0,10.0,10.31,0.31,4.0,4.06,0.06
19,125,12.9,81,Neurology,79,0.505,Insights,Insights,1,2,19.0,25.52,6.52,5.0,5.88,0.88
21,342,6.0,31,Oncology,83,0.431,Call,Call,1,3,12.0,19.11,7.11,6.0,8.22,2.22
11,228,14.7,189,Cardiology,78,0.41,Insights,Insights,0,0,20.0,20.87,0.87,3.0,3.51,0.51
24,109,5.7,177,Neurology,75,0.083,Email,Email,0,0,17.0,18.49,1.49,3.0,3.19,0.19
26,400,8.4,99,Neurology,85,0.085,Insights,Insights,1,2,13.0,20.67,7.67,5.0,5.53,0.53
62,61,11.3,183,Neurology,81,0.304,Email,Email,1,4,14.0,21.97,7.97,5.0,7.72,2.72
25,110,10.3,198,Neurology,78,0.263,All,Email,0,0,11.0,11.09,0.09,4.0,4.46,0.46
71,233,11.1,124,Neurology,77,0.726,Insights,Insights,1,2,17.0,23.75,6.75,4.0,5.65,1.65
62,20,11.3,183,Primary Care,75,0.121,Call,Call,0,0,14.0,15.19,1.19,6.0,6.0,0.0
73,194,9.5,80,Oncology,77,0.095,Email,Email,1,5,10.0,20.2,10.2,4.0,6.77,2.77
9,455,12.2,167,Cardiology,81,0.852,Call,Email,1,6,19.0,24.94,5.94,2.0,3.88,1.88
79,471,19.8,87,Primary Care,92,0.141,Insights,Insights,1,1,12.0,17.69,5.69,4.0,6.02,2.02
50,436,8.5,157,Neurology,80,0.202,Call,Call,0,0,12.0,12.02,0.02,6.0,6.05,0.05
79,162,19.8,87,Oncology,74,0.62,Insights,Email,0,0,15.0,15.68,0.68,8.0,8.06,0.06
29,33,12.2,174,Oncology,98,0.68,Email,Email,1,2,9.0,17.37,8.37,3.0,4.4,1.4
77,408,5.6,150,Cardiology,85,0.605,Email,Email,1,5,12.0,21.89,9.89,5.0,7.63,2.63
48,187,11.4,109,Cardiology,100,0.246,All,Insights,1,0,19.0,24.54,5.54,3.0,3.69,0.69
6,375,11.4,159,Cardiology,77,0.043,Email,Email,1,2,18.0,25.14,7.14,3.0,5.21,2.21
33,60,7.1,115,Neurology,96,0.578,Email,Email,1,3,18.0,24.03,6.03,3.0,5.23,2.23
12,334,13.9,58,Oncology,87,0.118,Insights,Insights,1,3,17.0,24.75,7.75,5.0,5.76,0.76
76,294,1.2,80,Neurology,81,0.318,All,Email,1,2,15.0,21.36,6.36,6.0,7.31,1.31
25,461,10.3,198,Neurology,93,0.205,Email,Email,0,0,15.0,15.64,0.64,3.0,3.03,0.03
18,51,7.3,45,Primary Care,83,0.092,Email,Email,0,0,16.0,16.49,0.49,8.0,8.52,0.52
45,204,5.0,150,Primary Care,73,0.492,Call,Call,1,5,14.0,25.83,11.83,5.0,7.85,2.85
35,495,17.5,101,Oncology,68,0.358,Insights,Insights,0,0,16.0,16.18,0.18,4.0,4.04,0.04
8,195,17.0,116,Primary Care,84,0.33,Call,Call,0,0,19.0,20.36,1.36,5.0,5.19,0.19
66,330,3.4,187,Oncology,70,0.262,Insights,Insights,0,0,16.0,16.22,0.22,0.0,0.46,0.46
68,81,3.4,153,Cardiology,93,0.439,All,Call,0,0,10.0,10.16,0.16,4.0,4.05,0.05
60,365,13.3,137,Primary Care,94,0.448,All,Call,1,3,12.0,19.21,7.21,6.0,8.44,2.44
50,138,8.5,157,Neurology,74,0.142,Call,Call,1,1,19.0,22.21,3.21,2.0,3.66,1.66
33,287,7.1,115,Neurology,72,0.386,Email,Email,0,0,16.0,16.41,0.41,3.0,3.01,0.01
44,440,18.7,26,Neurology,80,0.5,Call,Insights,0,0,13.0,13.26,0.26,5.0,5.39,0.39
42,331,17.0,101,Oncology,80,0.49,Email,Insights,1,2,15.0,19.83,4.83,2.0,4.17,2.17
14,238,1.0,123,Cardiology,63,0.275,Call,Insights,1,1,12.0,14.32,2.32,1.0,1.94,0.94
7,96,16.5,42,Oncology,78,0.538,All,All,1,7,14.0,23.51,9.51,5.0,7.57,2.57
21,171,6.0,31,Neurology,79,0.107,Call,Call,0,0,22.0,22.37,0.37,1.0,1.04,0.04
37,425,10.3,187,Cardiology,86,0.128,Email,Email,0,0,22.0,22.49,0.49,3.0,3.2,0.2
13,109,7.9,51,Neurology,75,0.083,Insights,Insights,1,0,17.0,20.58,3.58,7.0,8.35,1.35
9,329,12.2,167,Cardiology,70,0.471,All,Call,1,2,20.0,24.53,4.53,2.0,3.29,1.29
69,243,19.6,188,Oncology,79,0.327,Email,Email,0,0,17.0,17.2,0.2,5.0,5.28,0.28
30,161,12.2,100,Primary Care,69,0.591,All,All,1,0,15.0,16.92,1.92,4.0,5.19,1.19
47,359,19.6,145,Cardiology,90,0.489,All,All,1,5,18.0,29.79,11.79,5.0,7.28,2.28
42,182,17.0,101,Neurology,70,0.403,Call,Call,1,0,15.0,20.67,5.67,4.0,4.0,0.0
59,144,17.8,73,Primary Care,71,0.029,Insights,Insights,1,0,14.0,19.33,5.33,4.0,5.39,1.39
60,265,13.3,137,Cardiology,79,0.42,Call,Call,1,2,9.0,16.36,7.36,3.0,3.74,0.74
24,379,5.7,177,Oncology,88,0.243,Call,All,1,5,8.0,12.87,4.87,4.0,5.0,1.0
68,433,3.4,153,Cardiology,83,0.355,Call,Call,0,0,18.0,18.07,0.07,4.0,4.03,0.03
30,315,12.2,100,Primary Care,75,0.354,Email,Email,1,1,13.0,20.97,7.97,3.0,4.26,1.26
67,331,8.8,42,Oncology,80,0.49,All,All,0,0,16.0,16.24,0.24,5.0,5.1,0.1
33,394,7.1,115,Oncology,78,0.317,All,All,1,9,9.0,23.02,14.02,9.0,13.01,4.01
9,135,12.2,167,Oncology,88,0.282,Call,Call,0,0,10.0,10.29,0.29,4.0,4.3,0.3
61,126,5.4,66,Oncology,82,0.333,Insights,Insights,0,0,10.0,10.06,0.06,4.0,4.13,0.13
3,242,1.5,33,Primary Care,74,0.264,Email,Email,0,0,8.0,8.3,0.3,5.0,5.81,0.81
62,316,11.3,183,Oncology,78,0.34,Email,Email,1,3,20.0,26.17,6.17,1.0,2.92,1.92
4,323,15.7,136,Cardiology,79,0.305,Insights,All,1,3,16.0,20.11,4.11,8.0,9.86,1.86
17,77,14.5,38,Neurology,75,0.827,Email,Email,1,0,14.0,18.36,4.36,5.0,5.98,0.98
49,391,14.2,24,Cardiology,83,0.754,All,Insights,1,1,18.0,25.13,7.13,9.0,9.11,0.11
76,182,1.2,80,Neurology,70,0.403,Call,All,0,0,19.0,19.24,0.24,3.0,3.11,0.11
33,439,7.1,115,Cardiology,74,0.493,All,Call,1,2,13.0,21.32,8.32,3.0,4.56,1.56
10,363,19.4,180,Neurology,69,0.139,Call,Email,1,4,17.0,19.97,2.97,4.0,5.44,1.44
19,492,12.9,81,Primary Care,84,0.109,Call,Insights,1,1,25.0,27.21,2.21,9.0,9.68,0.68
72,316,5.3,163,Oncology,78,0.34,All,Email,1,4,19.0,25.8,6.8,5.0,7.33,2.33
59,264,17.8,73,Primary Care,85,0.184,Insights,Insights,0,0,13.0,13.15,0.15,3.0,3.03,0.03
9,94,12.2,167,Cardiology,64,0.307,Email,Email,1,7,18.0,29.59,11.59,2.0,5.44,3.44
31,200,7.9,33,Primary Care,89,0.329,All,All,1,6,7.0,17.17,10.17,6.0,8.83,2.83
22,430,19.0,38,Primary Care,77,0.352,Call,Call,1,1,18.0,23.03,5.03,3.0,3.0,0.0
15,192,5.6,103,Neurology,63,0.339,Email,Email,0,0,14.0,15.42,1.42,3.0,3.06,0.06
68,27,3.4,153,Cardiology,98,0.116,Call,Call,1,3,6.0,14.89,8.89,3.0,4.84,1.84
50,123,8.5,157,Cardiology,74,0.458,Insights,Insights,1,2,18.0,25.98,7.98,5.0,6.08,1.08
15,298,5.6,103,Oncology,79,0.701,Insights,Insights,0,0,8.0,8.73,0.73,4.0,4.24,0.24
53,315,14.4,171,Primary Care,75,0.354,All,Insights,0,0,13.0,14.22,1.22,3.0,3.09,0.09
34,492,1.0,82,Primary Care,84,0.109,Insights,Email,1,6,13.0,20.25,7.25,5.0,7.28,2.28
5,467,14.3,123,Neurology,82,0.399,Email,Call,1,2,13.0,16.7,3.7,3.0,4.13,1.13
36,266,9.2,60,Neurology,93,0.138,Call,Call,1,5,12.0,22.67,10.67,4.0,5.81,1.81
15,278,5.6,103,Oncology,76,0.244,Email,All,0,0,10.0,11.43,1.43,8.0,8.04,0.04
20,401,4.7,153,Primary Care,88,0.017,All,Call,1,4,19.0,29.53,10.53,4.0,5.18,1.18
71,25,11.1,124,Primary Care,87,0.422,Email,All,1,4,15.0,22.34,7.34,4.0,5.51,1.51
57,298,6.8,128,Oncology,79,0.701,Insights,Email,1,3,20.0,24.28,4.28,1.0,1.22,0.22
11,238,14.7,189,Cardiology,63,0.275,Insights,Insights,0,0,14.0,15.74,1.74,3.0,3.08,0.08
69,392,19.6,188,Primary Care,77,0.126,All,All,0,0,10.0,10.08,0.08,3.0,3.02,0.02
46,401,14.6,60,Primary Care,88,0.017,Email,Email,0,0,14.0,14.42,0.42,2.0,2.52,0.52
70,328,9.1,60,Cardiology,83,0.37,Email,Email,1,3,21.0,30.63,9.63,4.0,5.65,1.65
60,329,13.3,137,Cardiology,70,0.471,All,Email,1,1,13.0,21.06,8.06,6.0,8.08,2.08
28,346,19.3,22,Neurology,88,0.173,Insights,Insights,1,1,16.0,23.3,7.3,3.0,3.85,0.85
43,291,9.7,154,Primary Care,79,0.27,Call,Call,1,3,17.0,24.81,7.81,5.0,6.91,1.91
43,114,9.7,154,Neurology,81,0.42,All,Email,1,1,12.0,16.77,4.77,1.0,1.96,0.96
58,143,14.5,120,Neurology,88,0.131,All,All,1,2,15.0,22.07,7.07,3.0,4.44,1.44
20,371,4.7,153,Oncology,79,0.598,Call,Call,0,0,17.0,17.59,0.59,3.0,3.02,0.02
27,310,14.9,28,Oncology,73,0.198,All,Insights,0,0,17.0,17.34,0.34,9.0,9.28,0.28
20,119,4.7,153,Primary Care,75,0.352,Email,Email,0,0,18.0,18.02,0.02,2.0,2.04,0.04
24,439,5.7,177,Cardiology,74,0.493,All,Email,1,2,8.0,12.98,4.98,5.0,5.86,0.86
13,491,7.9,51,Oncology,61,0.387,Email,Email,0,0,18.0,18.07,0.07,10.0,10.34,0.34
3,314,1.5,33,Primary Care,80,0.738,Call,Call,1,1,23.0,27.3,4.3,5.0,5.4,0.4
76,114,1.2,80,Neurology,81,0.42,Email,Email,0,0,11.0,11.79,0.79,12.0,12.02,0.02
6,470,11.4,159,Neurology,73,0.115,All,All,1,2,18.0,22.72,4.72,5.0,6.68,1.68
72,119,5.3,163,Primary Care,75,0.352,All,Call,0,0,10.0,10.86,0.86,6.0,6.1,0.1
1,217,18.1,130,Cardiology,87,0.479,Call,Call,1,5,12.0,20.52,8.52,9.0,12.06,3.06
63,430,15.4,190,Primary Care,77,0.352,Call,All,1,5,9.0,15.02,6.02,2.0,2.54,0.54
27,261,14.9,28,Primary Care,92,0.673,Call,Call,1,3,20.0,25.86,5.86,5.0,6.75,1.75
42,122,17.0,101,Neurology,82,0.76,Email,Email,1,4,16.0,22.66,6.66,2.0,3.95,1.95
23,41,8.9,67,Oncology,79,0.401,All,Call,0,0,11.0,11.22,0.22,6.0,6.18,0.18
40,181,4.2,152,Primary Care,69,0.282,Email,Email,0,0,14.0,14.01,0.01,5.0,5.17,0.17
37,337,10.3,187,Primary Care,80,0.413,All,Insights,0,0,15.0,15.88,0.88,4.0,4.72,0.72
43,358,9.7,154,Neurology,85,0.659,All,All,0,0,10.0,10.13,0.13,3.0,3.02,0.02
32,112,11.7,170,Neurology,67,0.565,Email,Email,1,1,18.0,21.76,3.76,8.0,8.54,0.54
43,80,9.7,154,Neurology,78,0.356,Insights,Insights,0,0,17.0,17.04,0.04,3.0,3.28,0.28
67,351,8.8,42,Cardiology,67,0.51,All,All,0,0,17.0,17.15,0.15,2.0,2.12,0.12
35,80,17.5,101,Neurology,78,0.356,All,Call,1,1,18.0,25.36,7.36,6.0,7.68,1.68
29,33,12.2,174,Oncology,98,0.68,All,Email,1,3,13.0,21.29,8.29,2.0,3.66,1.66
11,244,14.7,189,Oncology,85,0.513,Email,Email,1,4,10.0,17.16,7.16,5.0,6.94,1.94
29,286,12.2,174,Neurology,85,0.161,Email,Email,0,0,10.0,11.48,1.48,0.0,0.16,0.16
11,122,14.7,189,Neurology,82,0.76,All,Email,1,4,20.0,27.74,7.74,1.0,3.6,2.6
15,106,5.6,103,Cardiology,97,0.804,Call,Call,1,3,20.0,26.13,6.13,5.0,6.36,1.36
77,118,5.6,150,Oncology,79,0.377,Insights,Insights,0,0,22.0,22.97,0.97,3.0,3.08,0.08
8,172,17.0,116,Oncology,91,0.343,All,Insights,1,1,16.0,22.44,6.44,6.0,7.54,1.54
39,5,16.9,55,Primary Care,67,0.622,Call,Call,1,4,19.0,25.35,6.35,6.0,8.24,2.24
67,6,8.8,42,Primary Care,70,0.138,Email,Email,0,0,16.0,16.14,0.14,8.0,8.22,0.22
77,186,5.6,150,Cardiology,82,0.35,Call,Call,0,0,11.0,11.32,0.32,3.0,3.27,0.27
12,10,13.9,58,Oncology,62,0.232,All,All,1,1,17.0,20.32,3.32,5.0,6.13,1.13
14,160,1.0,123,Primary Care,88,0.064,Call,Insights,0,0,18.0,18.13,0.13,3.0,3.13,0.13
30,291,12.2,100,Primary Care,79,0.27,Email,Email,0,0,17.0,17.15,0.15,3.0,3.77,0.77
45,16,5.0,150,Oncology,92,0.61,All,All,1,0,23.0,28.89,5.89,1.0,1.78,0.78
77,309,5.6,150,Primary Care,92,0.488,Insights,Insights,1,2,12.0,19.85,7.85,7.0,7.96,0.96
17,311,14.5,38,Primary Care,74,0.685,Insights,Insights,0,0,20.0,21.46,1.46,9.0,9.01,0.01
14,287,1.0,123,Neurology,72,0.386,All,All,1,4,10.0,19.12,9.12,3.0,5.44,2.44
21,314,6.0,31,Primary Care,80,0.738,Call,Call,1,4,16.0,26.47,10.47,4.0,6.62,2.62
70,405,9.1,60,Oncology,74,0.549,All,Email,0,0,20.0,20.22,0.22,4.0,4.13,0.13
3,36,1.5,33,Oncology,95,0.734,All,Insights,1,2,24.0,31.8,7.8,3.0,5.13,2.13
31,85,7.9,33,Primary Care,100,0.396,Call,Call,1,6,25.0,36.45,11.45,4.0,6.96,2.96
10,159,19.4,180,Cardiology,86,0.338,Call,Call,1,5,14.0,23.16,9.16,4.0,7.97,3.97
13,345,7.9,51,Oncology,68,0.107,Call,Call,1,3,11.0,17.76,6.76,2.0,4.5,2.5
74,437,19.7,62,Oncology,82,0.121,Insights,Insights,1,5,17.0,27.58,10.58,4.0,6.41,2.41
1,460,18.1,130,Primary Care,77,0.092,Insights,Insights,0,0,14.0,14.32,0.32,5.0,5.44,0.44
26,292,8.4,99,Cardiology,67,0.446,Insights,Email,1,4,15.0,19.73,4.73,1.0,1.65,0.65
74,206,19.7,62,Oncology,91,0.39,All,Email,1,3,17.0,24.1,7.1,2.0,3.59,1.59
49,206,14.2,24,Oncology,91,0.39,Call,Call,0,0,12.0,12.36,0.36,3.0,3.75,0.75
6,30,11.4,159,Neurology,91,0.336,All,Call,0,0,11.0,11.21,0.21,3.0,3.05,0.05
38,233,2.6,161,Neurology,77,0.726,Insights,Insights,0,0,16.0,16.67,0.67,2.0,2.02,0.02
78,257,19.6,86,Neurology,92,0.677,Insights,Insights,1,1,17.0,25.34,8.34,0.0,1.15,1.15
33,105,7.1,115,Cardiology,70,0.342,Email,Email,1,3,22.0,24.89,2.89,2.0,3.65,1.65
43,384,9.7,154,Oncology,93,0.521,Insights,Insights,0,0,12.0,12.31,0.31,5.0,5.19,0.19
43,406,9.7,154,Primary Care,83,0.594,Insights,Insights,0,0,12.0,12.27,0.27,2.0,2.13,0.13
53,152,14.4,171,Cardiology,87,0.604,Email,Email,0,0,19.0,19.31,0.31,4.0,4.01,0.01
15,458,5.6,103,Primary Care,87,0.194,All,Call,1,3,15.0,22.91,7.91,0.0,1.02,1.02
68,54,3.4,153,Primary Care,70,0.118,Call,Call,0,0,22.0,22.08,0.08,3.0,3.16,0.16
80,456,5.0,190,Cardiology,75,0.223,Call,Insights,0,0,12.0,13.27,1.27,4.0,4.21,0.21
12,385,13.9,58,Primary Care,88,0.763,All,Email,1,0,23.0,26.78,3.78,4.0,5.52,1.52
66,112,3.4,187,Neurology,67,0.565,Call,Call,1,5,14.0,22.12,8.12,6.0,7.82,1.82
66,326,3.4,187,Cardiology,85,0.18,Insights,Insights,1,2,14.0,21.08,7.08,2.0,3.28,1.28
60,156,13.3,137,Cardiology,82,0.277,Insights,Insights,0,0,15.0,15.46,0.46,4.0,4.28,0.28
30,400,12.2,100,Neurology,85,0.085,Email,Email,1,5,19.0,26.95,7.95,0.0,2.92,2.92
38,81,2.6,161,Cardiology,93,0.439,Call,Call,1,1,19.0,24.45,5.45,2.0,3.24,1.24
68,123,3.4,153,Cardiology,74,0.458,Email,All,1,3,11.0,14.4,3.4,4.0,5.44,1.44
13,154,7.9,51,Oncology,88,0.42,Email,Email,0,0,27.0,27.05,0.05,3.0,3.66,0.66
67,100,8.8,42,Neurology,73,0.099,Insights,Insights,1,1,17.0,21.27,4.27,4.0,4.91,0.91
74,167,19.7,62,Primary Care,82,0.32,Email,Email,0,0,18.0,18.2,0.2,4.0,4.11,0.11
55,302,12.2,128,Primary Care,86,0.283,All,Email,1,2,19.0,22.71,3.71,5.0,6.15,1.15
28,317,19.3,22,Neurology,72,0.135,Call,Call,1,2,11.0,17.06,6.06,5.0,6.19,1.19
45,277,5.0,150,Neurology,67,0.525,Call,Call,0,0,14.0,14.36,0.36,5.0,5.01,0.01
5,95,14.3,123,Cardiology,84,0.193,All,Email,1,4,11.0,18.97,7.97,0.0,1.69,1.69
75,102,10.3,91,Neurology,84,0.344,Call,Call,0,0,16.0,16.99,0.99,8.0,8.5,0.5
28,460,19.3,22,Primary Care,77,0.092,Insights,Insights,0,0,12.0,12.21,0.21,2.0,2.03,0.03
5,126,14.3,123,Oncology,82,0.333,Insights,Insights,0,0,18.0,18.01,0.01,0.0,0.66,0.66
64,52,18.8,49,Cardiology,70,0.308,All,All,0,0,8.0,8.81,0.81,1.0,1.68,0.68
53,227,14.4,171,Cardiology,83,0.278,Email,Email,0,0,18.0,19.83,1.83,3.0,3.18,0.18
50,4,8.5,157,Cardiology,80,0.464,Email,Email,0,0,11.0,11.5,0.5,2.0,2.12,0.12
5,172,14.3,123,Oncology,91,0.343,All,Insights,1,1,11.0,17.26,6.26,4.0,5.1,1.1
61,428,5.4,66,Neurology,76,0.716,Email,Email,1,0,14.0,18.05,4.05,4.0,5.12,1.12
51,134,15.3,66,Neurology,80,0.588,All,Call,1,5,17.0,25.11,8.11,3.0,5.23,2.23
64,352,18.8,49,Oncology,76,0.756,Insights,Insights,1,1,15.0,19.94,4.94,5.0,5.84,0.84
67,245,8.8,42,Cardiology,73,0.766,Insights,Insights,1,2,14.0,20.99,6.99,6.0,7.55,1.55
17,178,14.5,38,Oncology,75,0.326,All,Call,1,0,19.0,23.92,4.92,1.0,2.29,1.29
17,331,14.5,38,Oncology,80,0.49,All,Email,0,0,11.0,11.48,0.48,4.0,4.37,0.37
74,298,19.7,62,Oncology,79,0.701,Email,Email,1,1,12.0,17.61,5.61,7.0,7.23,0.23
43,160,9.7,154,Primary Care,88,0.064,Insights,Insights,1,1,22.0,29.11,7.11,5.0,5.61,0.61
36,112,9.2,60,Neurology,67,0.565,All,All,1,5,22.0,29.13,7.13,2.0,4.09,2.09
23,459,8.9,67,Oncology,84,0.196,Call,Call,1,3,20.0,26.46,6.46,5.0,7.64,2.64
52,85,18.3,191,Primary Care,100,0.396,All,All,1,6,16.0,26.01,10.01,4.0,6.52,2.52
61,480,5.4,66,Primary Care,86,0.362,Call,Call,1,1,8.0,12.72,4.72,3.0,4.51,1.51
1,236,18.1,130,Oncology,78,0.503,Email,Email,1,3,18.0,27.32,9.32,5.0,7.51,2.51
45,499,5.0,150,Oncology,68,0.052,All,All,0,0,16.0,16.69,0.69,7.0,7.28,0.28
80,177,5.0,190,Neurology,75,0.61,All,Call,1,5,11.0,18.88,7.88,3.0,6.27,3.27
23,283,8.9,67,Oncology,79,0.265,Email,Email,1,1,19.0,21.57,2.57,4.0,5.53,1.53
23,308,8.9,67,Oncology,83,0.44,All,Insights,0,0,16.0,16.05,0.05,4.0,4.09,0.09
71,170,11.1,124,Oncology,85,0.258,Email,Email,0,0,22.0,22.07,0.07,4.0,4.43,0.43
5,110,14.3,123,Neurology,78,0.263,Email,Email,1,6,13.0,25.23,12.23,4.0,6.33,2.33
32,261,11.7,170,Primary Care,92,0.673,Call,Call,1,3,11.0,20.76,9.76,5.0,6.77,1.77
37,332,10.3,187,Primary Care,88,0.31,All,Email,0,0,17.0,17.1,0.1,4.0,4.46,0.46
64,131,18.8,49,Neurology,69,0.687,Email,Email,1,2,15.0,20.68,5.68,3.0,4.06,1.06
11,384,14.7,189,Oncology,93,0.521,Email,All,1,8,10.0,20.02,10.02,3.0,5.46,2.46
35,320,17.5,101,Neurology,76,0.818,All,All,1,4,18.0,24.92,6.92,7.0,9.24,2.24
13,84,7.9,51,Cardiology,89,0.343,Call,Call,1,3,17.0,26.01,9.01,2.0,3.26,1.26
64,470,18.8,49,Neurology,73,0.115,Email,Email,0,0,16.0,16.18,0.18,6.0,6.35,0.35
51,22,15.3,66,Primary Care,76,0.2,Email,Email,0,0,20.0,20.13,0.13,3.0,3.06,0.06
40,327,4.2,152,Neurology,80,0.283,All,All,0,0,12.0,12.27,0.27,4.0,4.49,0.49
32,220,11.7,170,Cardiology,75,0.559,Insights,Insights,1,2,14.0,21.58,7.58,4.0,5.93,1.93
13,327,7.9,51,Neurology,80,0.283,All,All,1,4,15.0,22.63,7.63,6.0,7.55,1.55
74,388,19.7,62,Neurology,79,0.508,Email,Email,1,3,17.0,25.37,8.37,2.0,4.76,2.76
52,344,18.3,191,Cardiology,99,0.496,Call,Call,1,1,15.0,21.46,6.46,3.0,4.63,1.63
26,326,8.4,99,Cardiology,85,0.18,All,Call,0,0,13.0,13.49,0.49,3.0,3.18,0.18
34,421,1.0,82,Primary Care,82,0.174,Call,Call,0,0,17.0,17.06,0.06,4.0,4.18,0.18
59,351,17.8,73,Cardiology,67,0.51,Email,Email,1,5,23.0,32.38,9.38,1.0,3.81,2.81
58,407,14.5,120,Primary Care,87,0.244,Call,Call,1,1,22.0,25.06,3.06,5.0,6.47,1.47
37,202,10.3,187,Oncology,69,0.55,Call,Call,0,0,16.0,16.08,0.08,2.0,2.01,0.01
25,102,10.3,198,Neurology,84,0.344,Email,Email,1,1,14.0,18.54,4.54,1.0,2.99,1.99
53,118,14.4,171,Oncology,79,0.377,All,Call,1,2,13.0,19.82,6.82,6.0,7.22,1.22
53,307,14.4,171,Neurology,69,0.321,Call,Call,1,2,17.0,23.16,6.16,4.0,6.24,2.24
48,266,11.4,109,Neurology,93,0.138,Insights,Email,1,4,6.0,12.93,6.93,4.0,5.85,1.85
6,39,11.4,159,Oncology,77,0.367,Email,Email,1,5,16.0,26.5,10.5,2.0,3.77,1.77
38,103,2.6,161,Cardiology,67,0.095,Insights,Insights,0,0,20.0,20.06,0.06,3.0,3.07,0.07
50,484,8.5,157,Oncology,81,0.394,Insights,Insights,0,0,15.0,15.31,0.31,3.0,3.23,0.23
77,364,5.6,150,Oncology,79,0.603,All,All,0,0,17.0,17.72,0.72,3.0,3.14,0.14
43,378,9.7,154,Primary Care,84,0.084,Call,Call,1,3,15.0,23.94,8.94,3.0,5.03,2.03
28,99,19.3,22,Neurology,72,0.758,All,Insights,1,1,10.0,14.3,4.3,4.0,4.59,0.59
45,33,5.0,150,Oncology,98,0.68,Call,Call,0,0,9.0,9.42,0.42,2.0,2.07,0.07
15,146,5.6,103,Primary Care,89,0.01,Insights,Email,0,0,12.0,13.31,1.31,6.0,6.02,0.02
8,429,17.0,116,Oncology,91,0.722,All,All,0,0,24.0,24.14,0.14,5.0,5.02,0.02
55,254,12.2,128,Oncology,81,0.098,Insights,Insights,0,0,18.0,18.02,0.02,2.0,2.22,0.22
79,393,19.8,87,Neurology,84,0.408,All,All,0,0,16.0,16.03,0.03,5.0,5.05,0.05
68,244,3.4,153,Oncology,85,0.513,All,Call,0,0,13.0,13.12,0.12,9.0,9.02,0.02
47,246,19.6,145,Primary Care,86,0.14,All,Call,1,3,6.0,14.01,8.01,4.0,6.49,2.49
4,301,15.7,136,Oncology,79,0.068,Email,Email,1,2,11.0,17.3,6.3,4.0,4.6,0.6
80,480,5.0,190,Primary Care,86,0.362,Email,Email,0,0,13.0,14.06,1.06,6.0,6.28,0.28
36,219,9.2,60,Neurology,73,0.039,Insights,Insights,0,0,13.0,13.09,0.09,5.0,5.18,0.18
24,298,5.7,177,Oncology,79,0.701,All,Insights,1,3,14.0,18.52,4.52,3.0,5.5,2.5
72,460,5.3,163,Primary Care,77,0.092,Call,All,0,0,13.0,13.41,0.41,5.0,5.08,0.08
60,187,13.3,137,Cardiology,100,0.246,Call,Call,1,3,12.0,19.85,7.85,2.0,3.26,1.26
60,420,13.3,137,Neurology,87,0.385,Insights,Insights,0,0,15.0,15.12,0.12,7.0,7.05,0.05
23,268,8.9,67,Cardiology,86,0.264,Email,Email,1,5,14.0,24.66,10.66,1.0,3.33,2.33
80,440,5.0,190,Neurology,80,0.5,Email,Email,1,2,10.0,14.6,4.6,3.0,4.93,1.93
37,234,10.3,187,Neurology,83,0.397,Email,Email,1,5,12.0,21.67,9.67,5.0,7.73,2.73
43,315,9.7,154,Primary Care,75,0.354,Email,Email,1,2,14.0,20.6,6.6,3.0,3.86,0.86
61,162,5.4,66,Oncology,74,0.62,All,All,0,0,12.0,12.02,0.02,2.0,2.24,0.24
53,318,14.4,171,Oncology,73,0.571,Call,Call,0,0,11.0,11.55,0.55,2.0,2.02,0.02
14,164,1.0,123,Neurology,82,0.635,Email,Insights,1,2,19.0,21.99,2.99,4.0,4.79,0.79
25,305,10.3,198,Primary Care,80,0.047,Insights,All,1,2,15.0,19.32,4.32,3.0,3.85,0.85
29,395,12.2,174,Primary Care,82,0.363,Call,Call,1,4,12.0,20.67,8.67,1.0,2.24,1.24
76,218,1.2,80,Cardiology,77,0.354,Call,Call,1,4,17.0,26.07,9.07,7.0,9.34,2.34
58,215,14.5,120,Oncology,88,0.42,Call,Call,1,2,17.0,24.67,7.67,6.0,7.37,1.37
30,162,12.2,100,Oncology,74,0.62,Email,Email,1,0,16.0,21.17,5.17,1.0,1.09,0.09
59,366,17.8,73,Primary Care,63,0.338,Insights,Insights,1,4,5.0,12.58,7.58,4.0,5.35,1.35
60,297,13.3,137,Primary Care,72,0.511,Email,Email,0,0,18.0,18.12,0.12,4.0,4.06,0.06
32,259,11.7,170,Cardiology,78,0.458,Email,Email,0,0,22.0,22.47,0.47,4.0,4.17,0.17
33,13,7.1,115,Cardiology,82,0.227,Email,Email,1,2,12.0,16.98,4.98,6.0,7.52,1.52
72,56,5.3,163,Cardiology,82,0.258,Call,Insights,0,0,13.0,13.3,0.3,2.0,2.04,0.04
45,4,5.0,150,Cardiology,80,0.464,Email,All,1,2,18.0,19.17,1.17,6.0,7.8,1.8
12,426,13.9,58,Cardiology,80,0.166,Call,Call,0,0,17.0,17.76,0.76,3.0,3.01,0.01
58,426,14.5,120,Cardiology,80,0.166,Email,Insights,1,3,17.0,22.25,5.25,5.0,5.71,0.71
48,34,11.4,109,Primary Care,71,0.112,Email,Email,1,3,7.0,14.01,7.01,4.0,5.48,1.48
41,24,8.8,52,Primary Care,92,0.605,All,All,1,2,26.0,33.73,7.73,6.0,6.99,0.99
59,391,17.8,73,Cardiology,83,0.754,Call,Email,0,0,14.0,15.27,1.27,2.0,2.15,0.15
73,263,9.5,80,Neurology,68,0.33,Email,Email,0,0,15.0,15.38,0.38,5.0,5.02,0.02
27,155,14.9,28,Primary Care,70,0.546,Insights,Insights,0,0,9.0,9.32,0.32,2.0,2.09,0.09
34,308,1.0,82,Oncology,83,0.44,Email,Email,0,0,16.0,16.3,0.3,5.0,5.31,0.31
16,119,15.5,62,Primary Care,75,0.352,All,All,0,0,14.0,15.31,1.31,4.0,4.01,0.01
52,100,18.3,191,Neurology,73,0.099,Email,Email,0,0,20.0,20.43,0.43,5.0,5.15,0.15
33,184,7.1,115,Neurology,88,0.178,Call,Call,1,0,13.0,20.4,7.4,5.0,6.76,1.76
28,448,19.3,22,Neurology,81,0.512,All,All,1,3,13.0,20.32,7.32,5.0,6.59,1.59
56,384,12.0,85,Oncology,93,0.521,Email,Call,0,0,19.0,19.04,0.04,2.0,2.07,0.07
33,96,7.1,115,Oncology,78,0.538,Email,Email,0,0,13.0,13.59,0.59,5.0,5.01,0.01
38,281,2.6,161,Primary Care,65,0.633,Insights,Insights,0,0,13.0,13.53,0.53,2.0,2.51,0.51
36,443,9.2,60,Primary Care,86,0.185,All,Call,0,0,16.0,16.4,0.4,3.0,3.19,0.19
21,476,6.0,31,Cardiology,89,0.053,Call,Call,0,0,12.0,12.17,0.17,4.0,4.2,0.2
11,382,14.7,189,Cardiology,72,0.608,Insights,Insights,1,0,13.0,14.41,1.41,8.0,8.0,0.0
67,65,8.8,42,Cardiology,87,0.215,Email,Email,0,0,18.0,19.18,1.18,4.0,4.27,0.27
8,121,17.0,116,Primary Care,71,0.265,Insights,All,0,0,12.0,12.87,0.87,3.0,3.09,0.09
26,110,8.4,99,Neurology,78,0.263,Call,Call,1,0,15.0,17.29,2.29,3.0,3.0,0.0
54,76,18.8,54,Oncology,85,0.826,Insights,Insights,1,1,14.0,20.06,6.06,7.0,8.78,1.78
11,88,14.7,189,Neurology,81,0.53,Email,All,1,2,13.0,15.51,2.51,4.0,5.81,1.81
53,159,14.4,171,Cardiology,86,0.338,Insights,Insights,0,0,19.0,19.49,0.49,6.0,6.39,0.39
59,278,17.8,73,Oncology,76,0.244,Email,Email,1,5,15.0,23.1,8.1,4.0,6.83,2.83
54,199,18.8,54,Primary Care,88,0.233,Insights,Insights,1,2,16.0,20.37,4.37,4.0,5.8,1.8
25,211,10.3,198,Cardiology,92,0.527,All,Email,0,0,13.0,14.17,1.17,5.0,5.22,0.22
2,123,6.3,75,Cardiology,74,0.458,All,Call,1,1,12.0,18.32,6.32,8.0,8.56,0.56
71,76,11.1,124,Oncology,85,0.826,All,All,1,1,12.0,17.75,5.75,6.0,7.19,1.19
27,500,14.9,28,Neurology,86,0.438,Call,All,1,5,16.0,17.06,1.06,8.0,9.4,1.4
65,300,4.0,150,Cardiology,75,0.621,Insights,Insights,0,0,14.0,14.74,0.74,4.0,4.03,0.03
16,115,15.5,62,Oncology,61,0.56,Email,Email,1,2,20.0,26.83,6.83,1.0,2.38,1.38
13,405,7.9,51,Oncology,74,0.549,All,Email,1,6,15.0,25.74,10.74,8.0,10.76,2.76
63,416,15.4,190,Oncology,93,0.209,Insights,Insights,1,3,10.0,20.87,10.87,5.0,7.06,2.06
76,484,1.2,80,Oncology,81,0.394,Call,Call,1,3,22.0,28.82,6.82,5.0,7.13,2.13
69,80,19.6,188,Neurology,78,0.356,Call,Email,0,0,11.0,11.11,0.11,2.0,2.1,0.1
61,320,5.4,66,Neurology,76,0.818,All,All,1,4,17.0,23.68,6.68,3.0,5.72,2.72
20,491,4.7,153,Oncology,61,0.387,All,Call,0,0,17.0,17.99,0.99,5.0,5.29,0.29
74,404,19.7,62,Primary Care,83,0.092,All,Insights,1,3,10.0,17.83,7.83,2.0,4.32,2.32
54,113,18.8,54,Neurology,73,0.145,Insights,All,0,0,17.0,17.5,0.5,3.0,3.33,0.33
14,447,1.0,123,Cardiology,89,0.063,Call,Call,0,0,12.0,12.03,0.03,2.0,2.13,0.13
11,211,14.7,189,Cardiology,92,0.527,All,All,0,0,20.0,20.6,0.6,3.0,3.05,0.05
70,245,9.1,60,Cardiology,73,0.766,Insights,Insights,1,2,18.0,23.27,5.27,1.0,3.68,2.68
23,280,8.9,67,Cardiology,73,0.54,Insights,Email,0,0,15.0,15.05,0.05,3.0,3.25,0.25
62,386,11.3,183,Cardiology,87,0.372,Insights,Insights,0,0,10.0,10.15,0.15,4.0,4.03,0.03
12,61,13.9,58,Neurology,81,0.304,Insights,Insights,0,0,10.0,10.01,0.01,5.0,5.27,0.27
23,270,8.9,67,Primary Care,86,0.471,All,All,0,0,20.0,21.3,1.3,3.0,3.06,0.06
23,409,8.9,67,Primary Care,87,0.647,Insights,Call,1,1,16.0,21.23,5.23,8.0,9.95,1.95
23,275,8.9,67,Cardiology,94,0.648,All,All,1,5,16.0,25.69,9.69,3.0,5.41,2.41
54,138,18.8,54,Neurology,74,0.142,All,Call,1,6,15.0,20.88,5.88,1.0,3.67,2.67
74,29,19.7,62,Oncology,75,0.618,Call,Call,1,0,15.0,18.99,3.99,4.0,5.02,1.02
73,275,9.5,80,Cardiology,94,0.648,Email,Email,1,1,18.0,21.99,3.99,2.0,4.77,2.77
60,352,13.3,137,Oncology,76,0.756,Insights,Insights,1,0,9.0,14.78,5.78,4.0,4.98,0.98
17,275,14.5,38,Cardiology,94,0.648,Insights,Insights,0,0,15.0,15.89,0.89,3.0,3.14,0.14
77,490,5.6,150,Cardiology,85,0.564,Insights,Insights,0,0,17.0,17.26,0.26,4.0,4.29,0.29
44,302,18.7,26,Primary Care,86,0.283,All,Email,1,4,19.0,29.25,10.25,4.0,6.3,2.3
44,255,18.7,26,Cardiology,84,0.46,Email,Email,0,0,21.0,21.67,0.67,5.0,5.34,0.34
57,28,6.8,128,Oncology,87,0.392,Call,Call,0,0,21.0,21.03,0.03,4.0,4.23,0.23
62,280,11.3,183,Cardiology,73,0.54,All,All,1,2,22.0,29.61,7.61,2.0,4.07,2.07
77,85,5.6,150,Primary Care,100,0.396,All,Call,1,2,13.0,20.16,7.16,4.0,6.24,2.24
47,363,19.6,145,Neurology,69,0.139,Call,Call,1,3,15.0,20.49,5.49,1.0,2.31,1.31
49,81,14.2,24,Cardiology,93,0.439,Email,Email,1,4,13.0,23.95,10.95,5.0,7.77,2.77
60,454,13.3,137,Cardiology,84,0.267,Call,All,1,4,13.0,18.19,5.19,3.0,5.6,2.6
21,152,6.0,31,Cardiology,87,0.604,Call,Call,1,2,21.0,26.2,5.2,4.0,4.84,0.84
25,217,10.3,198,Cardiology,87,0.479,Insights,Insights,1,2,20.0,29.25,9.25,3.0,4.48,1.48
51,73,15.3,66,Primary Care,83,0.365,Call,Email,1,6,20.0,23.55,3.55,3.0,4.93,1.93
6,106,11.4,159,Cardiology,97,0.804,Call,Call,1,3,18.0,24.84,6.84,1.0,3.21,2.21
26,461,8.4,99,Neurology,93,0.205,Insights,Insights,1,4,23.0,30.92,7.92,2.0,3.72,1.72
58,142,14.5,120,Cardiology,86,0.277,Insights,Email,0,0,12.0,12.19,0.19,7.0,7.41,0.41
79,257,19.8,87,Neurology,92,0.677,Insights,Insights,1,3,25.0,32.12,7.12,2.0,3.5,1.5
42,491,17.0,101,Oncology,61,0.387,Call,Call,1,2,8.0,12.47,4.47,5.0,6.49,1.49
32,312,11.7,170,Neurology,66,0.714,Call,Insights,1,4,14.0,20.21,6.21,5.0,6.0,1.0
36,21,9.2,60,Cardiology,74,0.415,Call,Call,1,2,22.0,29.11,7.11,6.0,8.02,2.02
55,179,12.2,128,Cardiology,81,0.096,All,Email,1,2,20.0,25.75,5.75,3.0,5.26,2.26
44,194,18.7,26,Oncology,77,0.095,Call,Email,0,0,13.0,13.67,0.67,9.0,9.09,0.09
2,139,6.3,75,Primary Care,72,0.319,Insights,Insights,1,1,18.0,21.2,3.2,2.0,3.37,1.37
44,121,18.7,26,Primary Care,71,0.265,Insights,Insights,1,2,10.0,15.49,5.49,2.0,3.54,1.54
33,252,7.1,115,Cardiology,74,0.789,All,Call,1,1,11.0,15.84,4.84,4.0,6.71,2.71
57,189,6.8,128,Neurology,77,0.106,Call,Call,1,3,23.0,28.1,5.1,7.0,8.59,1.59
71,148,11.1,124,Neurology,80,0.513,Call,Call,0,0,14.0,14.06,0.06,4.0,4.01,0.01
77,207,5.6,150,Oncology,63,0.411,All,Call,1,5,10.0,17.75,7.75,6.0,9.56,3.56
49,172,14.2,24,Oncology,91,0.343,Email,Email,1,3,17.0,26.19,9.19,3.0,3.74,0.74
30,115,12.2,100,Oncology,61,0.56,Insights,Insights,0,0,17.0,17.64,0.64,2.0,2.0,0.0
36,227,9.2,60,Cardiology,83,0.278,Call,Call,0,0,12.0,12.13,0.13,5.0,5.39,0.39
15,472,5.6,103,Cardiology,75,0.516,All,All,1,3,18.0,28.86,10.86,3.0,3.96,0.96
75,253,10.3,91,Oncology,86,0.74,All,All,0,0,20.0,20.55,0.55,3.0,3.02,0.02
68,299,3.4,153,Oncology,81,0.553,Email,Email,0,0,12.0,14.25,2.25,3.0,3.01,0.01
69,493,19.6,188,Neurology,73,0.058,All,Email,1,4,22.0,29.08,7.08,5.0,7.5,2.5
27,307,14.9,28,Neurology,69,0.321,All,All,0,0,27.0,27.6,0.6,5.0,5.27,0.27
26,112,8.4,99,Neurology,67,0.565,Insights,All,0,0,14.0,14.43,0.43,5.0,5.05,0.05
69,200,19.6,188,Primary Care,89,0.329,Email,Email,1,2,10.0,16.09,6.09,6.0,8.64,2.64
44,244,18.7,26,Oncology,85,0.513,Email,Email,1,1,12.0,18.71,6.71,5.0,7.06,2.06
57,238,6.8,128,Cardiology,63,0.275,Insights,Insights,0,0,9.0,9.01,0.01,9.0,9.14,0.14
40,75,4.2,152,Oncology,88,0.31,Call,Call,0,0,15.0,15.22,0.22,4.0,4.15,0.15
36,53,9.2,60,Cardiology,81,0.762,All,All,1,6,16.0,26.13,10.13,2.0,5.57,3.57
51,175,15.3,66,Oncology,86,0.074,Call,Call,0,0,23.0,23.01,0.01,4.0,4.01,0.01
66,458,3.4,187,Primary Care,87,0.194,Insights,Email,1,3,23.0,30.82,7.82,2.0,2.44,0.44
27,359,14.9,28,Cardiology,90,0.489,Email,Email,0,0,15.0,15.14,0.14,1.0,1.2,0.2
65,421,4.0,150,Primary Care,82,0.174,Insights,Email,0,0,18.0,18.78,0.78,1.0,1.03,0.03
20,88,4.7,153,Neurology,81,0.53,Email,Email,1,5,18.0,29.31,11.31,5.0,7.61,2.61
33,208,7.1,115,Cardiology,66,0.907,Call,Call,1,4,20.0,26.1,6.1,5.0,6.37,1.37
74,291,19.7,62,Primary Care,79,0.27,Email,Email,1,2,16.0,20.74,4.74,4.0,4.9,0.9
77,218,5.6,150,Cardiology,77,0.354,Insights,Insights,0,0,15.0,16.65,1.65,7.0,7.06,0.06
74,209,19.7,62,Primary Care,77,0.116,Call,Call,0,0,18.0,18.18,0.18,6.0,6.88,0.88
26,180,8.4,99,Primary Care,79,0.23,All,All,0,0,13.0,13.57,0.57,3.0,3.1,0.1
68,26,3.4,153,Oncology,78,0.357,Email,Email,0,0,16.0,16.34,0.34,3.0,3.09,0.09
75,429,10.3,91,Oncology,91,0.722,Insights,Insights,1,0,17.0,19.14,2.14,3.0,3.83,0.83
79,467,19.8,87,Neurology,82,0.399,Insights,Insights,1,2,13.0,18.18,5.18,3.0,4.66,1.66
2,41,6.3,75,Oncology,79,0.401,Email,Email,1,2,18.0,24.79,6.79,3.0,3.55,0.55
60,207,13.3,137,Oncology,63,0.411,Email,Email,1,2,16.0,23.61,7.61,4.0,5.21,1.21
80,259,5.0,190,Cardiology,78,0.458,Call,Call,0,0,11.0,11.28,0.28,4.0,4.1,0.1
62,392,11.3,183,Primary Care,77,0.126,Insights,Insights,0,0,15.0,17.24,2.24,2.0,2.05,0.05
19,494,12.9,81,Oncology,64,0.439,All,All,1,5,15.0,24.34,9.34,6.0,7.34,1.34
62,209,11.3,183,Primary Care,77,0.116,Email,Call,0,0,15.0,15.48,0.48,6.0,6.2,0.2
9,375,12.2,167,Cardiology,77,0.043,All,All,1,3,19.0,27.73,8.73,5.0,6.83,1.83
39,469,16.9,55,Cardiology,82,0.326,Insights,Insights,0,0,7.0,7.16,0.16,6.0,6.08,0.08
51,416,15.3,66,Oncology,93,0.209,Insights,Insights,1,1,19.0,23.36,4.36,2.0,2.72,0.72
37,146,10.3,187,Primary Care,89,0.01,Insights,Insights,1,1,19.0,24.29,5.29,2.0,3.38,1.38
56,409,12.0,85,Primary Care,87,0.647,All,All,0,0,11.0,11.67,0.67,3.0,3.2,0.2
20,207,4.7,153,Oncology,63,0.411,Insights,Insights,0,0,14.0,16.7,2.7,1.0,1.09,0.09
49,9,14.2,24,Oncology,79,0.443,All,Insights,0,0,15.0,15.43,0.43,2.0,2.7,0.7
52,380,18.3,191,Oncology,73,0.049,Call,Call,0,0,8.0,8.47,0.47,3.0,3.03,0.03
51,418,15.3,66,Cardiology,83,0.342,All,Call,1,1,15.0,19.24,4.24,9.0,9.8,0.8
24,172,5.7,177,Oncology,91,0.343,All,All,1,10,11.0,23.49,12.49,4.0,9.09,5.09
25,226,10.3,198,Primary Care,76,0.391,All,Email,1,0,12.0,15.01,3.01,5.0,5.73,0.73
21,183,6.0,31,Primary Care,68,0.476,Call,Call,1,1,17.0,20.72,3.72,3.0,4.02,1.02
37,59,10.3,187,Cardiology,77,0.309,All,All,1,4,19.0,28.71,9.71,5.0,6.64,1.64
47,498,19.6,145,Oncology,69,0.581,Email,Email,1,1,14.0,22.76,8.76,7.0,8.52,1.52
30,12,12.2,100,Neurology,80,0.218,Insights,Insights,1,1,16.0,21.35,5.35,3.0,4.04,1.04
33,278,7.1,115,Oncology,76,0.244,Call,Call,1,3,15.0,20.73,5.73,2.0,4.38,2.38
23,8,8.9,67,Oncology,84,0.211,Insights,Insights,1,3,13.0,18.51,5.51,7.0,9.26,2.26
18,345,7.3,45,Oncology,68,0.107,Call,Call,0,0,19.0,19.41,0.41,6.0,6.5,0.5
53,451,14.4,171,Neurology,74,0.702,Email,Insights,1,1,14.0,18.13,4.13,1.0,1.18,0.18
66,322,3.4,187,Oncology,79,0.407,Email,Insights,0,0,17.0,18.67,1.67,1.0,1.58,0.58
24,304,5.7,177,Neurology,89,0.269,Email,Insights,0,0,7.0,7.19,0.19,4.0,4.07,0.07
69,414,19.6,188,Primary Care,80,0.738,Call,Call,1,4,12.0,22.64,10.64,6.0,8.85,2.85
46,488,14.6,60,Primary Care,76,0.642,All,Email,0,0,13.0,13.26,0.26,3.0,3.47,0.47
14,431,1.0,123,Oncology,61,0.102,All,Email,0,0,13.0,13.15,0.15,7.0,7.16,0.16
30,116,12.2,100,Oncology,75,0.172,All,Insights,1,1,16.0,17.9,1.9,4.0,5.76,1.76
1,282,18.1,130,Primary Care,95,0.199,All,All,1,2,11.0,16.88,5.88,5.0,7.33,2.33
4,410,15.7,136,Neurology,93,0.263,Call,All,1,2,15.0,18.26,3.26,4.0,6.22,2.22
27,148,14.9,28,Neurology,80,0.513,Insights,Insights,0,0,15.0,15.45,0.45,3.0,3.09,0.09
37,338,10.3,187,Neurology,80,0.149,Insights,Insights,1,1,19.0,24.79,5.79,3.0,4.01,1.01
64,12,18.8,49,Neurology,80,0.218,Email,Email,1,0,10.0,13.06,3.06,4.0,5.61,1.61
11,439,14.7,189,Cardiology,74,0.493,Insights,Insights,1,3,16.0,21.5,5.5,2.0,3.07,1.07
68,308,3.4,153,Oncology,83,0.44,All,Call,1,1,18.0,21.83,3.83,7.0,8.91,1.91
19,372,12.9,81,Neurology,80,0.372,Insights,Insights,1,1,17.0,19.99,2.99,6.0,8.05,2.05
12,413,13.9,58,Neurology,79,0.576,All,Call,1,2,12.0,17.25,5.25,4.0,6.18,2.18
56,110,12.0,85,Neurology,78,0.263,Email,Email,1,2,16.0,21.26,5.26,4.0,5.0,1.0
62,226,11.3,183,Primary Care,76,0.391,All,Email,1,2,20.0,25.64,5.64,2.0,3.69,1.69
49,430,14.2,24,Primary Care,77,0.352,Email,Email,1,0,11.0,15.6,4.6,2.0,3.57,1.57
10,83,19.4,180,Oncology,83,0.469,All,All,0,0,10.0,10.1,0.1,6.0,6.17,0.17
10,412,19.4,180,Neurology,76,0.38,Email,Email,0,0,15.0,15.4,0.4,5.0,5.14,0.14
32,145,11.7,170,Primary Care,81,0.259,Call,Email,0,0,21.0,21.08,0.08,3.0,3.11,0.11
37,288,10.3,187,Primary Care,84,0.271,Call,All,0,0,16.0,16.24,0.24,5.0,5.12,0.12
80,255,5.0,190,Cardiology,84,0.46,Call,Insights,1,2,12.0,17.49,5.49,2.0,2.41,0.41
23,344,8.9,67,Cardiology,99,0.496,Call,Call,0,0,16.0,16.21,0.21,9.0,9.02,0.02
16,419,15.5,62,Cardiology,81,0.451,Email,Email,0,0,17.0,17.15,0.15,4.0,4.08,0.08
76,175,1.2,80,Oncology,86,0.074,Insights,Insights,0,0,14.0,17.0,3.0,5.0,5.29,0.29
13,86,7.9,51,Oncology,83,0.564,All,All,1,4,9.0,15.98,6.98,4.0,6.69,2.69
3,212,1.5,33,Cardiology,70,0.076,Call,Call,1,2,16.0,23.4,7.4,9.0,10.19,1.19
34,307,1.0,82,Neurology,69,0.321,Insights,Insights,1,0,10.0,15.4,5.4,8.0,10.22,2.22
33,376,7.1,115,Primary Care,85,0.101,All,All,1,5,9.0,19.22,10.22,3.0,4.92,1.92
50,377,8.5,157,Primary Care,70,0.168,Call,Call,1,0,14.0,15.17,1.17,5.0,5.53,0.53
71,170,11.1,124,Oncology,85,0.258,All,All,1,2,15.0,21.62,6.62,6.0,6.89,0.89
75,469,10.3,91,Cardiology,82,0.326,Call,Call,0,0,12.0,12.68,0.68,3.0,3.05,0.05
24,42,5.7,177,Oncology,78,0.55,Call,Call,1,0,14.0,18.12,4.12,4.0,5.19,1.19
79,59,19.8,87,Cardiology,77,0.309,Email,Email,1,3,7.0,13.92,6.92,3.0,4.97,1.97
51,13,15.3,66,Cardiology,82,0.227,Email,Email,1,1,6.0,10.61,4.61,7.0,8.97,1.97
6,464,11.4,159,Cardiology,85,0.058,Insights,All,0,0,17.0,17.16,0.16,5.0,5.05,0.05
76,91,1.2,80,Neurology,80,0.394,All,Call,0,0,24.0,25.52,1.52,5.0,5.24,0.24
12,301,13.9,58,Oncology,79,0.068,Email,Email,1,4,16.0,25.94,9.94,7.0,9.4,2.4
48,407,11.4,109,Primary Care,87,0.244,All,All,0,0,12.0,12.18,0.18,7.0,7.07,0.07
64,384,18.8,49,Oncology,93,0.521,Call,Call,0,0,19.0,20.21,1.21,3.0,3.26,0.26
20,475,4.7,153,Cardiology,80,0.758,Call,Call,0,0,20.0,20.49,0.49,5.0,5.42,0.42
22,27,19.0,38,Cardiology,98,0.116,All,Insights,0,0,11.0,11.46,0.46,1.0,2.19,1.19
39,204,16.9,55,Primary Care,73,0.492,All,All,1,3,14.0,21.96,7.96,6.0,7.72,1.72
71,254,11.1,124,Oncology,81,0.098,Insights,Insights,1,2,15.0,22.68,7.68,5.0,6.73,1.73
18,349,7.3,45,Primary Care,63,0.195,Call,Call,0,0,16.0,16.18,0.18,5.0,5.08,0.08
54,312,18.8,54,Neurology,66,0.714,Email,All,0,0,17.0,17.2,0.2,5.0,5.18,0.18
37,280,10.3,187,Cardiology,73,0.54,Call,Call,1,3,15.0,23.06,8.06,5.0,6.46,1.46
9,154,12.2,167,Oncology,88,0.42,All,All,1,1,8.0,12.13,4.13,1.0,3.19,2.19
57,54,6.8,128,Primary Care,70,0.118,Call,Insights,0,0,15.0,15.27,0.27,2.0,2.75,0.75
67,216,8.8,42,Neurology,88,0.684,Insights,Call,1,2,22.0,23.92,1.92,5.0,6.1,1.1
47,130,19.6,145,Oncology,88,0.424,Email,Email,1,3,18.0,23.08,5.08,4.0,5.97,1.97
15,278,5.6,103,Oncology,76,0.244,Call,Insights,1,3,16.0,21.37,5.37,2.0,2.99,0.99
13,399,7.9,51,Cardiology,77,0.525,Call,Call,1,0,15.0,19.17,4.17,1.0,1.93,0.93
34,277,1.0,82,Neurology,67,0.525,Insights,Insights,1,3,25.0,30.99,5.99,1.0,2.58,1.58
41,292,8.8,52,Cardiology,67,0.446,Insights,Call,1,1,12.0,13.57,1.57,2.0,2.89,0.89
45,21,5.0,150,Cardiology,74,0.415,All,All,1,5,13.0,23.54,10.54,3.0,4.86,1.86
20,323,4.7,153,Cardiology,79,0.305,All,Email,1,4,13.0,20.81,7.81,4.0,6.63,2.63
41,220,8.8,52,Cardiology,75,0.559,Insights,Insights,1,4,15.0,23.42,8.42,6.0,8.13,2.13
24,62,5.7,177,Neurology,83,0.649,Email,All,1,8,18.0,24.3,6.3,0.0,1.44,1.44
55,107,12.2,128,Primary Care,71,0.345,All,All,1,5,14.0,20.96,6.96,2.0,4.29,2.29
64,391,18.8,49,Cardiology,83,0.754,All,All,1,5,12.0,22.87,10.87,2.0,4.34,2.34
53,459,14.4,171,Oncology,84,0.196,All,Insights,1,3,11.0,18.43,7.43,1.0,3.52,2.52
1,254,18.1,130,Oncology,81,0.098,Call,Call,0,0,14.0,14.46,0.46,2.0,2.08,0.08
80,489,5.0,190,Primary Care,80,0.863,Email,Email,1,7,18.0,29.73,11.73,4.0,6.72,2.72
2,91,6.3,75,Neurology,80,0.394,All,Insights,1,2,18.0,25.6,7.6,9.0,9.36,0.36
80,150,5.0,190,Neurology,72,0.618,Call,Call,0,0,15.0,15.62,0.62,2.0,2.02,0.02
3,466,1.5,33,Neurology,82,0.66,Call,Call,1,1,17.0,20.48,3.48,3.0,4.95,1.95
42,88,17.0,101,Neurology,81,0.53,Call,Call,1,1,14.0,18.74,4.74,5.0,6.51,1.51
9,330,12.2,167,Oncology,70,0.262,Insights,Insights,1,1,13.0,16.27,3.27,1.0,1.67,0.67
8,110,17.0,116,Neurology,78,0.263,Call,Call,0,0,11.0,11.08,0.08,4.0,4.33,0.33
55,166,12.2,128,Oncology,77,0.605,Insights,Insights,1,3,13.0,19.44,6.44,3.0,4.91,1.91
59,239,17.8,73,Cardiology,88,0.392,Insights,Insights,0,0,19.0,19.1,0.1,3.0,3.01,0.01
10,180,19.4,180,Primary Care,79,0.23,Insights,Insights,0,0,19.0,19.56,0.56,5.0,5.86,0.86
79,438,19.8,87,Cardiology,88,0.581,Email,Email,1,4,13.0,21.12,8.12,3.0,4.96,1.96
26,487,8.4,99,Primary Care,69,0.447,All,All,0,0,15.0,15.03,0.03,4.0,4.01,0.01
26,251,8.4,99,Primary Care,90,0.67,Call,Call,0,0,12.0,12.16,0.16,4.0,4.15,0.15
24,263,5.7,177,Neurology,68,0.33,Call,Insights,0,0,16.0,18.57,2.57,6.0,6.24,0.24
37,28,10.3,187,Oncology,87,0.392,Call,All,1,1,14.0,15.01,1.01,4.0,5.23,1.23
15,118,5.6,103,Oncology,79,0.377,Call,Call,0,0,12.0,12.16,0.16,2.0,2.03,0.03
34,20,1.0,82,Primary Care,75,0.121,Insights,Insights,1,2,14.0,17.83,3.83,3.0,3.8,0.8
17,429,14.5,38,Oncology,91,0.722,Email,Email,1,3,16.0,23.49,7.49,7.0,8.88,1.88
5,114,14.3,123,Neurology,81,0.42,All,Call,1,3,17.0,23.09,6.09,5.0,6.88,1.88
30,171,12.2,100,Neurology,79,0.107,Email,All,1,5,13.0,20.24,7.24,1.0,1.8,0.8
54,422,18.8,54,Cardiology,88,0.557,All,Call,1,4,22.0,28.31,6.31,2.0,3.6,1.6
62,357,11.3,183,Primary Care,73,0.27,Insights,Insights,1,1,18.0,20.87,2.87,5.0,6.04,1.04
29,311,12.2,174,Primary Care,74,0.685,Email,Email,0,0,15.0,15.22,0.22,2.0,2.2,0.2
26,20,8.4,99,Primary Care,75,0.121,Insights,Insights,1,0,27.0,31.53,4.53,4.0,4.57,0.57
63,282,15.4,190,Primary Care,95,0.199,Call,Call,0,0,13.0,13.02,0.02,0.0,0.18,0.18
55,281,12.2,128,Primary Care,65,0.633,All,Insights,1,2,10.0,15.16,5.16,6.0,6.8,0.8
67,160,8.8,42,Primary Care,88,0.064,All,All,1,5,10.0,20.56,10.56,3.0,5.27,2.27
73,373,9.5,80,Neurology,92,0.427,Insights,Insights,1,0,10.0,10.94,0.94,5.0,5.79,0.79
66,465,3.4,187,Neurology,83,0.399,Call,Insights,1,2,22.0,25.45,3.45,4.0,5.15,1.15
75,130,10.3,91,Oncology,88,0.424,All,Call,1,3,16.0,23.43,7.43,5.0,6.77,1.77
34,166,1.0,82,Oncology,77,0.605,Insights,Insights,1,1,7.0,12.27,5.27,1.0,1.81,0.81
32,162,11.7,170,Oncology,74,0.62,Insights,Insights,0,0,14.0,15.16,1.16,4.0,4.02,0.02
26,418,8.4,99,Cardiology,83,0.342,Call,Call,1,2,12.0,18.6,6.6,9.0,10.72,1.72
19,39,12.9,81,Oncology,77,0.367,Call,Email,1,1,15.0,18.75,3.75,6.0,6.19,0.19
60,448,13.3,137,Neurology,81,0.512,All,Email,1,4,19.0,30.13,11.13,6.0,9.39,3.39
58,388,14.5,120,Neurology,79,0.508,Insights,Insights,1,2,14.0,21.16,7.16,6.0,6.17,0.17
65,242,4.0,150,Primary Care,74,0.264,All,Call,0,0,14.0,14.7,0.7,4.0,4.62,0.62
14,292,1.0,123,Cardiology,67,0.446,Insights,Insights,0,0,14.0,14.07,0.07,6.0,6.13,0.13
40,448,4.2,152,Neurology,81,0.512,Insights,Insights,1,1,14.0,18.9,4.9,7.0,8.84,1.84
18,385,7.3,45,Primary Care,88,0.763,Call,Call,0,0,15.0,16.02,1.02,3.0,3.05,0.05
72,139,5.3,163,Primary Care,72,0.319,All,All,0,0,14.0,14.3,0.3,2.0,2.22,0.22
22,26,19.0,38,Oncology,78,0.357,Call,Call,0,0,10.0,10.34,0.34,9.0,9.03,0.03
12,330,13.9,58,Oncology,70,0.262,All,All,0,0,8.0,8.1,0.1,4.0,4.06,0.06
46,73,14.6,60,Primary Care,83,0.365,Call,Call,1,5,13.0,23.47,10.47,2.0,3.91,1.91
71,44,11.1,124,Oncology,88,0.174,Insights,Insights,1,3,16.0,21.81,5.81,5.0,6.6,1.6
74,492,19.7,62,Primary Care,84,0.109,All,Insights,1,2,14.0,19.63,5.63,4.0,4.81,0.81
8,237,17.0,116,Primary Care,69,0.497,All,All,0,0,12.0,12.52,0.52,4.0,4.26,0.26
27,326,14.9,28,Cardiology,85,0.18,Call,Email,0,0,12.0,12.23,0.23,2.0,2.37,0.37
13,109,7.9,51,Neurology,75,0.083,All,Insights,1,1,18.0,20.67,2.67,2.0,2.02,0.02
25,51,10.3,198,Primary Care,83,0.092,Email,Email,0,0,15.0,15.2,0.2,3.0,3.19,0.19
43,32,9.7,154,Cardiology,67,0.366,Email,Email,0,0,12.0,12.06,0.06,4.0,4.34,0.34
23,178,8.9,67,Oncology,75,0.326,All,All,1,1,15.0,20.9,5.9,6.0,7.04,1.04
6,2,11.4,159,Neurology,86,0.643,All,Call,1,3,14.0,21.04,7.04,2.0,4.07,2.07
41,211,8.8,52,Cardiology,92,0.527,Email,Insights,0,0,13.0,13.86,0.86,15.0,15.34,0.34
5,163,14.3,123,Neurology,77,0.341,All,Email,1,1,14.0,18.62,4.62,3.0,3.81,0.81
19,264,12.9,81,Primary Care,85,0.184,Call,Call,1,0,21.0,23.33,2.33,2.0,3.17,1.17
1,295,18.1,130,Primary Care,84,0.131,All,Email,1,1,14.0,20.33,6.33,3.0,4.06,1.06
7,155,16.5,42,Primary Care,70,0.546,All,All,1,1,18.0,25.06,7.06,1.0,1.68,0.68
35,228,17.5,101,Cardiology,78,0.41,All,All,1,7,16.0,27.26,11.26,3.0,6.06,3.06
69,40,19.6,188,Oncology,81,0.522,All,Insights,1,0,12.0,17.11,5.11,3.0,4.64,1.64
62,151,11.3,183,Primary Care,77,0.376,All,Call,1,2,17.0,21.95,4.95,5.0,6.18,1.18
8,490,17.0,116,Cardiology,85,0.564,Insights,Insights,1,5,17.0,26.79,9.79,3.0,5.95,2.95
3,496,1.5,33,Cardiology,78,0.351,Email,Email,1,3,26.0,32.97,6.97,6.0,7.26,1.26
28,243,19.3,22,Oncology,79,0.327,Call,Call,0,0,14.0,14.06,0.06,3.0,3.18,0.18
53,470,14.4,171,Neurology,73,0.115,All,All,1,3,18.0,23.93,5.93,5.0,6.98,1.98
60,251,13.3,137,Primary Care,90,0.67,Email,Email,0,0,20.0,20.43,0.43,4.0,4.06,0.06
66,63,3.4,187,Neurology,69,0.409,All,All,1,3,5.0,10.0,5.0,3.0,4.58,1.58
28,434,19.3,22,Oncology,69,0.545,Email,Insights,0,0,12.0,12.56,0.56,3.0,3.18,0.18
14,208,1.0,123,Cardiology,66,0.907,All,Call,1,2,14.0,18.63,4.63,1.0,1.94,0.94
3,307,1.5,33,Neurology,69,0.321,Call,Call,0,0,18.0,18.13,0.13,2.0,2.0,0.0
12,325,13.9,58,Neurology,75,0.759,All,Call,1,2,22.0,26.54,4.54,3.0,5.47,2.47
6,155,11.4,159,Primary Care,70,0.546,All,All,0,0,13.0,14.35,1.35,1.0,1.18,0.18
69,367,19.6,188,Primary Care,96,0.438,Call,All,1,6,15.0,22.84,7.84,4.0,5.87,1.87
22,251,19.0,38,Primary Care,90,0.67,Insights,Insights,1,2,14.0,20.92,6.92,3.0,5.44,2.44
66,184,3.4,187,Neurology,88,0.178,Email,Email,0,0,15.0,15.31,0.31,5.0,5.04,0.04
45,149,5.0,150,Neurology,68,0.531,All,All,1,4,16.0,22.57,6.57,5.0,7.9,2.9
44,374,18.7,26,Oncology,77,0.751,All,Email,1,2,13.0,18.96,5.96,4.0,5.3,1.3
37,125,10.3,187,Neurology,79,0.505,Call,Call,1,6,14.0,25.81,11.81,2.0,5.01,3.01
66,63,3.4,187,Neurology,69,0.409,Email,Email,0,0,16.0,16.14,0.14,3.0,3.21,0.21
4,441,15.7,136,Oncology,82,0.069,Call,Call,1,1,11.0,17.89,6.89,4.0,5.51,1.51
8,166,17.0,116,Oncology,77,0.605,Email,Email,1,4,15.0,25.26,10.26,4.0,5.96,1.96
34,321,1.0,82,Oncology,80,0.224,All,Email,0,0,18.0,18.25,0.25,2.0,2.39,0.39
32,359,11.7,170,Cardiology,90,0.489,Call,Call,1,2,14.0,24.06,10.06,5.0,6.35,1.35
44,420,18.7,26,Neurology,87,0.385,All,All,1,0,14.0,17.76,3.76,8.0,8.66,0.66
60,313,13.3,137,Primary Care,78,0.792,All,All,1,5,11.0,17.5,6.5,1.0,3.48,2.48
48,354,11.4,109,Cardiology,77,0.52,All,All,1,3,16.0,21.32,5.32,4.0,6.15,2.15
21,419,6.0,31,Cardiology,81,0.451,Insights,Insights,0,0,13.0,14.18,1.18,7.0,7.03,0.03
27,472,14.9,28,Cardiology,75,0.516,Call,Call,1,2,15.0,20.28,5.28,4.0,4.99,0.99
61,24,5.4,66,Primary Care,92,0.605,All,All,1,4,24.0,31.47,7.47,3.0,4.26,1.26
17,372,14.5,38,Neurology,80,0.372,All,All,0,0,18.0,18.22,0.22,2.0,2.0,0.0
41,88,8.8,52,Neurology,81,0.53,All,All,1,1,16.0,18.96,2.96,4.0,5.86,1.86
44,446,18.7,26,Primary Care,98,0.446,Call,Call,0,0,16.0,16.02,0.02,3.0,3.66,0.66
61,25,5.4,66,Primary Care,87,0.422,Email,Email,0,0,12.0,12.37,0.37,1.0,1.13,0.13
58,124,14.5,120,Cardiology,64,0.774,All,Call,0,0,12.0,12.02,0.02,7.0,7.04,0.04
38,97,2.6,161,Primary Care,81,0.428,All,Email,1,6,18.0,26.81,8.81,2.0,4.89,2.89
25,302,10.3,198,Primary Care,86,0.283,Email,Email,0,0,15.0,15.68,0.68,3.0,3.26,0.26
30,3,12.2,100,Primary Care,78,0.833,All,Call,1,2,11.0,15.48,4.48,7.0,8.46,1.46
33,9,7.1,115,Oncology,79,0.443,Email,Email,1,2,8.0,13.29,5.29,4.0,5.51,1.51
18,253,7.3,45,Oncology,86,0.74,Insights,Insights,1,0,12.0,17.76,5.76,6.0,6.89,0.89
51,486,15.3,66,Neurology,83,0.187,Call,Call,0,0,25.0,25.39,0.39,4.0,4.28,0.28
17,265,14.5,38,Cardiology,79,0.42,Call,Call,1,2,17.0,22.89,5.89,3.0,5.6,2.6
52,223,18.3,191,Oncology,99,0.726,Email,Email,0,0,18.0,18.08,0.08,6.0,6.05,0.05
61,329,5.4,66,Cardiology,70,0.471,Call,Email,0,0,15.0,15.13,0.13,6.0,6.33,0.33
77,276,5.6,150,Neurology,76,0.252,Call,Call,1,4,18.0,25.09,7.09,2.0,4.56,2.56
10,193,19.4,180,Cardiology,65,0.598,Email,Email,1,6,18.0,29.22,11.22,2.0,5.3,3.3
61,295,5.4,66,Primary Care,84,0.131,Call,Call,0,0,15.0,15.03,0.03,5.0,5.22,0.22
7,2,16.5,42,Neurology,86,0.643,Insights,Insights,1,0,17.0,24.87,7.87,6.0,7.53,1.53
27,123,14.9,28,Cardiology,74,0.458,All,Insights,1,2,19.0,26.73,7.73,2.0,4.06,2.06
15,337,5.6,103,Primary Care,80,0.413,Insights,Insights,0,0,16.0,16.39,0.39,6.0,6.22,0.22
13,171,7.9,51,Neurology,79,0.107,Email,Email,0,0,12.0,12.45,0.45,8.0,8.63,0.63
15,28,5.6,103,Oncology,87,0.392,Email,Email,0,0,12.0,14.04,2.04,4.0,4.15,0.15
4,63,15.7,136,Neurology,69,0.409,All,Email,1,4,17.0,25.18,8.18,7.0,8.87,1.87
66,434,3.4,187,Oncology,69,0.545,All,All,0,0,19.0,19.08,0.08,2.0,2.64,0.64
5,165,14.3,123,Primary Care,74,0.219,All,All,1,6,16.0,29.07,13.07,10.0,13.65,3.65
32,12,11.7,170,Neurology,80,0.218,All,All,0,0,18.0,18.1,0.1,7.0,7.1,0.1
56,365,12.0,85,Primary Care,94,0.448,Insights,Insights,1,3,10.0,14.57,4.57,9.0,10.74,1.74
80,266,5.0,190,Neurology,93,0.138,All,All,1,5,18.0,28.14,10.14,4.0,6.83,2.83
69,226,19.6,188,Primary Care,76,0.391,Call,Call,1,2,13.0,20.77,7.77,3.0,4.41,1.41
11,448,14.7,189,Neurology,81,0.512,All,All,1,8,11.0,23.83,12.83,6.0,11.03,5.03
80,157,5.0,190,Oncology,85,0.547,All,All,1,1,16.0,19.52,3.52,4.0,6.08,2.08
53,287,14.4,171,Neurology,72,0.386,All,Email,1,3,19.0,25.72,6.72,3.0,6.15,3.15
15,373,5.6,103,Neurology,92,0.427,Call,Call,1,1,16.0,23.69,7.69,4.0,6.02,2.02
36,305,9.2,60,Primary Care,80,0.047,Call,Call,0,0,16.0,16.37,0.37,6.0,6.69,0.69
74,104,19.7,62,Neurology,82,0.246,Call,Call,1,0,13.0,14.56,1.56,3.0,3.0,0.0
32,341,11.7,170,Cardiology,79,0.146,Call,Call,1,1,10.0,13.83,3.83,2.0,3.44,1.44
15,372,5.6,103,Neurology,80,0.372,All,Call,0,0,14.0,14.31,0.31,7.0,7.24,0.24
71,62,11.1,124,Neurology,83,0.649,All,Email,0,0,16.0,16.5,0.5,1.0,1.36,0.36
77,83,5.6,150,Oncology,83,0.469,Email,Email,1,3,13.0,20.47,7.47,2.0,4.61,2.61
79,338,19.8,87,Neurology,80,0.149,All,Insights,1,0,18.0,22.84,4.84,3.0,3.24,0.24
77,60,5.6,150,Neurology,96,0.578,Call,Call,0,0,12.0,12.34,0.34,3.0,3.13,0.13
70,441,9.1,60,Oncology,82,0.069,Insights,Insights,0,0,11.0,11.68,0.68,6.0,6.02,0.02
37,55,10.3,187,Primary Care,85,0.307,Call,Call,1,2,12.0,18.51,6.51,5.0,6.67,1.67
16,488,15.5,62,Primary Care,76,0.642,Insights,Insights,1,3,10.0,15.37,5.37,5.0,6.81,1.81
50,336,8.5,157,Cardiology,79,0.289,All,All,1,3,20.0,27.35,7.35,1.0,3.32,2.32
18,222,7.3,45,Primary Care,88,0.782,All,Call,1,1,14.0,18.01,4.01,2.0,3.6,1.6
38,135,2.6,161,Oncology,88,0.282,All,All,1,4,11.0,20.05,9.05,4.0,5.32,1.32
53,173,14.4,171,Primary Care,82,0.83,Call,Insights,1,3,16.0,20.38,4.38,2.0,4.09,2.09
76,375,1.2,80,Cardiology,77,0.043,Insights,Insights,0,0,17.0,17.11,0.11,6.0,6.13,0.13
24,377,5.7,177,Primary Care,70,0.168,Email,Email,0,0,14.0,14.81,0.81,3.0,3.06,0.06
21,105,6.0,31,Cardiology,70,0.342,Call,Call,0,0,16.0,16.58,0.58,2.0,2.28,0.28
59,272,17.8,73,Cardiology,76,0.329,Insights,Insights,0,0,14.0,14.56,0.56,5.0,5.29,0.29
1,497,18.1,130,Oncology,60,0.533,Insights,Insights,1,1,9.0,13.84,4.84,5.0,6.81,1.81
46,129,14.6,60,Primary Care,88,0.726,All,Email,1,2,13.0,20.92,7.92,9.0,11.01,2.01
60,347,13.3,137,Primary Care,75,0.174,Call,Insights,1,2,19.0,23.54,4.54,2.0,3.2,1.2
45,87,5.0,150,Oncology,82,0.544,All,All,0,0,17.0,19.1,2.1,3.0,3.04,0.04
31,418,7.9,33,Cardiology,83,0.342,Call,Call,0,0,18.0,18.72,0.72,4.0,4.13,0.13
67,86,8.8,42,Oncology,83,0.564,Insights,Insights,1,1,16.0,20.55,4.55,1.0,3.23,2.23
30,149,12.2,100,Neurology,68,0.531,All,All,1,1,12.0,12.82,0.82,3.0,3.74,0.74
57,230,6.8,128,Primary Care,92,0.26,All,Call,0,0,14.0,14.13,0.13,4.0,4.09,0.09
38,186,2.6,161,Cardiology,82,0.35,All,Insights,0,0,19.0,19.15,0.15,4.0,4.01,0.01
3,86,1.5,33,Oncology,83,0.564,All,Call,1,2,23.0,28.37,5.37,2.0,3.31,1.31
43,321,9.7,154,Oncology,80,0.224,Call,Call,1,2,19.0,26.67,7.67,1.0,2.12,1.12
4,10,15.7,136,Oncology,62,0.232,All,All,0,0,16.0,16.31,0.31,1.0,1.02,0.02
75,492,10.3,91,Primary Care,84,0.109,All,Call,1,5,23.0,32.02,9.02,2.0,4.43,2.43
49,27,14.2,24,Cardiology,98,0.116,Call,Call,1,2,12.0,18.79,6.79,3.0,3.73,0.73
30,167,12.2,100,Primary Care,82,0.32,Email,Insights,0,0,17.0,17.28,0.28,1.0,1.32,0.32
39,465,16.9,55,Neurology,83,0.399,Call,Call,0,0,9.0,10.42,1.42,3.0,3.2,0.2
50,78,8.5,157,Oncology,75,0.333,All,All,1,3,12.0,18.04,6.04,3.0,3.0,0.0
21,37,6.0,31,Cardiology,84,0.317,All,Call,1,0,22.0,25.27,3.27,6.0,7.0,1.0
24,372,5.7,177,Neurology,80,0.372,All,All,1,1,18.0,23.22,5.22,7.0,7.0,0.0
34,37,1.0,82,Cardiology,84,0.317,Call,Call,0,0,14.0,14.23,0.23,4.0,4.01,0.01
21,450,6.0,31,Neurology,92,0.263,Email,Email,0,0,9.0,9.03,0.03,4.0,4.48,0.48
61,226,5.4,66,Primary Care,76,0.391,Insights,Insights,1,2,17.0,21.61,4.61,5.0,6.51,1.51
9,435,12.2,167,Oncology,85,0.598,Call,Call,1,1,9.0,12.94,3.94,7.0,7.62,0.62
67,123,8.8,42,Cardiology,74,0.458,Email,Email,0,0,10.0,10.17,0.17,2.0,2.09,0.09
28,71,19.3,22,Neurology,87,0.283,Email,Email,1,2,16.0,22.71,6.71,7.0,9.82,2.82
45,482,5.0,150,Oncology,82,0.164,Email,Email,0,0,19.0,19.62,0.62,6.0,6.59,0.59
13,382,7.9,51,Cardiology,72,0.608,Email,Insights,1,3,14.0,19.49,5.49,3.0,3.37,0.37
31,456,7.9,33,Cardiology,75,0.223,All,Email,1,6,13.0,21.82,8.82,4.0,7.29,3.29
61,160,5.4,66,Primary Care,88,0.064,Call,Insights,0,0,12.0,12.11,0.11,3.0,3.02,0.02
22,203,19.0,38,Cardiology,81,0.321,Call,Call,1,0,19.0,23.36,4.36,5.0,5.64,0.64
11,289,14.7,189,Neurology,87,0.352,Insights,Insights,0,0,15.0,15.03,0.03,4.0,4.04,0.04
42,225,17.0,101,Primary Care,78,0.565,All,Email,1,3,14.0,16.72,2.72,3.0,5.74,2.74
13,122,7.9,51,Neurology,82,0.76,All,Call,0,0,17.0,17.24,0.24,1.0,1.04,0.04
26,188,8.4,99,Cardiology,91,0.228,Insights,All,1,4,12.0,17.23,5.23,4.0,5.2,1.2
37,305,10.3,187,Primary Care,80,0.047,All,All,0,0,12.0,13.09,1.09,5.0,5.21,0.21
46,19,14.6,60,Primary Care,65,0.675,All,Email,0,0,16.0,16.17,0.17,5.0,5.03,0.03
52,168,18.3,191,Oncology,67,0.519,Insights,Call,1,2,16.0,18.81,2.81,4.0,4.52,0.52
55,147,12.2,128,Cardiology,86,0.24,Call,Call,1,3,19.0,27.19,8.19,3.0,4.29,1.29
68,36,3.4,153,Oncology,95,0.734,Insights,Insights,0,0,15.0,15.86,0.86,2.0,2.08,0.08
6,62,11.4,159,Neurology,83,0.649,Call,All,0,0,18.0,18.03,0.03,4.0,4.03,0.03
29,248,12.2,174,Cardiology,80,0.411,Call,Call,1,2,24.0,31.56,7.56,3.0,4.49,1.49
1,52,18.1,130,Cardiology,70,0.308,Call,Insights,0,0,12.0,12.44,0.44,5.0,5.26,0.26
1,173,18.1,130,Primary Care,82,0.83,Call,Call,0,0,16.0,16.17,0.17,7.0,7.14,0.14
17,281,14.5,38,Primary Care,65,0.633,Call,Call,1,0,13.0,16.22,3.22,6.0,6.18,0.18
48,437,11.4,109,Oncology,82,0.121,Insights,Insights,1,4,12.0,19.93,7.93,0.0,2.56,2.56
72,50,5.3,163,Oncology,77,0.192,Call,Call,0,0,16.0,16.31,0.31,5.0,5.07,0.07
62,218,11.3,183,Cardiology,77,0.354,Email,Email,0,0,14.0,15.94,1.94,2.0,2.04,0.04
52,52,18.3,191,Cardiology,70,0.308,Call,Insights,0,0,11.0,11.06,0.06,4.0,4.24,0.24
63,215,15.4,190,Oncology,88,0.42,Call,Insights,1,3,16.0,19.38,3.38,4.0,5.66,1.66
14,241,1.0,123,Cardiology,79,0.319,All,Insights,0,0,15.0,15.64,0.64,7.0,7.09,0.09
68,400,3.4,153,Neurology,85,0.085,Call,Email,0,0,9.0,9.0,0.0,3.0,3.19,0.19
72,222,5.3,163,Primary Care,88,0.782,Email,Email,1,5,14.0,23.81,9.81,6.0,8.53,2.53
8,468,17.0,116,Primary Care,86,0.101,Email,Email,1,3,17.0,24.08,7.08,7.0,8.56,1.56
38,69,2.6,161,Oncology,71,0.226,Call,Call,1,3,23.0,27.7,4.7,5.0,7.61,2.61
67,27,8.8,42,Cardiology,98,0.116,Email,All,1,3,14.0,17.16,3.16,4.0,6.42,2.42
39,3,16.9,55,Primary Care,78,0.833,Call,Call,1,2,22.0,27.44,5.44,2.0,5.09,3.09
68,179,3.4,153,Cardiology,81,0.096,Insights,Insights,0,0,20.0,20.35,0.35,5.0,5.32,0.32
75,97,10.3,91,Primary Care,81,0.428,All,Email,1,4,17.0,22.41,5.41,6.0,8.41,2.41
38,46,2.6,161,Neurology,90,0.647,Insights,Insights,0,0,18.0,19.82,1.82,1.0,1.79,0.79
5,118,14.3,123,Oncology,79,0.377,Email,Email,1,2,17.0,25.45,8.45,2.0,3.27,1.27
28,488,19.3,22,Primary Care,76,0.642,Call,Call,1,6,16.0,27.46,11.46,3.0,5.35,2.35
18,401,7.3,45,Primary Care,88,0.017,All,Call,0,0,22.0,22.63,0.63,1.0,1.14,0.14
38,10,2.6,161,Oncology,62,0.232,Call,Call,1,2,11.0,16.19,5.19,5.0,7.24,2.24
47,458,19.6,145,Primary Care,87,0.194,All,Insights,0,0,15.0,15.64,0.64,4.0,4.36,0.36
38,103,2.6,161,Cardiology,67,0.095,Insights,Insights,0,0,11.0,11.17,0.17,3.0,3.64,0.64
16,203,15.5,62,Cardiology,81,0.321,Email,Email,0,0,26.0,27.27,1.27,5.0,5.12,0.12
25,164,10.3,198,Neurology,82,0.635,Email,Email,1,2,17.0,23.49,6.49,2.0,3.41,1.41
55,203,12.2,128,Cardiology,81,0.321,All,All,0,0,15.0,15.48,0.48,5.0,5.12,0.12
3,381,1.5,33,Oncology,76,0.158,All,All,1,3,15.0,22.27,7.27,4.0,6.6,2.6
18,357,7.3,45,Primary Care,73,0.27,All,Call,1,1,12.0,17.06,5.06,7.0,8.67,1.67
72,298,5.3,163,Oncology,79,0.701,Call,Email,0,0,13.0,13.21,0.21,1.0,1.75,0.75
8,314,17.0,116,Primary Care,80,0.738,All,All,1,5,17.0,25.26,8.26,7.0,8.78,1.78
34,364,1.0,82,Oncology,79,0.603,Email,Email,0,0,15.0,15.31,0.31,2.0,2.07,0.07
17,93,14.5,38,Primary Care,92,0.396,Call,All,1,2,10.0,14.27,4.27,3.0,4.49,1.49
9,198,12.2,167,Oncology,69,0.558,Insights,Email,0,0,16.0,16.2,0.2,9.0,9.14,0.14
34,54,1.0,82,Primary Care,70,0.118,All,Insights,0,0,12.0,12.07,0.07,7.0,7.24,0.24
42,353,17.0,101,Primary Care,74,0.284,Call,Insights,0,0,10.0,10.05,0.05,3.0,3.02,0.02
15,219,5.6,103,Neurology,73,0.039,Call,Call,1,4,10.0,16.84,6.84,5.0,6.58,1.58
7,319,16.5,42,Cardiology,76,0.391,Email,Email,0,0,9.0,9.06,0.06,2.0,2.08,0.08
11,283,14.7,189,Oncology,79,0.265,Call,Call,0,0,14.0,14.01,0.01,6.0,6.08,0.08
53,137,14.4,171,Cardiology,70,0.134,Email,Email,1,4,20.0,28.16,8.16,2.0,3.83,1.83
69,70,19.6,188,Primary Care,76,0.115,All,Email,1,6,13.0,21.9,8.9,5.0,7.94,2.94
15,487,5.6,103,Primary Care,69,0.447,Email,Email,1,1,17.0,21.77,4.77,1.0,1.94,0.94
26,147,8.4,99,Cardiology,86,0.24,Insights,Insights,1,0,7.0,11.04,4.04,4.0,5.3,1.3
28,55,19.3,22,Primary Care,85,0.307,Call,Call,1,4,14.0,19.96,5.96,4.0,5.77,1.77
29,153,12.2,174,Oncology,81,0.134,Call,Call,1,0,20.0,25.11,5.11,2.0,2.91,0.91
20,452,4.7,153,Cardiology,71,0.233,Call,Insights,0,0,17.0,18.39,1.39,5.0,5.04,0.04
5,131,14.3,123,Neurology,69,0.687,Call,Call,0,0,13.0,13.65,0.65,5.0,5.19,0.19
43,494,9.7,154,Oncology,64,0.439,Insights,Insights,1,0,16.0,20.31,4.31,5.0,6.34,1.34
29,231,12.2,174,Oncology,78,0.528,Insights,Insights,0,0,20.0,20.0,0.0,5.0,5.06,0.06
28,431,19.3,22,Oncology,61,0.102,All,All,1,2,15.0,20.31,5.31,0.0,1.34,1.34
22,327,19.0,38,Neurology,80,0.283,Call,Call,1,2,21.0,28.15,7.15,4.0,5.27,1.27
75,22,10.3,91,Primary Care,76,0.2,Insights,Insights,0,0,22.0,22.08,0.08,2.0,2.22,0.22
49,255,14.2,24,Cardiology,84,0.46,All,Call,1,1,10.0,13.7,3.7,6.0,7.22,1.22
34,209,1.0,82,Primary Care,77,0.116,Call,Insights,0,0,18.0,18.17,0.17,6.0,6.04,0.04
17,101,14.5,38,Cardiology,69,0.507,All,Call,0,0,13.0,14.04,1.04,4.0,4.0,0.0
65,275,4.0,150,Cardiology,94,0.648,All,All,1,4,12.0,20.41,8.41,2.0,4.57,2.57
72,52,5.3,163,Cardiology,70,0.308,All,Email,0,0,20.0,20.3,0.3,3.0,3.2,0.2
3,350,1.5,33,Neurology,82,0.491,Insights,Insights,0,0,14.0,14.67,0.67,4.0,4.01,0.01
75,411,10.3,91,Cardiology,82,0.642,All,All,1,10,12.0,29.18,17.18,4.0,7.91,3.91
56,47,12.0,85,Neurology,98,0.51,Call,Insights,0,0,18.0,18.13,0.13,4.0,4.35,0.35
8,240,17.0,116,Primary Care,61,0.169,Insights,Insights,0,0,18.0,18.09,0.09,2.0,2.0,0.0
61,328,5.4,66,Cardiology,83,0.37,All,Call,0,0,18.0,18.1,0.1,5.0,5.1,0.1
9,32,12.2,167,Cardiology,67,0.366,Call,Call,1,3,10.0,15.14,5.14,3.0,3.99,0.99
5,195,14.3,123,Primary Care,84,0.33,All,All,0,0,15.0,15.5,0.5,2.0,2.12,0.12
10,130,19.4,180,Oncology,88,0.424,Insights,Insights,1,1,16.0,22.96,6.96,2.0,4.98,2.98
37,20,10.3,187,Primary Care,75,0.121,Email,Email,0,0,15.0,15.22,0.22,2.0,2.0,0.0
50,403,8.5,157,Primary Care,85,0.41,Insights,Insights,0,0,14.0,14.45,0.45,2.0,2.19,0.19
33,223,7.1,115,Oncology,99,0.726,All,Email,0,0,25.0,25.21,0.21,3.0,3.34,0.34
10,376,19.4,180,Primary Care,85,0.101,Insights,Insights,1,0,17.0,21.74,4.74,1.0,1.31,0.31
16,294,15.5,62,Neurology,81,0.318,All,Email,1,3,15.0,21.84,6.84,4.0,5.82,1.82
69,438,19.6,188,Cardiology,88,0.581,Call,Call,0,0,15.0,15.32,0.32,4.0,4.31,0.31
78,499,19.6,86,Oncology,68,0.052,All,Insights,1,3,6.0,11.39,5.39,4.0,5.64,1.64
61,302,5.4,66,Primary Care,86,0.283,Insights,Insights,1,2,14.0,18.79,4.79,3.0,4.2,1.2
9,177,12.2,167,Neurology,75,0.61,All,Email,1,2,18.0,22.33,4.33,5.0,5.57,0.57
66,212,3.4,187,Cardiology,70,0.076,Call,Call,0,0,14.0,14.89,0.89,2.0,2.68,0.68
56,413,12.0,85,Neurology,79,0.576,Call,Call,0,0,19.0,19.69,0.69,2.0,2.69,0.69
43,214,9.7,154,Primary Care,80,0.677,All,Call,1,5,16.0,25.88,9.88,3.0,4.58,1.58
12,260,13.9,58,Cardiology,90,0.209,Email,Email,0,0,15.0,15.27,0.27,2.0,2.0,0.0
80,98,5.0,190,Primary Care,84,0.947,Call,Call,1,2,16.0,20.5,4.5,7.0,8.71,1.71
36,496,9.2,60,Cardiology,78,0.351,All,Call,1,2,20.0,26.48,6.48,1.0,3.24,2.24
4,326,15.7,136,Cardiology,85,0.18,All,Insights,0,0,18.0,18.3,0.3,2.0,2.17,0.17
17,166,14.5,38,Oncology,77,0.605,All,Call,1,1,17.0,20.41,3.41,4.0,6.41,2.41
33,293,7.1,115,Neurology,74,0.229,All,All,1,5,13.0,20.08,7.08,2.0,4.73,2.73
5,201,14.3,123,Oncology,77,0.633,All,All,1,5,16.0,25.53,9.53,4.0,5.78,1.78
26,78,8.4,99,Oncology,75,0.333,Call,Call,1,3,13.0,21.12,8.12,3.0,4.91,1.91
38,438,2.6,161,Cardiology,88,0.581,Insights,Insights,1,1,11.0,17.57,6.57,5.0,5.8,0.8
76,443,1.2,80,Primary Care,86,0.185,All,All,0,0,19.0,20.78,1.78,4.0,4.93,0.93
7,418,16.5,42,Cardiology,83,0.342,All,Insights,1,1,18.0,23.44,5.44,2.0,3.12,1.12
47,185,19.6,145,Cardiology,94,0.671,Email,All,1,3,11.0,13.27,2.27,9.0,10.12,1.12
74,129,19.7,62,Primary Care,88,0.726,Call,Call,1,4,13.0,22.33,9.33,4.0,6.41,2.41
65,25,4.0,150,Primary Care,87,0.422,Insights,Insights,0,0,20.0,20.6,0.6,11.0,11.19,0.19
74,366,19.7,62,Primary Care,63,0.338,All,Email,1,1,17.0,20.7,3.7,9.0,9.6,0.6
14,164,1.0,123,Neurology,82,0.635,Insights,Call,0,0,12.0,13.09,1.09,9.0,9.2,0.2
65,447,4.0,150,Cardiology,89,0.063,All,All,1,7,14.0,22.56,8.56,1.0,4.73,3.73
79,435,19.8,87,Oncology,85,0.598,All,Insights,1,1,16.0,20.84,4.84,2.0,2.48,0.48
27,65,14.9,28,Cardiology,87,0.215,Call,All,1,4,12.0,19.63,7.63,3.0,3.38,0.38
40,459,4.2,152,Oncology,84,0.196,Insights,Insights,1,1,17.0,21.57,4.57,4.0,4.55,0.55
43,71,9.7,154,Neurology,87,0.283,Insights,Insights,0,0,11.0,11.01,0.01,3.0,3.07,0.07
40,246,4.2,152,Primary Care,86,0.14,Email,Email,0,0,17.0,17.13,0.13,2.0,2.15,0.15
24,237,5.7,177,Primary Care,69,0.497,Call,Insights,1,3,18.0,23.06,5.06,4.0,4.75,0.75
78,479,19.6,86,Neurology,91,0.661,Insights,Insights,1,0,7.0,12.06,5.06,5.0,6.46,1.46
77,329,5.6,150,Cardiology,70,0.471,All,All,0,0,15.0,16.27,1.27,2.0,2.72,0.72
31,438,7.9,33,Cardiology,88,0.581,Call,Call,1,4,15.0,22.54,7.54,8.0,10.16,2.16
65,298,4.0,150,Oncology,79,0.701,Email,Email,0,0,17.0,17.05,0.05,4.0,4.46,0.46
32,413,11.7,170,Neurology,79,0.576,Call,Insights,1,0,14.0,19.0,5.0,3.0,3.4,0.4
64,427,18.8,49,Oncology,85,0.282,All,All,0,0,13.0,13.68,0.68,5.0,5.22,0.22
47,430,19.6,145,Primary Care,77,0.352,Insights,Insights,0,0,10.0,10.32,0.32,8.0,8.14,0.14
38,206,2.6,161,Oncology,91,0.39,Call,Call,0,0,16.0,16.02,0.02,7.0,7.14,0.14
11,191,14.7,189,Cardiology,92,0.145,All,Call,1,4,14.0,23.27,9.27,2.0,2.91,0.91
53,493,14.4,171,Neurology,73,0.058,Email,Email,0,0,18.0,18.12,0.12,8.0,8.05,0.05
26,379,8.4,99,Oncology,88,0.243,Call,Call,0,0,18.0,19.48,1.48,3.0,3.64,0.64
18,459,7.3,45,Oncology,84,0.196,Call,Call,1,4,20.0,28.28,8.28,7.0,8.88,1.88
16,289,15.5,62,Neurology,87,0.352,All,Call,1,2,14.0,17.96,3.96,3.0,4.6,1.6
79,465,19.8,87,Neurology,83,0.399,All,Call,0,0,21.0,21.09,0.09,0.0,0.45,0.45
9,360,12.2,167,Oncology,81,0.298,Email,Email,1,5,18.0,26.63,8.63,2.0,3.79,1.79
64,372,18.8,49,Neurology,80,0.372,All,Call,1,2,15.0,21.54,6.54,10.0,11.87,1.87
70,89,9.1,60,Primary Care,91,0.808,All,Insights,0,0,15.0,15.68,0.68,2.0,2.16,0.16
3,284,1.5,33,Primary Care,71,0.228,All,All,0,0,15.0,15.35,0.35,5.0,5.12,0.12
48,366,11.4,109,Primary Care,63,0.338,All,All,1,7,17.0,27.34,10.34,5.0,8.62,3.62
47,381,19.6,145,Oncology,76,0.158,All,Call,1,5,17.0,25.42,8.42,3.0,5.35,2.35
29,479,12.2,174,Neurology,91,0.661,Email,Email,1,2,15.0,21.01,6.01,2.0,3.91,1.91
54,164,18.8,54,Neurology,82,0.635,Call,Call,1,4,10.0,16.45,6.45,6.0,6.82,0.82
33,152,7.1,115,Cardiology,87,0.604,All,Insights,1,3,9.0,16.36,7.36,4.0,4.63,0.63
36,485,9.2,60,Oncology,95,0.015,Insights,Call,0,0,18.0,18.81,0.81,4.0,4.99,0.99
35,494,17.5,101,Oncology,64,0.439,Insights,Email,0,0,12.0,14.3,2.3,6.0,6.04,0.04
65,90,4.0,150,Neurology,69,0.307,All,All,0,0,21.0,21.4,0.4,6.0,6.05,0.05
51,190,15.3,66,Primary Care,84,0.621,All,All,0,0,11.0,11.96,0.96,4.0,4.0,0.0
31,475,7.9,33,Cardiology,80,0.758,All,All,0,0,7.0,7.69,0.69,4.0,4.01,0.01
75,100,10.3,91,Neurology,73,0.099,All,All,1,3,13.0,18.77,5.77,6.0,8.2,2.2
65,392,4.0,150,Primary Care,77,0.126,Email,Email,0,0,10.0,10.53,0.53,6.0,6.07,0.07
75,57,10.3,91,Neurology,74,0.438,All,All,1,2,16.0,23.14,7.14,2.0,3.31,1.31
59,90,17.8,73,Neurology,69,0.307,All,Insights,1,3,10.0,17.2,7.2,8.0,9.02,1.02
32,393,11.7,170,Neurology,84,0.408,Email,Email,0,0,8.0,8.24,0.24,3.0,3.38,0.38
62,304,11.3,183,Neurology,89,0.269,Email,Email,1,4,14.0,24.55,10.55,2.0,4.55,2.55
27,278,14.9,28,Oncology,76,0.244,All,Email,1,1,16.0,21.95,5.95,2.0,2.82,0.82
22,429,19.0,38,Oncology,91,0.722,Insights,Call,1,2,20.0,20.9,0.9,4.0,4.51,0.51
37,154,10.3,187,Oncology,88,0.42,Email,Email,1,3,16.0,25.86,9.86,2.0,4.37,2.37
78,252,19.6,86,Cardiology,74,0.789,Call,Call,0,0,14.0,14.41,0.41,3.0,3.7,0.7
46,305,14.6,60,Primary Care,80,0.047,Call,Call,1,3,27.0,35.58,8.58,2.0,3.49,1.49
31,370,7.9,33,Neurology,75,0.29,Call,Call,1,3,16.0,23.67,7.67,4.0,5.38,1.38
37,167,10.3,187,Primary Care,82,0.32,All,All,0,0,12.0,12.2,0.2,5.0,5.27,0.27
24,317,5.7,177,Neurology,72,0.135,Insights,Insights,1,1,13.0,17.19,4.19,2.0,3.57,1.57
53,225,14.4,171,Primary Care,78,0.565,All,Call,1,1,9.0,11.17,2.17,6.0,7.33,1.33
29,271,12.2,174,Neurology,87,0.401,Email,Email,0,0,13.0,13.32,0.32,6.0,6.1,0.1
45,432,5.0,150,Cardiology,82,0.379,Call,Call,0,0,12.0,12.45,0.45,5.0,5.32,0.32
30,197,12.2,100,Primary Care,70,0.318,Call,Call,0,0,13.0,13.2,0.2,3.0,3.16,0.16
26,335,8.4,99,Neurology,87,0.039,All,All,1,5,17.0,25.57,8.57,7.0,9.41,2.41
78,471,19.6,86,Primary Care,92,0.141,All,Email,1,6,13.0,23.54,10.54,3.0,6.43,3.43
28,382,19.3,22,Cardiology,72,0.608,Call,Call,1,2,19.0,25.03,6.03,2.0,3.05,1.05
6,495,11.4,159,Oncology,68,0.358,All,All,0,0,15.0,15.3,0.3,3.0,3.34,0.34
31,292,7.9,33,Cardiology,67,0.446,Email,Email,1,2,17.0,21.76,4.76,5.0,6.3,1.3
43,141,9.7,154,Cardiology,68,0.434,Call,Call,0,0,18.0,18.49,0.49,3.0,3.1,0.1
8,496,17.0,116,Cardiology,78,0.351,All,Insights,1,1,15.0,18.18,3.18,2.0,4.17,2.17
25,323,10.3,198,Cardiology,79,0.305,Call,Call,0,0,15.0,15.09,0.09,1.0,1.26,0.26
14,121,1.0,123,Primary Care,71,0.265,All,Insights,0,0,8.0,8.33,0.33,1.0,1.03,0.03
41,159,8.8,52,Cardiology,86,0.338,Email,Email,1,7,18.0,31.93,13.93,3.0,6.11,3.11
58,132,14.5,120,Oncology,73,0.254,All,All,1,3,21.0,28.2,7.2,2.0,3.18,1.18
78,417,19.6,86,Oncology,73,0.794,Email,Email,1,4,12.0,19.38,7.38,4.0,7.07,3.07
32,47,11.7,170,Neurology,98,0.51,Email,Email,0,0,15.0,15.21,0.21,6.0,6.29,0.29
70,370,9.1,60,Neurology,75,0.29,Call,Insights,0,0,19.0,19.08,0.08,3.0,3.05,0.05
18,278,7.3,45,Oncology,76,0.244,All,Call,1,2,11.0,11.17,0.17,3.0,4.03,1.03
63,37,15.4,190,Cardiology,84,0.317,Insights,Email,0,0,21.0,21.46,0.46,3.0,3.06,0.06
46,307,14.6,60,Neurology,69,0.321,Insights,Email,1,3,17.0,21.26,4.26,4.0,5.44,1.44
61,377,5.4,66,Primary Care,70,0.168,Email,Email,1,3,15.0,17.95,2.95,3.0,4.3,1.3
61,363,5.4,66,Neurology,69,0.139,Email,Email,0,0,17.0,18.12,1.12,7.0,7.05,0.05
43,265,9.7,154,Cardiology,79,0.42,Email,Insights,1,2,17.0,17.15,0.15,5.0,6.11,1.11
21,168,6.0,31,Oncology,67,0.519,All,Call,1,3,15.0,18.26,3.26,3.0,4.69,1.69
43,82,9.7,154,Cardiology,85,0.329,Email,Email,1,2,12.0,16.97,4.97,7.0,8.9,1.9
67,7,8.8,42,Cardiology,78,0.528,Call,Call,0,0,11.0,11.45,0.45,6.0,6.13,0.13
78,180,19.6,86,Primary Care,79,0.23,Insights,Insights,1,1,18.0,24.89,6.89,5.0,6.75,1.75
75,317,10.3,91,Neurology,72,0.135,Insights,Insights,1,4,10.0,17.31,7.31,3.0,3.9,0.9
15,19,5.6,103,Primary Care,65,0.675,Call,Call,0,0,15.0,16.47,1.47,3.0,3.02,0.02
48,500,11.4,109,Neurology,86,0.438,Email,All,0,0,15.0,16.64,1.64,5.0,5.02,0.02
9,293,12.2,167,Neurology,74,0.229,Call,Insights,0,0,20.0,20.33,0.33,5.0,5.24,0.24
54,148,18.8,54,Neurology,80,0.513,All,Call,1,4,22.0,32.35,10.35,4.0,6.12,2.12
80,482,5.0,190,Oncology,82,0.164,Email,Email,0,0,16.0,16.38,0.38,2.0,2.37,0.37
5,92,14.3,123,Primary Care,81,0.167,All,Call,1,1,13.0,17.24,4.24,1.0,2.35,1.35
53,479,14.4,171,Neurology,91,0.661,Email,Email,1,2,11.0,17.0,6.0,3.0,4.74,1.74
76,141,1.2,80,Cardiology,68,0.434,All,All,0,0,12.0,12.58,0.58,4.0,4.04,0.04
68,190,3.4,153,Primary Care,84,0.621,All,All,1,8,17.0,30.51,13.51,6.0,10.55,4.55
32,213,11.7,170,Cardiology,83,0.393,Email,Email,1,2,11.0,17.17,6.17,3.0,4.75,1.75
9,498,12.2,167,Oncology,69,0.581,Call,Call,1,3,10.0,17.31,7.31,2.0,4.47,2.47
74,126,19.7,62,Oncology,82,0.333,Call,Call,1,0,13.0,18.09,5.09,5.0,7.19,2.19
74,487,19.7,62,Primary Care,69,0.447,All,Insights,1,4,15.0,25.02,10.02,4.0,6.68,2.68
47,174,19.6,145,Neurology,102,0.101,Insights,Insights,0,0,19.0,20.21,1.21,7.0,7.01,0.01
79,143,19.8,87,Neurology,88,0.131,Insights,Insights,0,0,11.0,11.16,0.16,3.0,3.16,0.16
1,320,18.1,130,Neurology,76,0.818,Email,Email,0,0,16.0,16.3,0.3,2.0,2.08,0.08
50,347,8.5,157,Primary Care,75,0.174,Email,Email,1,3,8.0,14.71,6.71,2.0,5.1,3.1
4,173,15.7,136,Primary Care,82,0.83,Insights,All,1,1,12.0,15.05,3.05,5.0,5.94,0.94
75,68,10.3,91,Primary Care,67,0.536,Insights,Insights,0,0,12.0,12.06,0.06,2.0,2.0,0.0
55,199,12.2,128,Primary Care,88,0.233,All,Call,1,3,19.0,26.42,7.42,2.0,3.78,1.78
74,271,19.7,62,Neurology,87,0.401,All,All,1,7,23.0,37.3,14.3,2.0,4.54,2.54
46,21,14.6,60,Cardiology,74,0.415,Insights,All,1,3,15.0,18.43,3.43,2.0,2.84,0.84
7,40,16.5,42,Oncology,81,0.522,Insights,Insights,1,1,17.0,21.47,4.47,4.0,4.96,0.96
3,459,1.5,33,Oncology,84,0.196,All,All,1,4,13.0,18.36,5.36,3.0,4.86,1.86
27,18,14.9,28,Neurology,84,0.29,All,Call,1,2,15.0,22.2,7.2,2.0,3.6,1.6
60,204,13.3,137,Primary Care,73,0.492,All,Email,1,1,18.0,24.0,6.0,4.0,4.0,0.0
13,382,7.9,51,Cardiology,72,0.608,All,Call,1,3,9.0,15.98,6.98,5.0,7.2,2.2
69,165,19.6,188,Primary Care,74,0.219,Call,Call,1,3,17.0,24.62,7.62,5.0,7.68,2.68
20,248,4.7,153,Cardiology,80,0.411,All,Insights,1,0,11.0,16.41,5.41,3.0,3.0,0.0
40,44,4.2,152,Oncology,88,0.174,Insights,Insights,1,4,20.0,26.33,6.33,4.0,6.88,2.88
17,398,14.5,38,Cardiology,83,0.425,Email,Email,0,0,11.0,11.09,0.09,4.0,4.18,0.18
38,318,2.6,161,Oncology,73,0.571,Insights,Insights,1,2,20.0,28.39,8.39,1.0,2.71,1.71
37,426,10.3,187,Cardiology,80,0.166,Call,Call,0,0,16.0,18.03,2.03,2.0,2.08,0.08
1,432,18.1,130,Cardiology,82,0.379,Call,Call,1,0,12.0,14.08,2.08,3.0,4.02,1.02
46,176,14.6,60,Primary Care,83,0.723,Email,Email,1,2,14.0,21.87,7.87,5.0,7.07,2.07
63,21,15.4,190,Cardiology,74,0.415,All,Email,0,0,9.0,9.23,0.23,6.0,6.4,0.4
75,174,10.3,91,Neurology,102,0.101,Insights,Email,1,6,8.0,15.03,7.03,3.0,6.5,3.5
27,73,14.9,28,Primary Care,83,0.365,Insights,Insights,1,2,21.0,26.63,5.63,4.0,5.16,1.16
71,267,11.1,124,Primary Care,84,0.157,Email,Email,0,0,18.0,18.42,0.42,4.0,4.03,0.03
71,74,11.1,124,Cardiology,89,0.492,Insights,Insights,0,0,12.0,12.3,0.3,5.0,5.44,0.44
80,461,5.0,190,Neurology,93,0.205,Email,Email,0,0,13.0,14.1,1.1,2.0,2.22,0.22
30,302,12.2,100,Primary Care,86,0.283,Call,Call,0,0,11.0,11.19,0.19,2.0,2.1,0.1
69,127,19.6,188,Cardiology,63,0.593,Call,Call,1,2,15.0,22.08,7.08,4.0,5.25,1.25
46,461,14.6,60,Neurology,93,0.205,All,Insights,1,2,15.0,22.93,7.93,2.0,4.64,2.64
5,385,14.3,123,Primary Care,88,0.763,Call,Email,1,2,18.0,20.18,2.18,4.0,4.52,0.52
22,219,19.0,38,Neurology,73,0.039,Insights,Insights,1,1,14.0,19.64,5.64,2.0,3.93,1.93
54,74,18.8,54,Cardiology,89,0.492,All,Call,1,0,24.0,27.9,3.9,3.0,4.26,1.26
13,172,7.9,51,Oncology,91,0.343,Call,Call,1,1,9.0,15.42,6.42,2.0,3.15,1.15
35,293,17.5,101,Neurology,74,0.229,All,All,0,0,17.0,18.76,1.76,5.0,5.1,0.1
62,383,11.3,183,Cardiology,73,0.163,Email,Email,0,0,7.0,7.27,0.27,2.0,3.06,1.06
12,131,13.9,58,Neurology,69,0.687,Call,Call,1,2,17.0,23.95,6.95,4.0,4.96,0.96
40,372,4.2,152,Neurology,80,0.372,Email,Email,1,3,16.0,19.82,3.82,5.0,7.52,2.52
18,142,7.3,45,Cardiology,86,0.277,Insights,Insights,0,0,12.0,12.36,0.36,2.0,2.18,0.18
43,124,9.7,154,Cardiology,64,0.774,All,All,1,1,19.0,26.51,7.51,5.0,6.61,1.61
20,224,4.7,153,Neurology,77,0.28,Insights,Insights,1,1,10.0,17.14,7.14,8.0,9.28,1.28
78,81,19.6,86,Cardiology,93,0.439,Insights,Email,1,3,16.0,21.33,5.33,5.0,5.54,0.54
7,203,16.5,42,Cardiology,81,0.321,Call,Call,1,4,15.0,22.47,7.47,4.0,6.41,2.41
78,179,19.6,86,Cardiology,81,0.096,All,All,1,5,13.0,22.17,9.17,1.0,3.89,2.89
64,141,18.8,49,Cardiology,68,0.434,Call,Call,1,1,10.0,16.35,6.35,3.0,3.1,0.1
69,388,19.6,188,Neurology,79,0.508,Call,Call,1,2,12.0,16.92,4.92,2.0,3.17,1.17
69,166,19.6,188,Oncology,77,0.605,All,All,1,2,16.0,22.67,6.67,7.0,8.02,1.02
16,348,15.5,62,Oncology,88,0.382,Call,Call,1,1,17.0,21.07,4.07,5.0,5.48,0.48
75,361,10.3,91,Primary Care,77,0.116,Call,Call,0,0,10.0,11.14,1.14,3.0,3.05,0.05
48,333,11.4,109,Cardiology,78,0.618,Email,Email,1,4,16.0,23.39,7.39,4.0,6.33,2.33
77,135,5.6,150,Oncology,88,0.282,Email,Insights,0,0,9.0,9.8,0.8,2.0,2.29,0.29
71,415,11.1,124,Primary Care,79,0.153,All,Email,0,0,4.0,4.28,0.28,2.0,2.22,0.22
47,119,19.6,145,Primary Care,75,0.352,Call,Call,1,2,18.0,27.2,9.2,3.0,4.32,1.32
30,139,12.2,100,Primary Care,72,0.319,All,All,1,5,13.0,21.58,8.58,2.0,4.26,2.26
10,438,19.4,180,Cardiology,88,0.581,Email,Email,1,1,13.0,18.83,5.83,5.0,7.3,2.3
9,170,12.2,167,Oncology,85,0.258,Insights,Insights,1,1,17.0,24.02,7.02,7.0,8.53,1.53
32,349,11.7,170,Primary Care,63,0.195,All,All,1,4,16.0,23.38,7.38,1.0,3.74,2.74
65,22,4.0,150,Primary Care,76,0.2,Insights,Insights,0,0,15.0,15.21,0.21,6.0,6.06,0.06
41,308,8.8,52,Oncology,83,0.44,Insights,Call,0,0,18.0,18.14,0.14,1.0,1.02,0.02
39,435,16.9,55,Oncology,85,0.598,Insights,Insights,1,2,13.0,18.3,5.3,3.0,4.31,1.31
20,355,4.7,153,Cardiology,79,0.655,Insights,Insights,1,1,15.0,20.39,5.39,3.0,4.78,1.78
46,292,14.6,60,Cardiology,67,0.446,All,Email,1,2,15.0,19.48,4.48,6.0,8.41,2.41
52,425,18.3,191,Cardiology,86,0.128,Call,Call,1,3,13.0,19.93,6.93,3.0,4.44,1.44
79,150,19.8,87,Neurology,72,0.618,Call,Call,1,2,21.0,30.09,9.09,3.0,4.8,1.8
59,189,17.8,73,Neurology,77,0.106,Insights,Insights,1,0,15.0,18.81,3.81,1.0,2.11,1.11
49,35,14.2,24,Oncology,84,0.572,Call,Call,1,2,12.0,18.61,6.61,5.0,5.85,0.85
73,350,9.5,80,Neurology,82,0.491,Email,Email,1,4,19.0,23.31,4.31,4.0,5.69,1.69
34,362,1.0,82,Cardiology,86,0.334,All,All,0,0,12.0,12.47,0.47,2.0,2.05,0.05
75,376,10.3,91,Primary Care,85,0.101,Email,Email,0,0,17.0,19.12,2.12,7.0,7.78,0.78
30,375,12.2,100,Cardiology,77,0.043,Email,Email,1,1,13.0,16.76,3.76,1.0,3.71,2.71
11,64,14.7,189,Primary Care,89,0.343,Insights,Insights,0,0,15.0,15.97,0.97,7.0,7.05,0.05
34,334,1.0,82,Oncology,87,0.118,Email,Email,0,0,13.0,13.55,0.55,9.0,9.18,0.18
11,382,14.7,189,Cardiology,72,0.608,Email,Email,1,2,18.0,21.39,3.39,4.0,5.7,1.7
10,102,19.4,180,Neurology,84,0.344,Email,Insights,1,0,13.0,14.92,1.92,7.0,7.69,0.69
71,239,11.1,124,Cardiology,88,0.392,Email,Email,0,0,14.0,14.6,0.6,4.0,4.17,0.17
64,457,18.8,49,Neurology,105,0.438,Call,Call,1,2,19.0,26.17,7.17,5.0,6.06,1.06
18,208,7.3,45,Cardiology,66,0.907,All,All,1,3,17.0,23.15,6.15,4.0,4.95,0.95
68,377,3.4,153,Primary Care,70,0.168,Call,Call,0,0,19.0,19.34,0.34,3.0,3.1,0.1
6,266,11.4,159,Neurology,93,0.138,Call,Call,1,2,20.0,27.39,7.39,2.0,3.06,1.06
23,329,8.9,67,Cardiology,70,0.471,Insights,Insights,1,3,19.0,27.53,8.53,3.0,4.35,1.35
57,314,6.8,128,Primary Care,80,0.738,Call,Call,0,0,7.0,7.14,0.14,1.0,1.18,0.18
25,326,10.3,198,Cardiology,85,0.18,Call,Call,1,2,12.0,18.58,6.58,3.0,4.07,1.07
59,390,17.8,73,Primary Care,60,0.288,Call,Call,1,0,13.0,16.52,3.52,2.0,2.0,0.0
70,453,9.1,60,Cardiology,81,0.285,Call,Call,0,0,21.0,21.22,0.22,2.0,2.07,0.07
6,148,11.4,159,Neurology,80,0.513,Call,Call,1,4,12.0,19.36,7.36,6.0,7.96,1.96
2,465,6.3,75,Neurology,83,0.399,Email,Email,0,0,19.0,19.05,0.05,4.0,4.57,0.57
76,314,1.2,80,Primary Care,80,0.738,All,Email,0,0,18.0,18.41,0.41,5.0,5.33,0.33
42,298,17.0,101,Oncology,79,0.701,All,All,1,3,8.0,12.51,4.51,4.0,6.4,2.4
41,164,8.8,52,Neurology,82,0.635,All,All,0,0,13.0,13.73,0.73,4.0,4.12,0.12
38,209,2.6,161,Primary Care,77,0.116,Email,Email,0,0,13.0,13.54,0.54,5.0,5.05,0.05
35,326,17.5,101,Cardiology,85,0.18,All,All,1,8,17.0,28.49,11.49,4.0,7.46,3.46
56,182,12.0,85,Neurology,70,0.403,Insights,All,0,0,19.0,19.18,0.18,6.0,6.01,0.01
47,144,19.6,145,Primary Care,71,0.029,Email,Email,1,2,14.0,20.73,6.73,6.0,7.91,1.91
14,410,1.0,123,Neurology,93,0.263,All,Call,0,0,13.0,13.18,0.18,4.0,4.01,0.01
51,208,15.3,66,Cardiology,66,0.907,All,Insights,1,0,15.0,20.86,5.86,2.0,3.4,1.4
54,323,18.8,54,Cardiology,79,0.305,Email,Email,0,0,16.0,16.83,0.83,1.0,1.04,0.04
10,16,19.4,180,Oncology,92,0.61,All,All,1,4,10.0,19.13,9.13,7.0,8.84,1.84
31,39,7.9,33,Oncology,77,0.367,Email,Email,1,2,11.0,19.44,8.44,4.0,5.9,1.9
64,425,18.8,49,Cardiology,86,0.128,Call,All,0,0,8.0,8.01,0.01,3.0,3.07,0.07
50,72,8.5,157,Cardiology,87,0.334,Email,Email,1,2,16.0,22.58,6.58,4.0,6.01,2.01
11,398,14.7,189,Cardiology,83,0.425,Email,All,1,4,14.0,15.69,1.69,3.0,4.11,1.11
4,451,15.7,136,Neurology,74,0.702,All,Call,1,3,14.0,20.14,6.14,1.0,2.04,1.04
47,241,19.6,145,Cardiology,79,0.319,Insights,Email,1,2,19.0,20.78,1.78,5.0,5.1,0.1
37,443,10.3,187,Primary Care,86,0.185,Call,Call,1,4,12.0,21.83,9.83,4.0,7.53,3.53
77,214,5.6,150,Primary Care,80,0.677,All,All,1,5,13.0,24.1,11.1,7.0,8.88,1.88
42,476,17.0,101,Cardiology,89,0.053,All,Call,0,0,14.0,14.5,0.5,3.0,3.1,0.1
75,119,10.3,91,Primary Care,75,0.352,All,Insights,1,4,10.0,21.39,11.39,1.0,3.55,2.55
18,214,7.3,45,Primary Care,80,0.677,All,All,1,2,13.0,17.88,4.88,5.0,7.08,2.08
36,195,9.2,60,Primary Care,84,0.33,All,Call,0,0,14.0,14.59,0.59,4.0,4.07,0.07
12,393,13.9,58,Neurology,84,0.408,Insights,Insights,0,0,27.0,27.02,0.02,8.0,8.04,0.04
46,22,14.6,60,Primary Care,76,0.2,Call,Call,0,0,17.0,17.51,0.51,2.0,2.0,0.0
16,415,15.5,62,Primary Care,79,0.153,All,Insights,1,2,12.0,19.53,7.53,6.0,8.11,2.11
40,12,4.2,152,Neurology,80,0.218,Email,Email,0,0,23.0,23.2,0.2,7.0,7.19,0.19
28,158,19.3,22,Cardiology,88,0.423,Email,Email,0,0,15.0,16.45,1.45,6.0,6.0,0.0
15,299,5.6,103,Oncology,81,0.553,Call,Call,0,0,13.0,13.03,0.03,2.0,2.04,0.04
8,73,17.0,116,Primary Care,83,0.365,Call,Call,0,0,11.0,11.4,0.4,3.0,3.03,0.03
41,246,8.8,52,Primary Care,86,0.14,Insights,Insights,0,0,16.0,16.55,0.55,3.0,3.35,0.35
76,499,1.2,80,Oncology,68,0.052,All,Insights,0,0,17.0,17.22,0.22,2.0,2.01,0.01
16,412,15.5,62,Neurology,76,0.38,Call,Call,0,0,20.0,20.29,0.29,4.0,4.07,0.07
33,16,7.1,115,Oncology,92,0.61,Insights,Insights,0,0,17.0,17.44,0.44,2.0,2.15,0.15
18,296,7.3,45,Oncology,68,0.223,Call,Call,1,4,10.0,16.51,6.51,2.0,4.25,2.25
65,299,4.0,150,Oncology,81,0.553,All,Call,0,0,17.0,17.35,0.35,3.0,3.2,0.2
34,35,1.0,82,Oncology,84,0.572,Email,Email,1,3,9.0,14.93,5.93,4.0,5.72,1.72
78,326,19.6,86,Cardiology,85,0.18,Email,Email,1,4,17.0,22.04,5.04,2.0,4.14,2.14
20,261,4.7,153,Primary Care,92,0.673,Insights,Insights,1,0,8.0,13.89,5.89,6.0,7.5,1.5
7,341,16.5,42,Cardiology,79,0.146,Insights,Insights,1,2,21.0,22.8,1.8,4.0,5.52,1.52
47,149,19.6,145,Neurology,68,0.531,Call,Call,1,0,17.0,20.3,3.3,0.0,0.15,0.15
53,128,14.4,171,Primary Care,68,0.624,Call,Call,1,0,23.0,28.04,5.04,4.0,4.88,0.88
80,368,5.0,190,Cardiology,83,0.162,Email,Call,0,0,10.0,10.02,0.02,5.0,5.17,0.17
70,361,9.1,60,Primary Care,77,0.116,Insights,Insights,0,0,13.0,13.68,0.68,5.0,5.8,0.8
71,81,11.1,124,Cardiology,93,0.439,Call,Call,1,1,13.0,19.1,6.1,5.0,6.21,1.21
51,109,15.3,66,Neurology,75,0.083,Call,Call,1,2,14.0,18.62,4.62,7.0,8.71,1.71
29,294,12.2,174,Neurology,81,0.318,All,Call,1,0,16.0,20.46,4.46,2.0,2.04,0.04
35,415,17.5,101,Primary Care,79,0.153,All,Call,0,0,16.0,16.59,0.59,3.0,3.51,0.51
11,101,14.7,189,Cardiology,69,0.507,Email,Email,1,3,20.0,27.12,7.12,7.0,8.72,1.72
35,110,17.5,101,Neurology,78,0.263,Insights,Insights,1,2,12.0,18.89,6.89,6.0,7.36,1.36
30,404,12.2,100,Primary Care,83,0.092,Email,Email,1,3,19.0,27.0,8.0,3.0,4.3,1.3
3,349,1.5,33,Primary Care,63,0.195,Email,Insights,1,2,15.0,17.36,2.36,5.0,5.0,0.0
17,452,14.5,38,Cardiology,71,0.233,All,Email,1,3,15.0,19.34,4.34,0.0,1.94,1.94
43,392,9.7,154,Primary Care,77,0.126,Email,Email,0,0,13.0,13.01,0.01,3.0,3.33,0.33
30,477,12.2,100,Primary Care,81,0.627,Call,Call,1,1,13.0,20.35,7.35,2.0,3.4,1.4
80,95,5.0,190,Cardiology,84,0.193,All,Email,1,3,16.0,24.24,8.24,5.0,7.04,2.04
39,136,16.9,55,Primary Care,69,0.746,All,All,1,7,12.0,20.58,8.58,6.0,9.47,3.47
77,119,5.6,150,Primary Care,75,0.352,All,Call,0,0,8.0,8.76,0.76,2.0,2.08,0.08
53,28,14.4,171,Oncology,87,0.392,All,All,0,0,11.0,11.26,0.26,4.0,4.02,0.02
4,390,15.7,136,Primary Care,60,0.288,Call,Call,0,0,19.0,19.27,0.27,7.0,7.16,0.16
17,331,14.5,38,Oncology,80,0.49,Insights,Insights,0,0,17.0,18.98,1.98,5.0,5.18,0.18
57,43,6.8,128,Neurology,74,0.559,Call,Call,1,0,16.0,20.37,4.37,3.0,4.75,1.75
44,100,18.7,26,Neurology,73,0.099,Insights,Insights,1,2,12.0,16.98,4.98,6.0,7.91,1.91
25,96,10.3,198,Oncology,78,0.538,Call,Call,0,0,17.0,17.63,0.63,5.0,5.44,0.44
42,202,17.0,101,Oncology,69,0.55,Email,Email,1,4,15.0,24.22,9.22,5.0,8.54,3.54
73,228,9.5,80,Cardiology,78,0.41,Email,Email,1,2,19.0,23.84,4.84,2.0,4.35,2.35
32,145,11.7,170,Primary Care,81,0.259,All,Email,0,0,18.0,19.06,1.06,6.0,6.07,0.07
4,466,15.7,136,Neurology,82,0.66,Email,Insights,1,1,22.0,26.29,4.29,5.0,5.65,0.65
25,107,10.3,198,Primary Care,71,0.345,Insights,Insights,1,5,14.0,23.35,9.35,2.0,5.5,3.5
75,281,10.3,91,Primary Care,65,0.633,All,Insights,1,5,17.0,27.67,10.67,3.0,5.76,2.76
61,219,5.4,66,Neurology,73,0.039,All,Call,1,1,13.0,19.31,6.31,3.0,3.06,0.06
67,194,8.8,42,Oncology,77,0.095,Call,Call,1,3,12.0,18.25,6.25,5.0,6.42,1.42
73,413,9.5,80,Neurology,79,0.576,Email,Email,1,3,18.0,27.48,9.48,4.0,5.37,1.37
10,490,19.4,180,Cardiology,85,0.564,All,All,1,5,11.0,20.96,9.96,3.0,6.45,3.45
23,3,8.9,67,Primary Care,78,0.833,Insights,Insights,0,0,17.0,17.05,0.05,4.0,4.16,0.16
5,232,14.3,123,Neurology,78,0.439,Call,Call,1,4,16.0,23.6,7.6,3.0,4.98,1.98
1,60,18.1,130,Neurology,96,0.578,All,Email,0,0,13.0,14.3,1.3,4.0,4.71,0.71
67,217,8.8,42,Cardiology,87,0.479,Email,Email,0,0,22.0,22.1,0.1,0.0,0.64,0.64
75,309,10.3,91,Primary Care,92,0.488,Call,Call,1,2,17.0,20.4,3.4,3.0,4.52,1.52
13,206,7.9,51,Oncology,91,0.39,Email,Email,1,4,10.0,21.46,11.46,5.0,7.38,2.38
58,155,14.5,120,Primary Care,70,0.546,Email,Email,0,0,15.0,15.23,0.23,0.0,0.2,0.2
43,157,9.7,154,Oncology,85,0.547,Call,Call,1,6,21.0,30.72,9.72,4.0,6.99,2.99
6,150,11.4,159,Neurology,72,0.618,Insights,Insights,1,2,11.0,15.98,4.98,3.0,3.67,0.67
74,163,19.7,62,Neurology,77,0.341,Call,Call,1,7,15.0,28.85,13.85,2.0,5.65,3.65
70,187,9.1,60,Cardiology,100,0.246,Insights,All,0,0,22.0,22.3,0.3,4.0,4.36,0.36
46,344,14.6,60,Cardiology,99,0.496,All,All,0,0,17.0,17.47,0.47,6.0,6.09,0.09
57,49,6.8,128,Primary Care,72,0.425,All,All,1,5,14.0,24.31,10.31,6.0,8.07,2.07
32,21,11.7,170,Cardiology,74,0.415,Email,Insights,1,2,10.0,14.84,4.84,2.0,3.69,1.69
64,259,18.8,49,Cardiology,78,0.458,All,Insights,1,1,17.0,22.45,5.45,4.0,5.96,1.96
36,341,9.2,60,Cardiology,79,0.146,Email,Email,0,0,14.0,15.35,1.35,5.0,5.08,0.08
80,130,5.0,190,Oncology,88,0.424,Insights,Insights,0,0,11.0,12.85,1.85,4.0,4.3,0.3
6,101,11.4,159,Cardiology,69,0.507,Call,Call,0,0,13.0,13.76,0.76,3.0,3.16,0.16
14,313,1.0,123,Primary Care,78,0.792,All,All,1,10,10.0,22.9,12.9,6.0,9.95,3.95
78,193,19.6,86,Cardiology,65,0.598,Email,Email,1,1,12.0,17.72,5.72,4.0,4.47,0.47
24,369,5.7,177,Oncology,91,0.499,Insights,Insights,1,1,11.0,16.98,5.98,2.0,2.34,0.34
25,74,10.3,198,Cardiology,89,0.492,Email,Email,0,0,16.0,16.08,0.08,3.0,3.15,0.15
64,61,18.8,49,Neurology,81,0.304,Email,Email,0,0,16.0,16.86,0.86,3.0,3.11,0.11
16,277,15.5,62,Neurology,67,0.525,Insights,Insights,1,0,12.0,14.07,2.07,4.0,4.0,0.0
42,197,17.0,101,Primary Care,70,0.318,Call,Call,1,4,17.0,24.85,7.85,3.0,5.18,2.18
23,365,8.9,67,Primary Care,94,0.448,All,Insights,0,0,9.0,9.21,0.21,8.0,8.2,0.2
16,254,15.5,62,Oncology,81,0.098,Insights,Insights,1,1,13.0,17.58,4.58,6.0,7.58,1.58
78,178,19.6,86,Oncology,75,0.326,Insights,Insights,0,0,21.0,21.01,0.01,6.0,6.06,0.06
16,80,15.5,62,Neurology,78,0.356,All,Call,0,0,13.0,13.28,0.28,9.0,9.36,0.36
8,82,17.0,116,Cardiology,85,0.329,All,Email,0,0,14.0,14.48,0.48,4.0,4.23,0.23
54,378,18.8,54,Primary Care,84,0.084,All,Call,1,1,16.0,20.7,4.7,3.0,4.76,1.76
70,114,9.1,60,Neurology,81,0.42,Email,Email,1,6,13.0,23.92,10.92,4.0,7.11,3.11
11,252,14.7,189,Cardiology,74,0.789,Insights,Insights,1,3,18.0,24.05,6.05,6.0,8.34,2.34
57,410,6.8,128,Neurology,93,0.263,All,All,1,5,6.0,16.98,10.98,2.0,4.53,2.53
44,449,18.7,26,Oncology,71,0.266,Email,Email,1,4,18.0,27.43,9.43,5.0,7.35,2.35
67,134,8.8,42,Neurology,80,0.588,Call,Call,1,1,10.0,14.86,4.86,5.0,6.33,1.33
11,55,14.7,189,Primary Care,85,0.307,Call,Call,0,0,14.0,14.02,0.02,5.0,5.15,0.15
79,388,19.8,87,Neurology,79,0.508,Insights,Insights,0,0,21.0,21.32,0.32,8.0,8.36,0.36
50,344,8.5,157,Cardiology,99,0.496,Call,Call,1,4,12.0,21.13,9.13,5.0,6.82,1.82
68,166,3.4,153,Oncology,77,0.605,Insights,Insights,0,0,14.0,15.28,1.28,1.0,1.5,0.5
29,297,12.2,174,Primary Care,72,0.511,Insights,Insights,0,0,18.0,18.69,0.69,4.0,4.28,0.28
76,95,1.2,80,Cardiology,84,0.193,Insights,All,1,6,14.0,20.8,6.8,3.0,4.7,1.7
51,351,15.3,66,Cardiology,67,0.51,Call,Call,1,1,23.0,25.54,2.54,5.0,5.64,0.64
11,364,14.7,189,Oncology,79,0.603,All,Email,1,3,20.0,25.27,5.27,3.0,4.73,1.73
74,150,19.7,62,Neurology,72,0.618,Insights,Insights,0,0,22.0,22.36,0.36,3.0,3.01,0.01
64,235,18.8,49,Primary Care,72,0.151,Email,Email,1,2,11.0,14.77,3.77,4.0,5.22,1.22
25,168,10.3,198,Oncology,67,0.519,Email,Email,0,0,19.0,19.64,0.64,4.0,4.06,0.06
44,16,18.7,26,Oncology,92,0.61,Call,Call,1,2,16.0,22.02,6.02,4.0,5.35,1.35
32,64,11.7,170,Primary Care,89,0.343,All,All,1,5,20.0,28.73,8.73,3.0,5.72,2.72
44,480,18.7,26,Primary Care,86,0.362,Call,Call,1,5,15.0,27.22,12.22,1.0,3.46,2.46
78,229,19.6,86,Primary Care,81,0.425,Email,Call,1,2,15.0,20.6,5.6,3.0,3.66,0.66
72,74,5.3,163,Cardiology,89,0.492,Email,Email,1,3,25.0,30.14,5.14,4.0,5.45,1.45
18,23,7.3,45,Cardiology,88,0.417,Email,Call,1,3,11.0,14.3,3.3,5.0,6.37,1.37
78,177,19.6,86,Neurology,75,0.61,Call,Call,0,0,14.0,14.12,0.12,3.0,3.17,0.17
36,492,9.2,60,Primary Care,84,0.109,All,All,1,6,11.0,21.56,10.56,8.0,11.22,3.22
57,193,6.8,128,Cardiology,65,0.598,Call,Call,1,2,19.0,22.69,3.69,1.0,3.39,2.39
62,500,11.3,183,Neurology,86,0.438,All,Call,1,0,17.0,20.21,3.21,2.0,2.22,0.22
39,245,16.9,55,Cardiology,73,0.766,Email,Email,1,2,10.0,16.53,6.53,6.0,7.34,1.34
37,382,10.3,187,Cardiology,72,0.608,Call,Call,0,0,10.0,10.98,0.98,4.0,4.03,0.03
37,393,10.3,187,Neurology,84,0.408,All,All,1,6,14.0,22.5,8.5,4.0,6.73,2.73
70,15,9.1,60,Primary Care,71,0.274,Insights,Call,1,4,12.0,16.94,4.94,0.0,2.43,2.43
31,4,7.9,33,Cardiology,80,0.464,All,All,0,0,15.0,15.08,0.08,6.0,6.01,0.01
23,462,8.9,67,Primary Care,65,0.088,Call,Email,1,0,14.0,16.63,2.63,6.0,6.11,0.11
29,467,12.2,174,Neurology,82,0.399,Insights,Insights,1,1,16.0,19.06,3.06,0.0,1.49,1.49
16,67,15.5,62,Oncology,87,0.465,Insights,Insights,1,0,15.0,20.73,5.73,5.0,5.22,0.22
32,323,11.7,170,Cardiology,79,0.305,Email,Email,0,0,20.0,21.27,1.27,2.0,2.03,0.03
10,462,19.4,180,Primary Care,65,0.088,All,Insights,0,0,15.0,15.12,0.12,6.0,6.07,0.07
8,476,17.0,116,Cardiology,89,0.053,Call,Call,1,0,19.0,23.4,4.4,4.0,4.71,0.71
58,149,14.5,120,Neurology,68,0.531,Email,Email,1,3,15.0,22.68,7.68,2.0,3.64,1.64
7,409,16.5,42,Primary Care,87,0.647,All,All,1,1,9.0,15.21,6.21,9.0,10.2,1.2
46,324,14.6,60,Neurology,72,0.393,All,Call,1,4,14.0,23.76,9.76,9.0,10.97,1.97
63,464,15.4,190,Cardiology,85,0.058,All,All,0,0,22.0,22.21,0.21,4.0,4.21,0.21
58,74,14.5,120,Cardiology,89,0.492,All,Insights,1,0,16.0,17.87,1.87,4.0,4.03,0.03
36,301,9.2,60,Oncology,79,0.068,Call,Call,1,1,9.0,13.6,4.6,4.0,4.72,0.72
16,13,15.5,62,Cardiology,82,0.227,Insights,Insights,1,1,25.0,25.93,0.93,3.0,4.35,1.35
75,179,10.3,91,Cardiology,81,0.096,All,Insights,1,1,15.0,18.9,3.9,4.0,4.51,0.51
67,6,8.8,42,Primary Care,70,0.138,Email,Email,1,4,12.0,19.23,7.23,9.0,10.65,1.65
49,222,14.2,24,Primary Care,88,0.782,Call,Call,1,1,14.0,18.61,4.61,7.0,8.75,1.75
7,406,16.5,42,Primary Care,83,0.594,All,All,0,0,12.0,12.06,0.06,2.0,2.02,0.02
3,330,1.5,33,Oncology,70,0.262,Email,Email,1,6,15.0,24.64,9.64,4.0,7.23,3.23
26,159,8.4,99,Cardiology,86,0.338,All,Call,1,3,14.0,22.08,8.08,2.0,3.09,1.09
13,214,7.9,51,Primary Care,80,0.677,Call,All,1,3,10.0,14.83,4.83,2.0,4.38,2.38
69,184,19.6,188,Neurology,88,0.178,All,Email,1,2,20.0,24.19,4.19,4.0,5.98,1.98
17,366,14.5,38,Primary Care,63,0.338,Insights,Insights,1,2,22.0,28.46,6.46,5.0,6.86,1.86
23,134,8.9,67,Neurology,80,0.588,Insights,Insights,1,2,11.0,16.33,5.33,3.0,4.3,1.3
79,46,19.8,87,Neurology,90,0.647,All,Email,1,5,15.0,25.05,10.05,2.0,4.61,2.61
66,254,3.4,187,Oncology,81,0.098,Email,Insights,0,0,9.0,10.29,1.29,7.0,7.04,0.04
18,415,7.3,45,Primary Care,79,0.153,Insights,Insights,0,0,15.0,15.09,0.09,2.0,2.02,0.02
31,239,7.9,33,Cardiology,88,0.392,All,Call,1,4,18.0,25.52,7.52,3.0,4.91,1.91
42,103,17.0,101,Cardiology,67,0.095,All,Call,1,1,9.0,13.8,4.8,4.0,4.95,0.95
54,24,18.8,54,Primary Care,92,0.605,All,Insights,1,5,16.0,25.11,9.11,6.0,8.72,2.72
75,472,10.3,91,Cardiology,75,0.516,Insights,Insights,1,3,17.0,26.55,9.55,2.0,4.24,2.24
70,381,9.1,60,Oncology,76,0.158,Insights,Insights,1,3,16.0,23.02,7.02,4.0,6.13,2.13
79,78,19.8,87,Oncology,75,0.333,Insights,Email,0,0,11.0,11.11,0.11,8.0,8.25,0.25
4,37,15.7,136,Cardiology,84,0.317,Insights,Insights,0,0,15.0,15.12,0.12,5.0,5.86,0.86
19,65,12.9,81,Cardiology,87,0.215,Insights,Call,1,2,13.0,17.45,4.45,5.0,6.42,1.42
46,189,14.6,60,Neurology,77,0.106,Email,Email,0,0,15.0,15.57,0.57,2.0,2.4,0.4
4,406,15.7,136,Primary Care,83,0.594,Email,All,1,8,11.0,20.96,9.96,1.0,2.8,1.8
29,80,12.2,174,Neurology,78,0.356,Insights,Call,1,0,18.0,20.95,2.95,1.0,1.71,0.71
13,410,7.9,51,Neurology,93,0.263,Call,Call,1,3,11.0,18.56,7.56,2.0,3.77,1.77
75,1,10.3,91,Primary Care,84,0.555,Call,Call,1,2,18.0,21.88,3.88,2.0,3.52,1.52
6,370,11.4,159,Neurology,75,0.29,Email,Email,1,3,8.0,11.53,3.53,1.0,2.84,1.84
12,142,13.9,58,Cardiology,86,0.277,All,Email,0,0,16.0,16.5,0.5,6.0,6.19,0.19
16,481,15.5,62,Oncology,78,0.757,All,All,1,4,15.0,23.55,8.55,4.0,6.19,2.19
12,238,13.9,58,Cardiology,63,0.275,Insights,Insights,0,0,16.0,16.24,0.24,3.0,3.01,0.01
46,136,14.6,60,Primary Care,69,0.746,All,Insights,1,2,16.0,21.56,5.56,2.0,3.88,1.88
30,122,12.2,100,Neurology,82,0.76,All,All,1,1,15.0,20.64,5.64,6.0,7.09,1.09
73,414,9.5,80,Primary Care,80,0.738,Email,Email,1,2,12.0,19.09,7.09,5.0,6.38,1.38
21,202,6.0,31,Oncology,69,0.55,Email,Email,1,7,21.0,30.41,9.41,5.0,9.1,4.1
43,177,9.7,154,Neurology,75,0.61,Email,Email,1,4,16.0,24.25,8.25,4.0,5.62,1.62
53,368,14.4,171,Cardiology,83,0.162,Email,Email,1,3,9.0,17.08,8.08,8.0,10.26,2.26
51,269,15.3,66,Neurology,94,0.513,Insights,Insights,1,2,11.0,16.87,5.87,7.0,9.34,2.34
64,332,18.8,49,Primary Care,88,0.31,Call,Call,1,6,15.0,22.35,7.35,6.0,8.26,2.26
17,223,14.5,38,Oncology,99,0.726,All,All,1,1,12.0,16.5,4.5,4.0,5.18,1.18
41,33,8.8,52,Oncology,98,0.68,Insights,Call,1,3,14.0,16.9,2.9,2.0,3.88,1.88
65,3,4.0,150,Primary Care,78,0.833,Call,Call,1,3,10.0,18.86,8.86,3.0,4.41,1.41
70,20,9.1,60,Primary Care,75,0.121,All,Email,1,1,6.0,9.53,3.53,2.0,3.27,1.27
50,288,8.5,157,Primary Care,84,0.271,All,All,1,2,11.0,15.78,4.78,3.0,3.71,0.71
53,257,14.4,171,Neurology,92,0.677,All,All,0,0,22.0,22.49,0.49,7.0,7.06,0.06
70,374,9.1,60,Oncology,77,0.751,All,All,1,4,14.0,23.31,9.31,4.0,7.0,3.0
50,448,8.5,157,Neurology,81,0.512,All,Insights,1,1,25.0,31.47,6.47,5.0,5.46,0.46
76,88,1.2,80,Neurology,81,0.53,Insights,Insights,1,3,16.0,22.0,6.0,5.0,5.88,0.88
11,479,14.7,189,Neurology,91,0.661,All,Insights,1,3,10.0,16.93,6.93,4.0,5.91,1.91
28,466,19.3,22,Neurology,82,0.66,Email,Email,1,1,14.0,18.91,4.91,6.0,7.53,1.53
9,308,12.2,167,Oncology,83,0.44,Insights,Insights,0,0,13.0,13.05,0.05,5.0,5.03,0.03
8,266,17.0,116,Neurology,93,0.138,Insights,Insights,1,0,20.0,21.31,1.31,6.0,6.73,0.73
38,89,2.6,161,Primary Care,91,0.808,Email,Email,0,0,13.0,13.11,0.11,4.0,4.09,0.09
19,90,12.9,81,Neurology,69,0.307,Email,Email,0,0,15.0,15.42,0.42,5.0,5.03,0.03
33,10,7.1,115,Oncology,62,0.232,Email,Insights,0,0,17.0,17.16,0.16,3.0,3.34,0.34
36,323,9.2,60,Cardiology,79,0.305,Call,Email,1,2,7.0,8.52,1.52,1.0,2.51,1.51
50,217,8.5,157,Cardiology,87,0.479,Email,Email,1,1,18.0,28.02,10.02,3.0,4.21,1.21
76,96,1.2,80,Oncology,78,0.538,Call,Call,0,0,14.0,15.17,1.17,8.0,8.16,0.16
68,67,3.4,153,Oncology,87,0.465,All,Email,0,0,17.0,17.01,0.01,3.0,3.06,0.06
31,32,7.9,33,Cardiology,67,0.366,Insights,Insights,1,2,9.0,16.92,7.92,3.0,3.63,0.63
27,321,14.9,28,Oncology,80,0.224,Insights,Insights,1,1,11.0,14.81,3.81,5.0,6.13,1.13
62,343,11.3,183,Neurology,73,0.188,Email,All,1,7,10.0,15.93,5.93,7.0,9.68,2.68
10,316,19.4,180,Oncology,78,0.34,All,Call,1,3,17.0,24.2,7.2,5.0,6.28,1.28
44,56,18.7,26,Cardiology,82,0.258,Email,Email,1,3,22.0,30.0,8.0,1.0,4.71,3.71
34,21,1.0,82,Cardiology,74,0.415,Call,Call,1,5,18.0,27.41,9.41,4.0,6.35,2.35
15,54,5.6,103,Primary Care,70,0.118,Insights,Insights,0,0,10.0,10.47,0.47,2.0,2.07,0.07
50,376,8.5,157,Primary Care,85,0.101,All,All,0,0,17.0,17.17,0.17,3.0,3.25,0.25
26,370,8.4,99,Neurology,75,0.29,All,All,1,3,14.0,21.5,7.5,5.0,6.78,1.78
15,148,5.6,103,Neurology,80,0.513,All,All,0,0,14.0,14.56,0.56,6.0,6.23,0.23
53,28,14.4,171,Oncology,87,0.392,All,Email,0,0,16.0,16.19,0.19,3.0,3.01,0.01
14,160,1.0,123,Primary Care,88,0.064,Insights,Insights,0,0,15.0,16.53,1.53,3.0,3.07,0.07
54,405,18.8,54,Oncology,74,0.549,Insights,Insights,0,0,14.0,14.07,0.07,5.0,5.02,0.02
13,72,7.9,51,Cardiology,87,0.334,Email,Email,1,0,17.0,19.06,2.06,5.0,5.53,0.53
35,399,17.5,101,Cardiology,77,0.525,Call,Call,0,0,12.0,12.14,0.14,2.0,2.01,0.01
65,232,4.0,150,Neurology,78,0.439,All,Email,1,1,25.0,31.19,6.19,6.0,7.47,1.47
19,71,12.9,81,Neurology,87,0.283,All,Call,1,4,19.0,29.02,10.02,7.0,9.84,2.84
62,467,11.3,183,Neurology,82,0.399,Call,Call,1,2,13.0,17.47,4.47,2.0,4.12,2.12
58,260,14.5,120,Cardiology,90,0.209,Email,Email,1,3,17.0,23.81,6.81,3.0,3.87,0.87
73,336,9.5,80,Cardiology,79,0.289,Email,Email,1,2,12.0,18.0,6.0,6.0,8.5,2.5
14,49,1.0,123,Primary Care,72,0.425,Call,Call,1,5,17.0,26.34,9.34,2.0,3.81,1.81
58,186,14.5,120,Cardiology,82,0.35,Email,All,0,0,14.0,14.7,0.7,5.0,5.06,0.06
75,317,10.3,91,Neurology,72,0.135,Insights,Insights,1,2,18.0,26.47,8.47,3.0,4.76,1.76
62,323,11.3,183,Cardiology,79,0.305,Email,Email,1,0,15.0,20.39,5.39,4.0,5.23,1.23
16,32,15.5,62,Cardiology,67,0.366,Email,Email,0,0,15.0,16.45,1.45,2.0,2.07,0.07
66,303,3.4,187,Neurology,71,0.161,Call,Call,0,0,14.0,14.13,0.13,4.0,4.02,0.02
9,473,12.2,167,Oncology,95,0.199,All,Email,0,0,17.0,18.35,1.35,4.0,4.13,0.13
48,394,11.4,109,Oncology,78,0.317,Call,Call,1,5,19.0,27.09,8.09,5.0,8.33,3.33
40,104,4.2,152,Neurology,82,0.246,Call,Call,1,4,21.0,25.66,4.66,1.0,2.53,1.53
43,457,9.7,154,Neurology,105,0.438,Insights,Insights,1,3,15.0,24.48,9.48,3.0,6.09,3.09
42,342,17.0,101,Oncology,83,0.431,All,Call,0,0,19.0,19.05,0.05,4.0,4.11,0.11
3,29,1.5,33,Oncology,75,0.618,Call,Call,0,0,12.0,12.58,0.58,8.0,8.78,0.78
41,65,8.8,52,Cardiology,87,0.215,All,Call,0,0,13.0,14.69,1.69,2.0,2.1,0.1
75,461,10.3,91,Neurology,93,0.205,Call,Call,0,0,16.0,16.64,0.64,2.0,2.25,0.25
35,105,17.5,101,Cardiology,70,0.342,Insights,All,1,2,14.0,17.71,3.71,2.0,2.64,0.64
23,49,8.9,67,Primary Care,72,0.425,Call,Call,1,2,12.0,16.77,4.77,4.0,4.94,0.94
80,226,5.0,190,Primary Care,76,0.391,All,All,1,2,20.0,24.21,4.21,4.0,5.26,1.26
8,263,17.0,116,Neurology,68,0.33,All,Insights,1,1,12.0,15.29,3.29,2.0,3.64,1.64
39,287,16.9,55,Neurology,72,0.386,All,Call,1,3,17.0,22.41,5.41,5.0,7.05,2.05
42,330,17.0,101,Oncology,70,0.262,All,All,0,0,18.0,19.06,1.06,2.0,2.09,0.09
39,500,16.9,55,Neurology,86,0.438,Email,Email,1,1,21.0,27.46,6.46,6.0,7.57,1.57
74,380,19.7,62,Oncology,73,0.049,Insights,Insights,0,0,12.0,12.08,0.08,4.0,4.03,0.03
34,13,1.0,82,Cardiology,82,0.227,Email,Email,0,0,20.0,20.22,0.22,2.0,2.02,0.02
78,45,19.6,86,Primary Care,74,0.138,Call,Call,1,2,14.0,21.23,7.23,6.0,7.8,1.8
6,1,11.4,159,Primary Care,84,0.555,Insights,Insights,1,1,18.0,23.45,5.45,4.0,4.65,0.65
59,198,17.8,73,Oncology,69,0.558,All,Insights,1,3,6.0,13.78,7.78,5.0,6.06,1.06
48,176,11.4,109,Primary Care,83,0.723,All,Insights,1,2,9.0,16.02,7.02,1.0,3.67,2.67
20,467,4.7,153,Neurology,82,0.399,All,All,1,5,15.0,21.8,6.8,4.0,6.49,2.49
19,184,12.9,81,Neurology,88,0.178,Insights,Insights,1,1,17.0,22.64,5.64,2.0,3.29,1.29
58,16,14.5,120,Oncology,92,0.61,All,Call,1,2,9.0,17.76,8.76,6.0,7.26,1.26
52,442,18.3,191,Neurology,86,0.281,All,All,0,0,16.0,16.24,0.24,5.0,5.29,0.29
49,131,14.2,24,Neurology,69,0.687,All,All,1,6,13.0,21.23,8.23,3.0,6.93,3.93
5,457,14.3,123,Neurology,105,0.438,Email,Email,0,0,16.0,16.62,0.62,3.0,3.23,0.23
48,388,11.4,109,Neurology,79,0.508,Insights,Insights,1,2,11.0,16.43,5.43,6.0,6.95,0.95
79,441,19.8,87,Oncology,82,0.069,All,All,0,0,8.0,8.26,0.26,1.0,1.24,0.24
2,410,6.3,75,Neurology,93,0.263,All,Call,1,0,21.0,24.1,3.1,4.0,4.65,0.65
38,72,2.6,161,Cardiology,87,0.334,Email,All,1,5,15.0,21.26,6.26,3.0,4.25,1.25
40,314,4.2,152,Primary Care,80,0.738,Call,Email,1,7,9.0,17.15,8.15,6.0,8.38,2.38
72,207,5.3,163,Oncology,63,0.411,Call,Call,0,0,8.0,8.49,0.49,8.0,8.25,0.25
23,315,8.9,67,Primary Care,75,0.354,Call,Call,0,0,18.0,19.74,1.74,5.0,5.07,0.07
39,373,16.9,55,Neurology,92,0.427,All,Call,0,0,13.0,13.77,0.77,2.0,2.13,0.13
58,251,14.5,120,Primary Care,90,0.67,Email,Email,1,4,8.0,16.45,8.45,8.0,9.73,1.73
5,157,14.3,123,Oncology,85,0.547,Call,Call,1,1,13.0,19.46,6.46,10.0,11.59,1.59
65,459,4.0,150,Oncology,84,0.196,All,Call,1,2,10.0,17.48,7.48,2.0,3.41,1.41
66,332,3.4,187,Primary Care,88,0.31,Call,Call,0,0,14.0,14.58,0.58,3.0,3.19,0.19
58,443,14.5,120,Primary Care,86,0.185,Email,Email,1,2,13.0,19.71,6.71,5.0,7.16,2.16
52,119,18.3,191,Primary Care,75,0.352,Insights,Insights,0,0,17.0,17.19,0.19,4.0,4.03,0.03
60,420,13.3,137,Neurology,87,0.385,Insights,Insights,0,0,16.0,16.02,0.02,9.0,9.0,0.0
63,162,15.4,190,Oncology,74,0.62,All,All,1,3,14.0,21.83,7.83,7.0,8.81,1.81
73,231,9.5,80,Oncology,78,0.528,All,Email,1,3,23.0,28.82,5.82,4.0,5.58,1.58
35,431,17.5,101,Oncology,61,0.102,All,All,1,5,19.0,25.99,6.99,6.0,9.42,3.42
37,178,10.3,187,Oncology,75,0.326,Email,Email,1,3,15.0,22.72,7.72,6.0,8.33,2.33
52,126,18.3,191,Oncology,82,0.333,All,Insights,1,1,17.0,23.3,6.3,2.0,2.21,0.21
16,458,15.5,62,Primary Care,87,0.194,Insights,Insights,1,1,13.0,18.32,5.32,3.0,4.84,1.84
69,483,19.6,188,Oncology,85,0.557,All,All,1,5,19.0,29.42,10.42,2.0,4.94,2.94
62,156,11.3,183,Cardiology,82,0.277,Call,Email,0,0,14.0,14.54,0.54,3.0,3.4,0.4
51,154,15.3,66,Oncology,88,0.42,Email,Email,1,2,11.0,17.19,6.19,6.0,7.55,1.55
25,114,10.3,198,Neurology,81,0.42,Email,All,0,0,17.0,17.05,0.05,0.0,0.06,0.06
28,12,19.3,22,Neurology,80,0.218,All,All,0,0,18.0,18.0,0.0,2.0,2.2,0.2
35,277,17.5,101,Neurology,67,0.525,All,Call,1,2,10.0,16.78,6.78,5.0,6.95,1.95
54,128,18.8,54,Primary Care,68,0.624,Email,Email,1,4,12.0,19.28,7.28,5.0,6.88,1.88
63,425,15.4,190,Cardiology,86,0.128,Insights,Insights,0,0,15.0,15.17,0.17,5.0,5.05,0.05
54,86,18.8,54,Oncology,83,0.564,All,Call,1,1,19.0,24.34,5.34,2.0,3.92,1.92
75,318,10.3,91,Oncology,73,0.571,Insights,Insights,1,4,15.0,24.12,9.12,6.0,7.7,1.7
77,254,5.6,150,Oncology,81,0.098,Call,Insights,1,0,15.0,15.0,0.0,5.0,5.0,0.0
57,306,6.8,128,Oncology,78,0.227,All,All,0,0,14.0,14.05,0.05,5.0,5.19,0.19
30,57,12.2,100,Neurology,74,0.438,Insights,Insights,1,1,22.0,28.49,6.49,8.0,9.26,1.26
48,234,11.4,109,Neurology,83,0.397,All,Call,1,0,9.0,13.9,4.9,4.0,4.64,0.64
35,314,17.5,101,Primary Care,80,0.738,Insights,Insights,1,1,13.0,17.46,4.46,6.0,6.41,0.41
51,171,15.3,66,Neurology,79,0.107,All,Insights,1,1,11.0,16.19,5.19,5.0,5.98,0.98
65,438,4.0,150,Cardiology,88,0.581,Email,Email,0,0,13.0,13.02,0.02,3.0,3.03,0.03
30,265,12.2,100,Cardiology,79,0.42,All,Email,1,2,12.0,20.44,8.44,8.0,9.39,1.39
41,182,8.8,52,Neurology,70,0.403,Call,Call,0,0,8.0,8.89,0.89,1.0,1.03,0.03
4,16,15.7,136,Oncology,92,0.61,All,Call,1,1,13.0,20.44,7.44,5.0,5.85,0.85
59,85,17.8,73,Primary Care,100,0.396,All,All,1,7,22.0,35.36,13.36,1.0,4.64,3.64
40,239,4.2,152,Cardiology,88,0.392,Insights,Insights,1,1,7.0,10.96,3.96,6.0,7.19,1.19
37,201,10.3,187,Oncology,77,0.633,Insights,Insights,1,2,17.0,22.13,5.13,6.0,7.4,1.4
43,436,9.7,154,Neurology,80,0.202,Email,Email,1,5,18.0,29.03,11.03,6.0,7.94,1.94
18,393,7.3,45,Neurology,84,0.408,Call,Call,1,4,21.0,31.49,10.49,4.0,5.67,1.67
48,80,11.4,109,Neurology,78,0.356,Insights,Insights,1,5,16.0,25.04,9.04,5.0,7.33,2.33
60,296,13.3,137,Oncology,68,0.223,Email,Insights,1,2,17.0,22.18,5.18,3.0,3.88,0.88
28,228,19.3,22,Cardiology,78,0.41,Email,Email,1,2,7.0,13.61,6.61,5.0,6.02,1.02
11,51,14.7,189,Primary Care,83,0.092,All,All,1,6,21.0,31.31,10.31,7.0,9.98,2.98
31,333,7.9,33,Cardiology,78,0.618,Call,All,0,0,13.0,14.38,1.38,6.0,6.28,0.28
16,269,15.5,62,Neurology,94,0.513,Call,Call,1,0,12.0,14.32,2.32,4.0,4.3,0.3
30,44,12.2,100,Oncology,88,0.174,Call,Call,0,0,15.0,15.21,0.21,4.0,4.19,0.19
51,235,15.3,66,Primary Care,72,0.151,Insights,Insights,1,0,18.0,21.12,3.12,9.0,9.35,0.35
10,366,19.4,180,Primary Care,63,0.338,Call,Call,1,1,19.0,25.14,6.14,4.0,4.59,0.59
60,164,13.3,137,Neurology,82,0.635,All,Call,1,2,8.0,14.58,6.58,3.0,4.16,1.16
18,179,7.3,45,Cardiology,81,0.096,Insights,Call,1,2,16.0,19.45,3.45,4.0,4.13,0.13
72,56,5.3,163,Cardiology,82,0.258,Email,All,0,0,12.0,13.55,1.55,3.0,3.13,0.13
59,103,17.8,73,Cardiology,67,0.095,Call,Call,1,2,15.0,18.43,3.43,3.0,5.1,2.1
22,491,19.0,38,Oncology,61,0.387,Email,Email,0,0,17.0,18.32,1.32,7.0,7.1,0.1
46,311,14.6,60,Primary Care,74,0.685,All,All,1,4,19.0,28.81,9.81,3.0,4.62,1.62
9,89,12.2,167,Primary Care,91,0.808,Email,Email,1,3,16.0,24.57,8.57,2.0,4.32,2.32
8,242,17.0,116,Primary Care,74,0.264,Email,Email,0,0,15.0,16.82,1.82,3.0,3.12,0.12
77,97,5.6,150,Primary Care,81,0.428,Call,Call,1,3,15.0,22.53,7.53,4.0,5.26,1.26
65,222,4.0,150,Primary Care,88,0.782,Email,Email,0,0,14.0,14.33,0.33,2.0,2.01,0.01
13,73,7.9,51,Primary Care,83,0.365,Insights,Insights,1,2,19.0,24.61,5.61,6.0,7.39,1.39
23,310,8.9,67,Oncology,73,0.198,Call,Email,0,0,20.0,20.24,0.24,4.0,4.4,0.4
16,286,15.5,62,Neurology,85,0.161,All,Email,1,1,16.0,21.21,5.21,3.0,3.0,0.0
32,317,11.7,170,Neurology,72,0.135,Email,Email,0,0,19.0,21.76,2.76,6.0,6.43,0.43
24,222,5.7,177,Primary Care,88,0.782,Insights,Call,1,8,13.0,19.66,6.66,5.0,8.57,3.57
27,143,14.9,28,Neurology,88,0.131,All,All,0,0,15.0,15.14,0.14,3.0,3.05,0.05
43,125,9.7,154,Neurology,79,0.505,Email,Email,0,0,21.0,23.12,2.12,6.0,6.57,0.57
16,108,15.5,62,Primary Care,76,0.337,Insights,Insights,1,1,17.0,20.8,3.8,3.0,4.0,1.0
71,215,11.1,124,Oncology,88,0.42,All,All,0,0,13.0,13.13,0.13,6.0,6.37,0.37
59,226,17.8,73,Primary Care,76,0.391,All,All,1,6,18.0,27.55,9.55,2.0,5.24,3.24
61,337,5.4,66,Primary Care,80,0.413,All,All,0,0,16.0,16.42,0.42,6.0,6.21,0.21
14,27,1.0,123,Cardiology,98,0.116,All,Call,1,1,16.0,21.85,5.85,4.0,6.23,2.23
57,141,6.8,128,Cardiology,68,0.434,Call,Call,0,0,10.0,10.26,0.26,7.0,7.1,0.1
67,427,8.8,42,Oncology,85,0.282,All,All,0,0,14.0,14.66,0.66,6.0,6.23,0.23
15,458,5.6,103,Primary Care,87,0.194,Email,Email,1,1,7.0,13.16,6.16,6.0,7.14,1.14
61,466,5.4,66,Neurology,82,0.66,Insights,All,1,2,11.0,16.1,5.1,6.0,7.42,1.42
29,154,12.2,174,Oncology,88,0.42,All,All,0,0,11.0,12.13,1.13,4.0,4.31,0.31
64,69,18.8,49,Oncology,71,0.226,All,Call,0,0,11.0,11.17,0.17,4.0,4.26,0.26
39,100,16.9,55,Neurology,73,0.099,All,All,0,0,20.0,20.6,0.6,1.0,1.06,0.06
65,66,4.0,150,Neurology,84,0.648,Email,Email,0,0,13.0,13.56,0.56,5.0,5.34,0.34
12,478,13.9,58,Cardiology,95,0.507,All,All,1,5,13.0,23.17,10.17,3.0,5.22,2.22
32,442,11.7,170,Neurology,86,0.281,Email,Email,0,0,19.0,19.5,0.5,6.0,6.34,0.34
22,406,19.0,38,Primary Care,83,0.594,All,All,1,1,13.0,16.64,3.64,5.0,6.62,1.62
20,365,4.7,153,Primary Care,94,0.448,All,Email,1,1,17.0,24.1,7.1,2.0,3.88,1.88
25,172,10.3,198,Oncology,91,0.343,Email,Email,1,5,14.0,23.09,9.09,1.0,4.1,3.1
31,238,7.9,33,Cardiology,63,0.275,All,Call,1,3,24.0,30.0,6.0,6.0,8.4,2.4
11,421,14.7,189,Primary Care,82,0.174,Call,All,0,0,9.0,9.09,0.09,0.0,0.23,0.23
57,408,6.8,128,Cardiology,85,0.605,Insights,Insights,0,0,14.0,14.49,0.49,4.0,4.05,0.05
45,260,5.0,150,Cardiology,90,0.209,All,All,0,0,12.0,12.55,0.55,4.0,4.02,0.02
67,419,8.8,42,Cardiology,81,0.451,Insights,Insights,1,2,10.0,16.02,6.02,3.0,4.1,1.1
57,174,6.8,128,Neurology,102,0.101,Insights,Insights,1,0,20.0,23.05,3.05,5.0,5.86,0.86
12,207,13.9,58,Oncology,63,0.411,Email,Email,1,2,14.0,21.09,7.09,3.0,4.41,1.41
6,420,11.4,159,Neurology,87,0.385,Email,Email,1,3,14.0,20.21,6.21,1.0,1.41,0.41
34,189,1.0,82,Neurology,77,0.106,Email,Email,0,0,15.0,15.05,0.05,3.0,3.03,0.03
39,377,16.9,55,Primary Care,70,0.168,Call,Call,0,0,17.0,17.06,0.06,3.0,3.11,0.11
20,227,4.7,153,Cardiology,83,0.278,Call,Call,1,1,16.0,20.42,4.42,7.0,7.0,0.0
63,149,15.4,190,Neurology,68,0.531,Insights,Insights,0,0,19.0,19.29,0.29,1.0,1.22,0.22
47,110,19.6,145,Neurology,78,0.263,Insights,Email,0,0,17.0,18.24,1.24,8.0,8.06,0.06
60,304,13.3,137,Neurology,89,0.269,Email,All,0,0,18.0,18.29,0.29,4.0,4.38,0.38
9,240,12.2,167,Primary Care,61,0.169,Insights,Insights,0,0,21.0,21.33,0.33,4.0,4.04,0.04
66,185,3.4,187,Cardiology,94,0.671,All,Email,1,6,17.0,29.2,12.2,4.0,7.41,3.41
17,372,14.5,38,Neurology,80,0.372,Email,Insights,0,0,14.0,14.72,0.72,3.0,3.4,0.4
36,1,9.2,60,Primary Care,84,0.555,Insights,Email,1,5,14.0,18.69,4.69,7.0,9.18,2.18
36,47,9.2,60,Neurology,98,0.51,Email,Email,0,0,22.0,22.08,0.08,3.0,3.12,0.12
66,481,3.4,187,Oncology,78,0.757,Insights,Insights,0,0,13.0,13.19,0.19,7.0,7.16,0.16
23,332,8.9,67,Primary Care,88,0.31,All,All,0,0,16.0,16.14,0.14,1.0,1.04,0.04
20,275,4.7,153,Cardiology,94,0.648,Email,Email,1,4,16.0,24.68,8.68,4.0,5.5,1.5
28,8,19.3,22,Oncology,84,0.211,Call,Call,0,0,10.0,10.05,0.05,3.0,3.01,0.01
29,300,12.2,174,Cardiology,75,0.621,All,Email,1,3,17.0,25.04,8.04,7.0,7.59,0.59
15,218,5.6,103,Cardiology,77,0.354,Email,Email,0,0,15.0,16.32,1.32,5.0,5.05,0.05
15,300,5.6,103,Cardiology,75,0.621,All,Call,0,0,15.0,15.54,0.54,5.0,5.19,0.19
19,21,12.9,81,Cardiology,74,0.415,Insights,Insights,1,3,15.0,21.9,6.9,6.0,7.65,1.65
38,276,2.6,161,Neurology,76,0.252,Email,Email,0,0,15.0,15.52,0.52,3.0,3.02,0.02
28,289,19.3,22,Neurology,87,0.352,All,All,1,4,12.0,21.17,9.17,6.0,9.09,3.09
32,146,11.7,170,Primary Care,89,0.01,Insights,Call,0,0,12.0,12.22,0.22,4.0,4.08,0.08
58,28,14.5,120,Oncology,87,0.392,Email,Email,1,3,21.0,29.01,8.01,2.0,4.02,2.02
20,486,4.7,153,Neurology,83,0.187,All,All,0,0,18.0,18.01,0.01,2.0,2.02,0.02
73,355,9.5,80,Cardiology,79,0.655,Call,Call,0,0,16.0,16.44,0.44,1.0,1.16,0.16
61,311,5.4,66,Primary Care,74,0.685,All,Call,0,0,17.0,17.03,0.03,1.0,1.09,0.09
14,384,1.0,123,Oncology,93,0.521,Email,Email,1,6,17.0,26.35,9.35,5.0,8.81,3.81
26,336,8.4,99,Cardiology,79,0.289,Email,Call,0,0,11.0,11.14,0.14,5.0,5.27,0.27
15,68,5.6,103,Primary Care,67,0.536,All,All,1,3,11.0,16.49,5.49,5.0,6.72,1.72
22,228,19.0,38,Cardiology,78,0.41,Insights,Insights,0,0,14.0,14.44,0.44,1.0,1.66,0.66
30,445,12.2,100,Neurology,73,0.19,Call,Call,1,3,11.0,17.67,6.67,3.0,3.71,0.71
11,144,14.7,189,Primary Care,71,0.029,All,Email,1,6,25.0,35.12,10.12,3.0,5.11,2.11
2,487,6.3,75,Primary Care,69,0.447,Insights,Insights,1,1,13.0,20.28,7.28,5.0,6.39,1.39
36,33,9.2,60,Oncology,98,0.68,Call,Call,0,0,11.0,12.47,1.47,7.0,7.11,0.11
57,166,6.8,128,Oncology,77,0.605,All,All,1,3,14.0,21.77,7.77,4.0,6.18,2.18
25,176,10.3,198,Primary Care,83,0.723,Insights,Insights,0,0,10.0,10.13,0.13,3.0,3.51,0.51
69,309,19.6,188,Primary Care,92,0.488,Insights,Insights,1,1,19.0,26.08,7.08,2.0,4.46,2.46
30,89,12.2,100,Primary Care,91,0.808,All,All,1,13,17.0,36.42,19.42,3.0,7.95,4.95
73,115,9.5,80,Oncology,61,0.56,Insights,Insights,1,2,17.0,22.42,5.42,5.0,6.66,1.66
19,332,12.9,81,Primary Care,88,0.31,All,Insights,1,1,17.0,23.79,6.79,6.0,7.68,1.68
44,143,18.7,26,Neurology,88,0.131,All,All,1,7,11.0,23.68,12.68,3.0,6.48,3.48
62,440,11.3,183,Neurology,80,0.5,Call,Call,0,0,15.0,15.0,0.0,1.0,1.67,0.67
5,436,14.3,123,Neurology,80,0.202,Call,Call,1,3,15.0,22.23,7.23,6.0,7.39,1.39
75,152,10.3,91,Cardiology,87,0.604,All,Insights,0,0,21.0,21.85,0.85,6.0,6.05,0.05
30,280,12.2,100,Cardiology,73,0.54,All,Email,1,4,17.0,24.53,7.53,3.0,5.91,2.91
40,167,4.2,152,Primary Care,82,0.32,Email,Email,1,1,21.0,24.65,3.65,5.0,7.53,2.53
51,173,15.3,66,Primary Care,82,0.83,Call,Call,1,3,18.0,24.56,6.56,8.0,8.82,0.82
52,336,18.3,191,Cardiology,79,0.289,Call,Call,1,2,15.0,22.03,7.03,3.0,4.53,1.53
2,147,6.3,75,Cardiology,86,0.24,All,Email,1,0,13.0,18.03,5.03,2.0,2.0,0.0
70,75,9.1,60,Oncology,88,0.31,All,Insights,0,0,13.0,14.52,1.52,5.0,5.26,0.26
50,130,8.5,157,Oncology,88,0.424,All,Call,1,7,16.0,29.83,13.83,2.0,5.4,3.4
80,465,5.0,190,Neurology,83,0.399,Call,Call,1,3,19.0,24.8,5.8,4.0,5.16,1.16
38,130,2.6,161,Oncology,88,0.424,All,All,0,0,14.0,15.63,1.63,2.0,2.05,0.05
50,182,8.5,157,Neurology,70,0.403,Email,Email,1,2,25.0,30.18,5.18,4.0,5.11,1.11
36,315,9.2,60,Primary Care,75,0.354,Call,Call,0,0,18.0,19.2,1.2,8.0,8.09,0.09
72,51,5.3,163,Primary Care,83,0.092,Call,Email,1,5,18.0,21.89,3.89,1.0,2.31,1.31
67,135,8.8,42,Oncology,88,0.282,Insights,Insights,1,0,17.0,18.78,1.78,3.0,4.6,1.6
73,88,9.5,80,Neurology,81,0.53,Insights,Insights,0,0,21.0,21.55,0.55,2.0,2.13,0.13
41,463,8.8,52,Neurology,64,0.253,Email,Email,1,2,12.0,18.62,6.62,3.0,3.91,0.91
64,467,18.8,49,Neurology,82,0.399,Email,Email,1,5,16.0,25.6,9.6,5.0,6.59,1.59
29,378,12.2,174,Primary Care,84,0.084,All,All,0,0,11.0,11.06,0.06,5.0,5.06,0.06
37,124,10.3,187,Cardiology,64,0.774,Email,Email,1,5,12.0,21.85,9.85,4.0,6.24,2.24
61,309,5.4,66,Primary Care,92,0.488,Call,All,0,0,9.0,9.28,0.28,8.0,8.05,0.05
7,332,16.5,42,Primary Care,88,0.31,Email,Email,0,0,17.0,17.32,0.32,6.0,6.21,0.21
57,435,6.8,128,Oncology,85,0.598,Call,Call,1,5,9.0,17.96,8.96,1.0,4.1,3.1
2,79,6.3,75,Neurology,91,0.237,Call,Call,0,0,12.0,12.57,0.57,2.0,2.18,0.18
47,369,19.6,145,Oncology,91,0.499,All,All,0,0,18.0,19.09,1.09,7.0,7.37,0.37
39,98,16.9,55,Primary Care,84,0.947,Call,Call,1,3,10.0,17.07,7.07,4.0,5.67,1.67
38,285,2.6,161,Primary Care,76,0.112,Call,Email,1,4,16.0,22.41,6.41,4.0,5.21,1.21
40,440,4.2,152,Neurology,80,0.5,All,All,0,0,17.0,17.11,0.11,2.0,2.01,0.01
40,32,4.2,152,Cardiology,67,0.366,Email,Email,0,0,12.0,12.21,0.21,2.0,2.03,0.03
33,75,7.1,115,Oncology,88,0.31,All,Call,1,2,19.0,22.98,3.98,3.0,5.39,2.39
37,407,10.3,187,Primary Care,87,0.244,Email,Email,0,0,15.0,15.61,0.61,7.0,7.15,0.15
46,10,14.6,60,Oncology,62,0.232,All,Email,1,1,16.0,22.83,6.83,2.0,2.44,0.44
62,343,11.3,183,Neurology,73,0.188,Email,Email,1,4,15.0,24.18,9.18,5.0,6.61,1.61
45,251,5.0,150,Primary Care,90,0.67,Insights,Insights,0,0,17.0,17.3,0.3,4.0,4.58,0.58
52,174,18.3,191,Neurology,102,0.101,Insights,Email,1,8,19.0,28.21,9.21,2.0,4.47,2.47
67,432,8.8,42,Cardiology,82,0.379,Insights,Insights,1,0,17.0,21.52,4.52,6.0,7.15,1.15
80,425,5.0,190,Cardiology,86,0.128,All,Insights,0,0,17.0,17.86,0.86,3.0,3.22,0.22
9,163,12.2,167,Neurology,77,0.341,Email,Email,1,4,13.0,22.43,9.43,4.0,4.82,0.82
58,3,14.5,120,Primary Care,78,0.833,Call,Call,0,0,13.0,13.03,0.03,4.0,4.31,0.31
19,65,12.9,81,Cardiology,87,0.215,All,Call,0,0,18.0,18.22,0.22,5.0,5.15,0.15
16,54,15.5,62,Primary Care,70,0.118,All,All,1,4,8.0,17.17,9.17,4.0,5.73,1.73
64,492,18.8,49,Primary Care,84,0.109,Call,All,0,0,12.0,12.62,0.62,3.0,3.06,0.06
6,299,11.4,159,Oncology,81,0.553,Insights,Insights,0,0,17.0,17.42,0.42,5.0,5.2,0.2
68,339,3.4,153,Primary Care,82,0.594,All,All,0,0,8.0,8.6,0.6,3.0,3.09,0.09
62,116,11.3,183,Oncology,75,0.172,All,All,0,0,16.0,16.03,0.03,3.0,3.15,0.15
80,426,5.0,190,Cardiology,80,0.166,All,Insights,1,2,16.0,22.46,6.46,4.0,6.07,2.07
54,362,18.8,54,Cardiology,86,0.334,All,All,0,0,15.0,15.15,0.15,5.0,5.58,0.58
70,377,9.1,60,Primary Care,70,0.168,Call,Call,1,0,13.0,19.61,6.61,1.0,1.27,0.27
10,235,19.4,180,Primary Care,72,0.151,Insights,Insights,1,2,13.0,18.7,5.7,2.0,3.72,1.72
72,350,5.3,163,Neurology,82,0.491,Call,Call,0,0,21.0,21.48,0.48,5.0,5.72,0.72
13,273,7.9,51,Neurology,77,0.662,Email,Email,1,5,14.0,22.95,8.95,2.0,4.63,2.63
26,193,8.4,99,Cardiology,65,0.598,All,Call,1,4,10.0,17.87,7.87,5.0,6.81,1.81
11,298,14.7,189,Oncology,79,0.701,Insights,Insights,1,2,13.0,21.81,8.81,4.0,4.92,0.92
33,163,7.1,115,Neurology,77,0.341,Email,Email,1,5,15.0,24.07,9.07,6.0,8.37,2.37
60,477,13.3,137,Primary Care,81,0.627,Insights,Call,0,0,16.0,17.85,1.85,4.0,4.11,0.11
22,359,19.0,38,Cardiology,90,0.489,Call,Call,0,0,25.0,26.12,1.12,5.0,5.08,0.08
66,370,3.4,187,Neurology,75,0.29,Email,Email,0,0,19.0,19.13,0.13,2.0,2.01,0.01
49,359,14.2,24,Cardiology,90,0.489,Insights,Insights,1,3,20.0,27.51,7.51,2.0,3.2,1.2
51,225,15.3,66,Primary Care,78,0.565,All,All,1,9,15.0,27.76,12.76,3.0,6.17,3.17
76,476,1.2,80,Cardiology,89,0.053,Insights,Insights,1,1,14.0,22.48,8.48,3.0,3.51,0.51
35,104,17.5,101,Neurology,82,0.246,Email,Email,1,1,11.0,15.42,4.42,5.0,6.14,1.14
28,285,19.3,22,Primary Care,76,0.112,Insights,Email,1,2,14.0,15.39,1.39,3.0,3.08,0.08
80,35,5.0,190,Oncology,84,0.572,Email,Email,1,4,13.0,20.47,7.47,7.0,8.72,1.72
45,148,5.0,150,Neurology,80,0.513,All,Call,1,5,17.0,25.48,8.48,6.0,9.46,3.46
50,288,8.5,157,Primary Care,84,0.271,Call,Call,0,0,19.0,19.35,0.35,5.0,5.34,0.34
24,245,5.7,177,Cardiology,73,0.766,All,All,1,2,15.0,20.62,5.62,5.0,6.52,1.52
18,471,7.3,45,Primary Care,92,0.141,Email,Email,1,2,17.0,25.97,8.97,5.0,5.79,0.79
14,307,1.0,123,Neurology,69,0.321,Email,Email,1,0,11.0,12.94,1.94,1.0,1.79,0.79
18,206,7.3,45,Oncology,91,0.39,Call,Email,0,0,14.0,14.7,0.7,3.0,3.2,0.2
16,214,15.5,62,Primary Care,80,0.677,All,Call,0,0,18.0,18.7,0.7,7.0,7.24,0.24
60,306,13.3,137,Oncology,78,0.227,All,Insights,1,2,18.0,23.77,5.77,7.0,7.75,0.75
5,396,14.3,123,Oncology,61,0.217,Insights,Insights,1,1,15.0,19.01,4.01,3.0,4.89,1.89
51,139,15.3,66,Primary Care,72,0.319,Call,Call,1,6,14.0,25.4,11.4,2.0,5.9,3.9
76,293,1.2,80,Neurology,74,0.229,Email,Email,1,2,15.0,20.11,5.11,4.0,5.09,1.09
62,288,11.3,183,Primary Care,84,0.271,Insights,Insights,1,1,20.0,22.88,2.88,3.0,3.26,0.26
33,5,7.1,115,Primary Care,67,0.622,Call,Call,0,0,16.0,16.05,0.05,4.0,4.32,0.32
5,457,14.3,123,Neurology,105,0.438,All,All,0,0,16.0,16.65,0.65,3.0,3.03,0.03
67,285,8.8,42,Primary Care,76,0.112,Call,Call,1,6,11.0,20.84,9.84,1.0,3.57,2.57
1,122,18.1,130,Neurology,82,0.76,All,All,0,0,15.0,15.24,0.24,7.0,7.02,0.02
55,317,12.2,128,Neurology,72,0.135,All,Call,0,0,14.0,14.43,0.43,6.0,6.11,0.11
54,339,18.8,54,Primary Care,82,0.594,Email,Email,1,2,15.0,20.91,5.91,8.0,8.28,0.28
16,458,15.5,62,Primary Care,87,0.194,Call,Call,1,6,19.0,28.04,9.04,3.0,5.1,2.1
60,18,13.3,137,Neurology,84,0.29,All,Call,0,0,13.0,13.06,0.06,4.0,4.23,0.23
15,207,5.6,103,Oncology,63,0.411,Call,Call,0,0,11.0,11.38,0.38,5.0,5.15,0.15
19,91,12.9,81,Neurology,80,0.394,Insights,All,1,3,20.0,24.05,4.05,3.0,5.04,2.04
65,288,4.0,150,Primary Care,84,0.271,All,Insights,1,1,16.0,22.69,6.69,5.0,6.23,1.23
79,251,19.8,87,Primary Care,90,0.67,Email,Email,1,5,17.0,25.85,8.85,3.0,5.72,2.72
22,238,19.0,38,Cardiology,63,0.275,All,Call,1,1,14.0,19.21,5.21,1.0,2.31,1.31
74,492,19.7,62,Primary Care,84,0.109,Call,Email,1,2,13.0,16.87,3.87,5.0,6.18,1.18
74,266,19.7,62,Neurology,93,0.138,Insights,Insights,0,0,10.0,10.09,0.09,6.0,6.06,0.06
62,206,11.3,183,Oncology,91,0.39,Call,Call,1,4,17.0,26.35,9.35,6.0,8.16,2.16
12,34,13.9,58,Primary Care,71,0.112,Insights,Insights,1,4,14.0,22.72,8.72,2.0,4.84,2.84
24,145,5.7,177,Primary Care,81,0.259,Email,Email,1,3,16.0,22.44,6.44,5.0,6.41,1.41
55,449,12.2,128,Oncology,71,0.266,Email,Email,0,0,13.0,13.56,0.56,7.0,7.11,0.11
80,226,5.0,190,Primary Care,76,0.391,Call,Call,1,3,18.0,24.87,6.87,8.0,9.58,1.58
66,456,3.4,187,Cardiology,75,0.223,Call,Call,0,0,20.0,21.12,1.12,5.0,5.14,0.14
34,267,1.0,82,Primary Care,84,0.157,Insights,Insights,1,1,15.0,20.8,5.8,0.0,1.98,1.98
19,275,12.9,81,Cardiology,94,0.648,Email,Email,1,0,12.0,17.58,5.58,1.0,1.6,0.6
77,215,5.6,150,Oncology,88,0.42,Email,Email,1,5,14.0,22.36,8.36,3.0,4.99,1.99
23,279,8.9,67,Cardiology,75,0.657,Email,Email,1,2,14.0,17.98,3.98,4.0,5.05,1.05
28,34,19.3,22,Primary Care,71,0.112,Call,Call,1,4,16.0,23.06,7.06,7.0,9.66,2.66
78,29,19.6,86,Oncology,75,0.618,Email,Email,1,4,19.0,25.99,6.99,7.0,9.29,2.29
45,238,5.0,150,Cardiology,63,0.275,Email,Email,1,1,11.0,14.22,3.22,5.0,6.08,1.08
22,299,19.0,38,Oncology,81,0.553,Insights,Insights,1,1,18.0,22.83,4.83,5.0,6.09,1.09
1,276,18.1,130,Neurology,76,0.252,All,All,0,0,20.0,22.3,2.3,3.0,3.04,0.04
35,215,17.5,101,Oncology,88,0.42,Insights,Insights,0,0,19.0,20.23,1.23,4.0,4.02,0.02
79,148,19.8,87,Neurology,80,0.513,Call,Call,1,4,11.0,17.74,6.74,2.0,4.29,2.29
35,355,17.5,101,Cardiology,79,0.655,All,Call,1,5,15.0,22.41,7.41,2.0,5.57,3.57
56,303,12.0,85,Neurology,71,0.161,Insights,Insights,1,2,12.0,15.99,3.99,5.0,6.46,1.46
21,24,6.0,31,Primary Care,92,0.605,Insights,Insights,1,1,18.0,21.99,3.99,4.0,5.41,1.41
63,227,15.4,190,Cardiology,83,0.278,Email,Email,1,2,16.0,23.02,7.02,5.0,6.27,1.27
63,356,15.4,190,Oncology,83,0.094,Email,Email,0,0,19.0,19.31,0.31,3.0,3.17,0.17
49,393,14.2,24,Neurology,84,0.408,Call,Call,1,0,15.0,19.35,4.35,6.0,6.84,0.84
62,144,11.3,183,Primary Care,71,0.029,Email,Email,0,0,27.0,27.3,0.3,2.0,2.02,0.02
47,463,19.6,145,Neurology,64,0.253,Insights,Insights,1,0,13.0,17.68,4.68,6.0,6.54,0.54
31,326,7.9,33,Cardiology,85,0.18,Call,Call,1,7,16.0,28.33,12.33,3.0,5.93,2.93
60,219,13.3,137,Neurology,73,0.039,Email,Email,1,4,10.0,18.67,8.67,3.0,4.27,1.27
67,314,8.8,42,Primary Care,80,0.738,Email,Email,1,3,9.0,15.89,6.89,3.0,6.34,3.34
68,436,3.4,153,Neurology,80,0.202,Email,Email,0,0,18.0,18.23,0.23,3.0,3.32,0.32
18,114,7.3,45,Neurology,81,0.42,Call,Call,0,0,20.0,20.6,0.6,2.0,2.6,0.6
55,76,12.2,128,Oncology,85,0.826,Email,Email,1,3,20.0,26.31,6.31,4.0,5.99,1.99
1,221,18.1,130,Neurology,71,0.5,Insights,Insights,1,2,17.0,23.94,6.94,2.0,3.63,1.63
46,42,14.6,60,Oncology,78,0.55,Call,Email,1,5,19.0,23.78,4.78,7.0,9.01,2.01
46,418,14.6,60,Cardiology,83,0.342,Insights,Insights,1,4,16.0,23.94,7.94,1.0,3.32,2.32
30,486,12.2,100,Neurology,83,0.187,All,Insights,0,0,19.0,19.8,0.8,4.0,4.16,0.16
80,303,5.0,190,Neurology,71,0.161,All,All,1,5,18.0,27.11,9.11,5.0,6.97,1.97
71,490,11.1,124,Cardiology,85,0.564,Insights,Insights,1,2,10.0,16.32,6.32,7.0,9.19,2.19
4,35,15.7,136,Oncology,84,0.572,Call,Call,1,2,21.0,26.91,5.91,4.0,6.11,2.11
17,317,14.5,38,Neurology,72,0.135,Insights,Call,1,2,11.0,15.82,4.82,3.0,4.17,1.17
17,222,14.5,38,Primary Care,88,0.782,All,All,1,3,18.0,24.48,6.48,3.0,5.79,2.79
72,139,5.3,163,Primary Care,72,0.319,Call,Call,1,1,10.0,15.36,5.36,8.0,9.02,1.02
42,156,17.0,101,Cardiology,82,0.277,Email,Call,0,0,16.0,16.12,0.12,5.0,5.21,0.21
59,273,17.8,73,Neurology,77,0.662,All,All,0,0,15.0,15.23,0.23,4.0,4.07,0.07
65,321,4.0,150,Oncology,80,0.224,Email,Insights,0,0,17.0,17.51,0.51,6.0,6.07,0.07
62,83,11.3,183,Oncology,83,0.469,All,Call,1,3,16.0,23.44,7.44,5.0,6.57,1.57
8,308,17.0,116,Oncology,83,0.44,Email,Email,0,0,15.0,15.26,0.26,5.0,5.97,0.97
12,464,13.9,58,Cardiology,85,0.058,Email,All,1,1,17.0,21.27,4.27,8.0,8.03,0.03
32,6,11.7,170,Primary Care,70,0.138,All,Email,1,1,12.0,16.39,4.39,2.0,3.99,1.99
28,440,19.3,22,Neurology,80,0.5,Insights,Insights,1,2,17.0,23.46,6.46,3.0,5.43,2.43
60,304,13.3,137,Neurology,89,0.269,Insights,Insights,1,2,19.0,25.83,6.83,2.0,3.01,1.01
13,172,7.9,51,Oncology,91,0.343,All,Call,1,3,18.0,27.02,9.02,2.0,3.52,1.52
30,368,12.2,100,Cardiology,83,0.162,All,Call,0,0,7.0,7.79,0.79,5.0,5.35,0.35
19,309,12.9,81,Primary Care,92,0.488,Call,Email,1,3,15.0,21.3,6.3,1.0,1.45,0.45
16,385,15.5,62,Primary Care,88,0.763,All,All,0,0,11.0,11.55,0.55,2.0,2.86,0.86
14,41,1.0,123,Oncology,79,0.401,Call,Call,1,3,9.0,16.78,7.78,2.0,3.68,1.68
16,30,15.5,62,Neurology,91,0.336,Email,Email,1,4,16.0,25.34,9.34,4.0,5.01,1.01
46,322,14.6,60,Oncology,79,0.407,All,Insights,0,0,15.0,15.63,0.63,4.0,4.31,0.31
33,152,7.1,115,Cardiology,87,0.604,Call,Call,1,2,13.0,20.25,7.25,4.0,6.68,2.68
35,120,17.5,101,Primary Care,76,0.259,All,All,1,2,9.0,13.22,4.22,5.0,7.19,2.19
39,211,16.9,55,Cardiology,92,0.527,Email,Email,1,2,24.0,29.36,5.36,4.0,5.67,1.67
60,363,13.3,137,Neurology,69,0.139,Email,Email,0,0,9.0,9.36,0.36,3.0,3.11,0.11
69,90,19.6,188,Neurology,69,0.307,Email,Call,1,1,11.0,12.96,1.96,4.0,4.71,0.71
43,487,9.7,154,Primary Care,69,0.447,Insights,Insights,0,0,10.0,11.35,1.35,3.0,3.49,0.49
52,211,18.3,191,Cardiology,92,0.527,All,All,1,3,10.0,19.48,9.48,4.0,5.94,1.94
60,76,13.3,137,Oncology,85,0.826,Call,Call,1,2,10.0,16.17,6.17,2.0,2.61,0.61
56,36,12.0,85,Oncology,95,0.734,Email,Email,0,0,11.0,11.07,0.07,7.0,7.61,0.61
11,429,14.7,189,Oncology,91,0.722,Call,Call,1,3,14.0,24.46,10.46,4.0,4.72,0.72
79,57,19.8,87,Neurology,74,0.438,Call,Call,1,2,22.0,27.31,5.31,2.0,3.37,1.37
14,210,1.0,123,Neurology,81,0.65,Insights,Insights,0,0,12.0,12.04,0.04,6.0,6.07,0.07
33,335,7.1,115,Neurology,87,0.039,Insights,Insights,1,2,13.0,20.75,7.75,6.0,7.23,1.23
53,257,14.4,171,Neurology,92,0.677,Email,Email,1,4,20.0,27.94,7.94,6.0,8.43,2.43
33,132,7.1,115,Oncology,73,0.254,Call,Call,1,5,15.0,22.4,7.4,4.0,6.38,2.38
20,54,4.7,153,Primary Care,70,0.118,Insights,Insights,0,0,20.0,21.14,1.14,9.0,9.18,0.18
74,356,19.7,62,Oncology,83,0.094,Call,Call,1,0,14.0,20.2,6.2,3.0,4.1,1.1
6,246,11.4,159,Primary Care,86,0.14,Call,All,0,0,13.0,13.45,0.45,7.0,7.0,0.0
20,25,4.7,153,Primary Care,87,0.422,Insights,Insights,0,0,16.0,16.0,0.0,6.0,6.12,0.12
80,91,5.0,190,Neurology,80,0.394,Call,Call,1,1,21.0,27.45,6.45,5.0,5.39,0.39
59,282,17.8,73,Primary Care,95,0.199,Email,Email,1,0,17.0,20.3,3.3,3.0,3.37,0.37
7,85,16.5,42,Primary Care,100,0.396,Email,All,1,4,11.0,18.0,7.0,6.0,7.92,1.92
61,196,5.4,66,Primary Care,70,0.377,All,All,0,0,20.0,20.01,0.01,3.0,3.02,0.02
78,63,19.6,86,Neurology,69,0.409,Email,Email,1,3,14.0,18.88,4.88,4.0,5.5,1.5
8,399,17.0,116,Cardiology,77,0.525,All,Email,1,1,14.0,17.02,3.02,5.0,6.01,1.01
34,316,1.0,82,Oncology,78,0.34,Call,Call,1,1,22.0,24.64,2.64,1.0,1.39,0.39
38,392,2.6,161,Primary Care,77,0.126,Call,Call,0,0,17.0,18.1,1.1,0.0,0.04,0.04
11,27,14.7,189,Cardiology,98,0.116,All,Call,1,6,15.0,24.37,9.37,1.0,4.27,3.27
17,188,14.5,38,Cardiology,91,0.228,Call,Call,0,0,16.0,17.31,1.31,4.0,4.26,0.26
14,134,1.0,123,Neurology,80,0.588,Email,Email,1,2,23.0,27.7,4.7,4.0,5.33,1.33
15,312,5.6,103,Neurology,66,0.714,Email,Email,1,3,13.0,19.0,6.0,2.0,4.16,2.16
33,411,7.1,115,Cardiology,82,0.642,Insights,Insights,1,2,12.0,18.75,6.75,6.0,7.8,1.8
38,114,2.6,161,Neurology,81,0.42,Call,Call,1,1,21.0,24.91,3.91,4.0,5.07,1.07
20,385,4.7,153,Primary Care,88,0.763,All,Call,1,3,15.0,22.5,7.5,6.0,8.62,2.62
24,291,5.7,177,Primary Care,79,0.27,Call,Call,1,8,21.0,34.18,13.18,2.0,5.16,3.16
16,413,15.5,62,Neurology,79,0.576,Call,Call,1,1,16.0,25.74,9.74,8.0,8.62,0.62
64,41,18.8,49,Oncology,79,0.401,Call,Call,1,3,16.0,23.69,7.69,3.0,4.09,1.09
17,496,14.5,38,Cardiology,78,0.351,Email,Email,1,1,18.0,20.69,2.69,3.0,4.91,1.91
73,218,9.5,80,Cardiology,77,0.354,All,Insights,0,0,18.0,18.13,0.13,4.0,4.17,0.17
44,141,18.7,26,Cardiology,68,0.434,Email,Email,1,3,13.0,20.15,7.15,5.0,6.79,1.79
65,92,4.0,150,Primary Care,81,0.167,All,All,0,0,16.0,17.33,1.33,2.0,2.02,0.02
51,493,15.3,66,Neurology,73,0.058,Email,Email,1,3,12.0,18.74,6.74,2.0,3.33,1.33
22,442,19.0,38,Neurology,86,0.281,Insights,All,0,0,11.0,11.16,0.16,6.0,6.0,0.0
49,66,14.2,24,Neurology,84,0.648,Email,Email,1,2,22.0,27.9,5.9,2.0,3.62,1.62
22,223,19.0,38,Oncology,99,0.726,All,Email,1,4,15.0,24.51,9.51,5.0,7.36,2.36
10,367,19.4,180,Primary Care,96,0.438,Email,Insights,0,0,14.0,14.86,0.86,5.0,5.11,0.11
21,296,6.0,31,Oncology,68,0.223,Insights,Call,0,0,26.0,27.23,1.23,3.0,3.05,0.05
23,95,8.9,67,Cardiology,84,0.193,All,All,1,8,11.0,23.07,12.07,6.0,9.66,3.66
11,181,14.7,189,Primary Care,69,0.282,Insights,All,1,6,14.0,21.59,7.59,4.0,6.69,2.69
2,185,6.3,75,Cardiology,94,0.671,Email,Email,1,2,13.0,21.69,8.69,2.0,2.72,0.72
76,145,1.2,80,Primary Care,81,0.259,All,Email,1,2,21.0,30.08,9.08,2.0,2.82,0.82
42,481,17.0,101,Oncology,78,0.757,Call,Call,0,0,14.0,14.03,0.03,4.0,4.01,0.01
33,102,7.1,115,Neurology,84,0.344,Email,Email,0,0,16.0,16.02,0.02,3.0,3.09,0.09
75,354,10.3,91,Cardiology,77,0.52,Call,Call,1,4,15.0,23.49,8.49,2.0,4.14,2.14
18,456,7.3,45,Cardiology,75,0.223,All,Call,1,3,15.0,20.78,5.78,4.0,5.43,1.43
33,398,7.1,115,Cardiology,83,0.425,Call,Email,0,0,13.0,13.17,0.17,5.0,5.07,0.07
68,400,3.4,153,Neurology,85,0.085,All,Call,1,2,15.0,20.92,5.92,3.0,5.04,2.04
51,80,15.3,66,Neurology,78,0.356,All,All,0,0,22.0,22.04,0.04,5.0,5.12,0.12
32,67,11.7,170,Oncology,87,0.465,Call,Insights,0,0,5.0,5.04,0.04,1.0,1.15,0.15
21,392,6.0,31,Primary Care,77,0.126,Call,Call,1,1,22.0,27.89,5.89,2.0,2.94,0.94
3,374,1.5,33,Oncology,77,0.751,All,Email,0,0,11.0,12.15,1.15,4.0,4.11,0.11
7,371,16.5,42,Oncology,79,0.598,Call,Call,1,3,16.0,22.16,6.16,2.0,2.93,0.93
13,210,7.9,51,Neurology,81,0.65,Email,Email,1,3,9.0,15.57,6.57,4.0,6.02,2.02
63,262,15.4,190,Neurology,80,0.027,Call,Call,1,5,11.0,19.54,8.54,5.0,8.67,3.67
52,8,18.3,191,Oncology,84,0.211,All,Email,0,0,17.0,17.13,0.13,2.0,2.08,0.08
35,146,17.5,101,Primary Care,89,0.01,Call,Email,1,3,17.0,23.68,6.68,4.0,4.96,0.96
63,265,15.4,190,Cardiology,79,0.42,Email,Email,1,2,13.0,19.33,6.33,6.0,7.2,1.2
13,63,7.9,51,Neurology,69,0.409,Email,Email,1,7,24.0,33.18,9.18,7.0,10.06,3.06
17,66,14.5,38,Neurology,84,0.648,Email,Email,0,0,17.0,17.08,0.08,2.0,2.04,0.04
32,23,11.7,170,Cardiology,88,0.417,All,Email,1,6,9.0,16.68,7.68,2.0,5.04,3.04
74,105,19.7,62,Cardiology,70,0.342,Insights,All,1,6,18.0,22.86,4.86,5.0,7.16,2.16
50,497,8.5,157,Oncology,60,0.533,All,All,1,5,21.0,27.37,6.37,6.0,8.75,2.75
69,349,19.6,188,Primary Care,63,0.195,All,All,1,5,11.0,17.59,6.59,4.0,7.04,3.04
20,475,4.7,153,Cardiology,80,0.758,Call,Call,0,0,13.0,13.14,0.14,5.0,5.0,0.0
68,129,3.4,153,Primary Care,88,0.726,All,All,1,3,14.0,19.92,5.92,3.0,4.53,1.53
6,300,11.4,159,Cardiology,75,0.621,All,Insights,0,0,14.0,15.33,1.33,7.0,7.01,0.01
19,446,12.9,81,Primary Care,98,0.446,All,Email,0,0,15.0,15.47,0.47,5.0,5.19,0.19
42,177,17.0,101,Neurology,75,0.61,All,Call,0,0,19.0,20.04,1.04,6.0,6.08,0.08
5,329,14.3,123,Cardiology,70,0.471,Call,Call,1,2,15.0,21.17,6.17,8.0,9.79,1.79
69,347,19.6,188,Primary Care,75,0.174,All,Email,0,0,19.0,19.06,0.06,1.0,1.24,0.24
70,417,9.1,60,Oncology,73,0.794,Email,Email,1,2,13.0,18.19,5.19,3.0,4.71,1.71
44,485,18.7,26,Oncology,95,0.015,All,Call,0,0,11.0,12.1,1.1,6.0,6.2,0.2
25,308,10.3,198,Oncology,83,0.44,Call,Call,0,0,13.0,13.9,0.9,8.0,8.1,0.1
8,292,17.0,116,Cardiology,67,0.446,Insights,Insights,0,0,18.0,18.4,0.4,3.0,3.07,0.07
50,435,8.5,157,Oncology,85,0.598,All,Insights,1,2,15.0,21.4,6.4,5.0,5.95,0.95
44,343,18.7,26,Neurology,73,0.188,Insights,Insights,0,0,16.0,16.01,0.01,4.0,4.01,0.01
61,181,5.4,66,Primary Care,69,0.282,Email,Email,1,3,21.0,29.6,8.6,1.0,2.55,1.55
49,316,14.2,24,Oncology,78,0.34,All,Call,0,0,24.0,25.05,1.05,1.0,1.01,0.01
11,275,14.7,189,Cardiology,94,0.648,All,Call,1,2,10.0,16.25,6.25,4.0,5.23,1.23
10,115,19.4,180,Oncology,61,0.56,Insights,Insights,1,0,16.0,21.39,5.39,5.0,6.26,1.26
63,258,15.4,190,Oncology,69,0.395,All,All,1,6,10.0,14.99,4.99,2.0,4.44,2.44
13,312,7.9,51,Neurology,66,0.714,All,Email,0,0,25.0,25.5,0.5,4.0,4.1,0.1
76,452,1.2,80,Cardiology,71,0.233,All,Insights,0,0,15.0,15.22,0.22,7.0,7.31,0.31
9,291,12.2,167,Primary Care,79,0.27,Call,Email,0,0,16.0,16.0,0.0,9.0,9.84,0.84
59,83,17.8,73,Oncology,83,0.469,Call,Call,1,4,14.0,24.75,10.75,2.0,4.6,2.6
79,494,19.8,87,Oncology,64,0.439,All,Call,1,4,19.0,27.2,8.2,4.0,5.3,1.3
36,290,9.2,60,Primary Care,89,0.269,All,All,1,2,15.0,24.4,9.4,2.0,3.42,1.42
5,144,14.3,123,Primary Care,71,0.029,Email,Email,1,4,26.0,34.09,8.09,3.0,5.38,2.38
71,378,11.1,124,Primary Care,84,0.084,Email,Insights,0,0,17.0,17.56,0.56,2.0,2.1,0.1
15,193,5.6,103,Cardiology,65,0.598,Call,Call,1,4,21.0,26.12,5.12,2.0,4.37,2.37
43,186,9.7,154,Cardiology,82,0.35,All,Call,1,3,9.0,16.56,7.56,2.0,4.51,2.51
79,420,19.8,87,Neurology,87,0.385,All,Insights,1,2,14.0,18.4,4.4,4.0,4.89,0.89
60,434,13.3,137,Oncology,69,0.545,Insights,Insights,1,4,11.0,19.26,8.26,3.0,4.01,1.01
4,262,15.7,136,Neurology,80,0.027,Email,Email,0,0,14.0,14.59,0.59,7.0,7.48,0.48
66,187,3.4,187,Cardiology,100,0.246,Call,Call,0,0,13.0,13.16,0.16,7.0,7.15,0.15
13,432,7.9,51,Cardiology,82,0.379,All,All,0,0,8.0,8.32,0.32,2.0,2.9,0.9
60,87,13.3,137,Oncology,82,0.544,Call,All,1,3,14.0,20.03,6.03,9.0,9.39,0.39
50,374,8.5,157,Oncology,77,0.751,Email,Email,0,0,24.0,24.66,0.66,3.0,3.12,0.12
24,293,5.7,177,Neurology,74,0.229,Call,All,0,0,20.0,20.14,0.14,5.0,5.14,0.14
34,428,1.0,82,Neurology,76,0.716,All,All,0,0,9.0,9.7,0.7,5.0,5.06,0.06
10,211,19.4,180,Cardiology,92,0.527,Call,Call,1,1,12.0,18.54,6.54,3.0,5.57,2.57
79,417,19.8,87,Oncology,73,0.794,Email,Email,1,1,16.0,20.59,4.59,1.0,1.44,0.44
20,8,4.7,153,Oncology,84,0.211,Call,Insights,0,0,10.0,10.28,0.28,4.0,4.02,0.02
25,380,10.3,198,Oncology,73,0.049,All,All,1,2,15.0,22.34,7.34,7.0,8.48,1.48
41,35,8.8,52,Oncology,84,0.572,Call,Call,1,2,13.0,18.62,5.62,2.0,3.8,1.8
54,322,18.8,54,Oncology,79,0.407,Call,Call,1,5,15.0,24.58,9.58,1.0,3.1,2.1
41,98,8.8,52,Primary Care,84,0.947,Email,Email,0,0,12.0,12.02,0.02,4.0,4.08,0.08
41,482,8.8,52,Oncology,82,0.164,Call,Call,1,2,17.0,21.61,4.61,6.0,8.53,2.53
47,385,19.6,145,Primary Care,88,0.763,All,Call,0,0,11.0,11.37,0.37,7.0,7.24,0.24
69,53,19.6,188,Cardiology,81,0.762,All,All,1,7,13.0,22.18,9.18,4.0,8.35,4.35
32,447,11.7,170,Cardiology,89,0.063,Call,Call,1,3,12.0,19.0,7.0,7.0,8.48,1.48
67,126,8.8,42,Oncology,82,0.333,All,Email,1,2,14.0,21.8,7.8,3.0,4.45,1.45
63,273,15.4,190,Neurology,77,0.662,Call,Call,1,2,10.0,16.0,6.0,1.0,3.25,2.25
77,43,5.6,150,Neurology,74,0.559,All,Email,1,4,13.0,23.04,10.04,3.0,5.05,2.05
74,53,19.7,62,Cardiology,81,0.762,Email,Email,1,4,14.0,22.72,8.72,4.0,5.78,1.78
64,121,18.8,49,Primary Care,71,0.265,Call,Call,0,0,19.0,19.11,0.11,5.0,5.02,0.02
20,268,4.7,153,Cardiology,86,0.264,All,All,0,0,15.0,15.26,0.26,7.0,7.02,0.02
62,272,11.3,183,Cardiology,76,0.329,All,Call,1,4,9.0,19.38,10.38,5.0,6.06,1.06
59,428,17.8,73,Neurology,76,0.716,All,Call,1,1,12.0,18.18,6.18,2.0,4.59,2.59
24,83,5.7,177,Oncology,83,0.469,Insights,Call,0,0,17.0,17.23,0.23,3.0,3.03,0.03
55,375,12.2,128,Cardiology,77,0.043,All,All,0,0,14.0,14.01,0.01,7.0,7.3,0.3
21,3,6.0,31,Primary Care,78,0.833,All,Insights,0,0,12.0,12.25,0.25,2.0,2.05,0.05
42,146,17.0,101,Primary Care,89,0.01,Call,Email,0,0,15.0,15.17,0.17,5.0,5.46,0.46
64,88,18.8,49,Neurology,81,0.53,Call,All,1,6,16.0,22.47,6.47,1.0,2.79,1.79
16,62,15.5,62,Neurology,83,0.649,Insights,Insights,0,0,9.0,9.42,0.42,6.0,6.35,0.35
27,293,14.9,28,Neurology,74,0.229,Insights,Insights,1,2,19.0,24.4,5.4,7.0,8.14,1.14
64,451,18.8,49,Neurology,74,0.702,All,Call,1,2,17.0,21.05,4.05,3.0,4.93,1.93
37,334,10.3,187,Oncology,87,0.118,Call,Call,0,0,12.0,12.09,0.09,4.0,4.21,0.21
77,428,5.6,150,Neurology,76,0.716,Email,Email,1,2,15.0,19.51,4.51,3.0,4.5,1.5
1,296,18.1,130,Oncology,68,0.223,Email,Email,0,0,13.0,13.06,0.06,5.0,5.0,0.0
58,27,14.5,120,Cardiology,98,0.116,All,Email,0,0,19.0,19.58,0.58,3.0,3.81,0.81
66,173,3.4,187,Primary Care,82,0.83,Email,Email,0,0,23.0,23.23,0.23,3.0,3.17,0.17
74,412,19.7,62,Neurology,76,0.38,All,All,1,4,14.0,19.8,5.8,4.0,5.78,1.78
13,23,7.9,51,Cardiology,88,0.417,Email,Email,1,2,16.0,19.92,3.92,3.0,4.07,1.07
79,49,19.8,87,Primary Care,72,0.425,Call,Call,1,4,14.0,19.9,5.9,5.0,7.17,2.17
32,417,11.7,170,Oncology,73,0.794,All,Email,1,3,19.0,27.43,8.43,6.0,7.74,1.74
29,32,12.2,174,Cardiology,67,0.366,Call,Call,1,4,18.0,28.88,10.88,3.0,4.84,1.84
29,480,12.2,174,Primary Care,86,0.362,All,Call,1,1,18.0,22.28,4.28,4.0,6.04,2.04
52,380,18.3,191,Oncology,73,0.049,Email,Email,0,0,16.0,16.35,0.35,2.0,2.32,0.32
53,333,14.4,171,Cardiology,78,0.618,Insights,Insights,0,0,17.0,17.76,0.76,5.0,5.01,0.01
38,269,2.6,161,Neurology,94,0.513,Insights,Insights,0,0,9.0,9.0,0.0,5.0,5.15,0.15
6,45,11.4,159,Primary Care,74,0.138,All,All,0,0,16.0,16.23,0.23,3.0,3.23,0.23
79,208,19.8,87,Cardiology,66,0.907,Email,Email,1,6,16.0,25.69,9.69,1.0,4.1,3.1
18,404,7.3,45,Primary Care,83,0.092,Call,Call,1,2,17.0,22.22,5.22,5.0,5.95,0.95
8,452,17.0,116,Cardiology,71,0.233,Insights,Insights,0,0,15.0,15.21,0.21,6.0,6.03,0.03
48,224,11.4,109,Neurology,77,0.28,All,All,0,0,12.0,13.32,1.32,3.0,3.35,0.35
33,420,7.1,115,Neurology,87,0.385,All,All,0,0,6.0,6.57,0.57,5.0,5.15,0.15
50,389,8.5,157,Oncology,80,0.152,All,All,1,3,17.0,21.5,4.5,8.0,10.08,2.08
71,29,11.1,124,Oncology,75,0.618,Insights,Insights,0,0,22.0,22.85,0.85,4.0,4.14,0.14
8,311,17.0,116,Primary Care,74,0.685,Insights,Insights,0,0,14.0,14.02,0.02,3.0,3.17,0.17
23,309,8.9,67,Primary Care,92,0.488,All,Email,1,1,20.0,24.63,4.63,4.0,5.72,1.72
42,272,17.0,101,Cardiology,76,0.329,All,All,1,4,14.0,22.75,8.75,3.0,5.53,2.53
64,387,18.8,49,Neurology,69,0.094,All,All,1,1,13.0,16.64,3.64,8.0,8.88,0.88
49,445,14.2,24,Neurology,73,0.19,All,Insights,1,2,17.0,25.62,8.62,7.0,8.2,1.2
31,276,7.9,33,Neurology,76,0.252,All,All,1,2,21.0,27.08,6.08,3.0,4.4,1.4
49,161,14.2,24,Primary Care,69,0.591,Email,Email,0,0,20.0,20.03,0.03,3.0,3.22,0.22
79,492,19.8,87,Primary Care,84,0.109,Call,Call,1,3,18.0,24.55,6.55,3.0,4.64,1.64
39,482,16.9,55,Oncology,82,0.164,All,Email,0,0,16.0,16.01,0.01,6.0,6.27,0.27
71,344,11.1,124,Cardiology,99,0.496,Insights,Insights,1,5,17.0,24.35,7.35,5.0,7.17,2.17
63,321,15.4,190,Oncology,80,0.224,Email,Email,0,0,20.0,20.32,0.32,11.0,11.08,0.08
25,53,10.3,198,Cardiology,81,0.762,Insights,Insights,0,0,13.0,13.4,0.4,2.0,2.05,0.05
20,201,4.7,153,Oncology,77,0.633,Insights,Insights,1,0,13.0,18.37,5.37,4.0,4.28,0.28
62,100,11.3,183,Neurology,73,0.099,All,All,1,2,12.0,15.46,3.46,4.0,5.06,1.06
17,258,14.5,38,Oncology,69,0.395,All,Call,0,0,19.0,19.81,0.81,3.0,3.07,0.07
27,414,14.9,28,Primary Care,80,0.738,Email,Call,0,0,16.0,16.12,0.12,4.0,4.83,0.83
19,113,12.9,81,Neurology,73,0.145,Call,Insights,0,0,13.0,13.1,0.1,5.0,5.25,0.25
49,499,14.2,24,Oncology,68,0.052,Email,Email,1,6,10.0,18.37,8.37,1.0,4.02,3.02
24,65,5.7,177,Cardiology,87,0.215,All,All,0,0,11.0,11.64,0.64,5.0,5.1,0.1
53,50,14.4,171,Oncology,77,0.192,Email,Email,1,2,18.0,24.21,6.21,9.0,10.03,1.03
75,488,10.3,91,Primary Care,76,0.642,Insights,Insights,1,1,21.0,24.76,3.76,1.0,3.2,2.2
67,51,8.8,42,Primary Care,83,0.092,Insights,Insights,0,0,16.0,16.48,0.48,3.0,3.09,0.09
76,368,1.2,80,Cardiology,83,0.162,Insights,Insights,0,0,15.0,15.2,0.2,3.0,3.08,0.08
2,382,6.3,75,Cardiology,72,0.608,Insights,Insights,1,0,10.0,14.22,4.22,5.0,5.47,0.47
37,166,10.3,187,Oncology,77,0.605,All,All,1,5,18.0,25.35,7.35,2.0,3.85,1.85
18,33,7.3,45,Oncology,98,0.68,Insights,Insights,1,3,16.0,24.82,8.82,8.0,10.83,2.83
74,155,19.7,62,Primary Care,70,0.546,Email,Email,1,0,22.0,26.66,4.66,7.0,7.29,0.29
57,35,6.8,128,Oncology,84,0.572,Call,Call,1,3,20.0,27.34,7.34,6.0,8.18,2.18
26,337,8.4,99,Primary Care,80,0.413,Insights,Insights,1,1,15.0,18.83,3.83,3.0,4.74,1.74
46,445,14.6,60,Neurology,73,0.19,Call,Call,1,2,14.0,19.93,5.93,5.0,5.63,0.63
49,499,14.2,24,Oncology,68,0.052,All,Call,0,0,19.0,19.46,0.46,2.0,2.67,0.67
40,401,4.2,152,Primary Care,88,0.017,Call,Call,0,0,17.0,17.73,0.73,4.0,4.23,0.23
38,388,2.6,161,Neurology,79,0.508,All,All,1,2,16.0,19.47,3.47,6.0,7.73,1.73
5,441,14.3,123,Oncology,82,0.069,Email,Email,0,0,22.0,22.4,0.4,5.0,5.03,0.03
37,385,10.3,187,Primary Care,88,0.763,All,Email,0,0,15.0,15.71,0.71,2.0,2.22,0.22
28,326,19.3,22,Cardiology,85,0.18,Email,Insights,0,0,20.0,20.61,0.61,4.0,4.08,0.08
66,499,3.4,187,Oncology,68,0.052,Insights,Call,0,0,16.0,16.75,0.75,6.0,6.2,0.2
70,162,9.1,60,Oncology,74,0.62,Call,Call,1,3,14.0,18.95,4.95,10.0,10.79,0.79
61,207,5.4,66,Oncology,63,0.411,Insights,Call,0,0,22.0,22.0,0.0,4.0,4.05,0.05
3,454,1.5,33,Cardiology,84,0.267,Email,Email,0,0,14.0,14.19,0.19,4.0,4.21,0.21
68,156,3.4,153,Cardiology,82,0.277,All,Email,0,0,21.0,21.38,0.38,3.0,3.1,0.1
32,150,11.7,170,Neurology,72,0.618,Insights,Call,1,5,18.0,27.3,9.3,6.0,7.44,1.44
34,77,1.0,82,Neurology,75,0.827,All,Insights,1,1,20.0,22.64,2.64,4.0,5.35,1.35
76,138,1.2,80,Neurology,74,0.142,All,Insights,0,0,10.0,10.09,0.09,7.0,7.07,0.07
70,297,9.1,60,Primary Care,72,0.511,Insights,Call,0,0,20.0,20.74,0.74,4.0,4.05,0.05
5,444,14.3,123,Oncology,81,0.234,All,Insights,0,0,18.0,18.64,0.64,5.0,5.31,0.31
29,69,12.2,174,Oncology,71,0.226,Email,Email,1,4,17.0,24.55,7.55,4.0,6.91,2.91
60,341,13.3,137,Cardiology,79,0.146,Insights,Insights,0,0,15.0,15.08,0.08,1.0,1.22,0.22
44,384,18.7,26,Oncology,93,0.521,Call,Call,1,3,14.0,22.48,8.48,6.0,8.33,2.33
21,448,6.0,31,Neurology,81,0.512,All,Call,1,3,15.0,22.2,7.2,6.0,7.1,1.1
42,376,17.0,101,Primary Care,85,0.101,Email,Email,1,5,11.0,21.38,10.38,4.0,6.98,2.98
70,78,9.1,60,Oncology,75,0.333,Call,Call,1,5,18.0,25.07,7.07,4.0,5.43,1.43
18,245,7.3,45,Cardiology,73,0.766,Insights,Insights,1,4,17.0,28.04,11.04,3.0,4.14,1.14
60,477,13.3,137,Primary Care,81,0.627,Call,Call,1,3,11.0,18.6,7.6,4.0,6.46,2.46
59,455,17.8,73,Cardiology,81,0.852,Email,Email,1,4,9.0,17.74,8.74,5.0,7.73,2.73
71,307,11.1,124,Neurology,69,0.321,Call,Call,1,3,10.0,18.8,8.8,4.0,5.49,1.49
24,482,5.7,177,Oncology,82,0.164,All,All,1,3,14.0,21.23,7.23,2.0,3.63,1.63
18,335,7.3,45,Neurology,87,0.039,Email,Email,0,0,13.0,13.26,0.26,5.0,5.1,0.1
44,33,18.7,26,Oncology,98,0.68,Call,Call,1,3,17.0,26.52,9.52,3.0,5.12,2.12
43,458,9.7,154,Primary Care,87,0.194,All,Email,1,4,22.0,30.28,8.28,3.0,5.81,2.81
33,85,7.1,115,Primary Care,100,0.396,All,All,0,0,8.0,8.09,0.09,4.0,4.05,0.05
63,191,15.4,190,Cardiology,92,0.145,Email,Call,1,3,15.0,19.53,4.53,3.0,3.23,0.23
64,120,18.8,49,Primary Care,76,0.259,Insights,Insights,1,4,13.0,24.26,11.26,4.0,6.08,2.08
20,360,4.7,153,Oncology,81,0.298,Email,Email,1,2,17.0,23.09,6.09,5.0,6.07,1.07
64,15,18.8,49,Primary Care,71,0.274,All,All,0,0,18.0,18.34,0.34,4.0,4.11,0.11
19,321,12.9,81,Oncology,80,0.224,Call,Call,1,1,14.0,19.61,5.61,4.0,4.95,0.95
33,433,7.1,115,Cardiology,83,0.355,Call,Call,0,0,18.0,18.25,0.25,7.0,7.12,0.12
3,394,1.5,33,Oncology,78,0.317,Call,Call,0,0,20.0,21.22,1.22,4.0,4.11,0.11
28,154,19.3,22,Oncology,88,0.42,Insights,Insights,1,4,13.0,23.55,10.55,4.0,5.83,1.83
77,449,5.6,150,Oncology,71,0.266,Email,Email,0,0,15.0,15.17,0.17,3.0,3.05,0.05
36,182,9.2,60,Neurology,70,0.403,All,All,1,3,15.0,23.29,8.29,2.0,3.3,1.3
57,341,6.8,128,Cardiology,79,0.146,Call,Call,0,0,10.0,10.24,0.24,3.0,3.17,0.17
9,254,12.2,167,Oncology,81,0.098,Insights,Insights,0,0,9.0,9.98,0.98,7.0,7.01,0.01
51,34,15.3,66,Primary Care,71,0.112,All,All,1,5,18.0,27.13,9.13,2.0,3.92,1.92
30,2,12.2,100,Neurology,86,0.643,Email,Email,1,2,15.0,20.07,5.07,6.0,7.72,1.72
60,92,13.3,137,Primary Care,81,0.167,Email,Email,0,0,17.0,17.31,0.31,2.0,2.14,0.14
75,468,10.3,91,Primary Care,86,0.101,Call,Call,1,5,16.0,23.56,7.56,3.0,5.04,2.04
43,477,9.7,154,Primary Care,81,0.627,All,All,0,0,10.0,10.07,0.07,4.0,4.25,0.25
9,206,12.2,167,Oncology,91,0.39,Email,Email,1,2,18.0,24.5,6.5,2.0,3.2,1.2
39,485,16.9,55,Oncology,95,0.015,All,Call,1,0,22.0,25.13,3.13,2.0,2.65,0.65
10,25,19.4,180,Primary Care,87,0.422,Insights,Insights,1,1,16.0,20.24,4.24,2.0,3.12,1.12
36,484,9.2,60,Oncology,81,0.394,Insights,Insights,1,3,14.0,21.91,7.91,5.0,7.19,2.19
5,116,14.3,123,Oncology,75,0.172,Insights,Insights,0,0,13.0,15.22,2.22,3.0,3.08,0.08
52,19,18.3,191,Primary Care,65,0.675,Email,Call,1,6,12.0,18.56,6.56,5.0,5.85,0.85
25,379,10.3,198,Oncology,88,0.243,Email,Email,0,0,12.0,12.3,0.3,2.0,2.19,0.19
17,192,14.5,38,Neurology,63,0.339,All,Call,1,5,14.0,21.71,7.71,5.0,6.97,1.97
2,147,6.3,75,Cardiology,86,0.24,Call,Email,1,4,19.0,24.9,5.9,2.0,3.55,1.55
72,380,5.3,163,Oncology,73,0.049,Insights,Insights,1,3,16.0,21.65,5.65,5.0,7.44,2.44
67,167,8.8,42,Primary Care,82,0.32,All,Call,1,0,19.0,22.69,3.69,3.0,3.82,0.82
65,377,4.0,150,Primary Care,70,0.168,Email,Email,0,0,11.0,11.92,0.92,2.0,2.36,0.36
5,98,14.3,123,Primary Care,84,0.947,Call,Call,1,6,16.0,24.52,8.52,1.0,3.71,2.71
28,43,19.3,22,Neurology,74,0.559,Call,Call,0,0,12.0,12.24,0.24,6.0,6.1,0.1
78,163,19.6,86,Neurology,77,0.341,Email,Email,1,4,19.0,24.66,5.66,0.0,1.64,1.64
47,305,19.6,145,Primary Care,80,0.047,All,All,0,0,12.0,12.1,0.1,7.0,7.06,0.06
11,113,14.7,189,Neurology,73,0.145,All,Email,1,1,15.0,17.29,2.29,8.0,8.4,0.4
12,72,13.9,58,Cardiology,87,0.334,Call,Call,0,0,15.0,15.94,0.94,1.0,1.07,0.07
22,375,19.0,38,Cardiology,77,0.043,All,All,1,5,11.0,18.64,7.64,3.0,5.85,2.85
78,247,19.6,86,Oncology,76,0.846,Email,Email,1,5,8.0,17.59,9.59,4.0,6.52,2.52
14,216,1.0,123,Neurology,88,0.684,All,Call,0,0,19.0,19.23,0.23,7.0,7.2,0.2
73,120,9.5,80,Primary Care,76,0.259,All,All,0,0,13.0,13.32,0.32,3.0,3.26,0.26
55,9,12.2,128,Oncology,79,0.443,Email,Email,1,2,11.0,16.49,5.49,4.0,4.38,0.38
74,27,19.7,62,Cardiology,98,0.116,Insights,Insights,1,0,16.0,23.31,7.31,8.0,8.7,0.7
67,341,8.8,42,Cardiology,79,0.146,All,Insights,1,3,12.0,16.6,4.6,1.0,3.71,2.71
27,41,14.9,28,Oncology,79,0.401,Call,Email,1,4,10.0,16.02,6.02,6.0,8.32,2.32
67,124,8.8,42,Cardiology,64,0.774,Call,Call,1,1,17.0,22.16,5.16,6.0,6.68,0.68
14,456,1.0,123,Cardiology,75,0.223,Insights,Email,0,0,12.0,12.95,0.95,2.0,2.33,0.33
24,172,5.7,177,Oncology,91,0.343,Email,Email,1,3,18.0,26.01,8.01,4.0,4.65,0.65
17,373,14.5,38,Neurology,92,0.427,Email,Email,0,0,14.0,14.13,0.13,1.0,1.1,0.1
11,172,14.7,189,Oncology,91,0.343,Email,Email,0,0,16.0,16.63,0.63,7.0,7.02,0.02
8,466,17.0,116,Neurology,82,0.66,All,All,1,7,16.0,27.3,11.3,5.0,8.68,3.68
15,411,5.6,103,Cardiology,82,0.642,Call,Call,1,6,17.0,28.37,11.37,4.0,6.02,2.02
10,235,19.4,180,Primary Care,72,0.151,Insights,Insights,1,2,19.0,24.04,5.04,7.0,8.32,1.32
31,343,7.9,33,Neurology,73,0.188,Email,Email,1,2,7.0,17.43,10.43,4.0,5.12,1.12
6,207,11.4,159,Oncology,63,0.411,Email,Email,1,3,16.0,23.75,7.75,3.0,4.04,1.04
5,473,14.3,123,Oncology,95,0.199,Insights,Insights,0,0,17.0,17.28,0.28,3.0,3.1,0.1
80,180,5.0,190,Primary Care,79,0.23,Email,Email,1,1,18.0,22.69,4.69,3.0,4.64,1.64
8,419,17.0,116,Cardiology,81,0.451,Insights,Insights,1,1,12.0,17.09,5.09,3.0,4.44,1.44
6,309,11.4,159,Primary Care,92,0.488,Call,Call,1,1,14.0,19.36,5.36,7.0,8.41,1.41
3,322,1.5,33,Oncology,79,0.407,Insights,Insights,1,2,16.0,23.05,7.05,4.0,6.27,2.27
11,176,14.7,189,Primary Care,83,0.723,Call,Call,0,0,15.0,16.21,1.21,2.0,2.18,0.18
43,417,9.7,154,Oncology,73,0.794,All,All,1,4,12.0,22.04,10.04,3.0,4.98,1.98
67,374,8.8,42,Oncology,77,0.751,Email,Email,1,7,13.0,22.61,9.61,1.0,4.33,3.33
59,408,17.8,73,Cardiology,85,0.605,All,Email,1,1,14.0,19.19,5.19,3.0,3.56,0.56
47,401,19.6,145,Primary Care,88,0.017,Call,Email,1,6,19.0,24.1,5.1,3.0,5.24,2.24
7,79,16.5,42,Neurology,91,0.237,Email,Email,1,3,16.0,22.88,6.88,4.0,6.24,2.24
62,438,11.3,183,Cardiology,88,0.581,Insights,Insights,0,0,13.0,13.38,0.38,4.0,4.03,0.03
3,421,1.5,33,Primary Care,82,0.174,Email,Email,0,0,16.0,16.12,0.12,4.0,4.03,0.03
51,122,15.3,66,Neurology,82,0.76,Call,Call,1,0,14.0,17.17,3.17,5.0,6.23,1.23
33,491,7.1,115,Oncology,61,0.387,All,All,1,2,11.0,18.58,7.58,5.0,7.4,2.4
71,264,11.1,124,Primary Care,85,0.184,All,Call,0,0,19.0,19.03,0.03,4.0,4.17,0.17
25,161,10.3,198,Primary Care,69,0.591,Insights,Insights,1,2,8.0,14.83,6.83,2.0,3.08,1.08
52,112,18.3,191,Neurology,67,0.565,All,All,1,1,15.0,18.03,3.03,6.0,8.15,2.15
36,183,9.2,60,Primary Care,68,0.476,Call,Call,1,2,12.0,19.88,7.88,4.0,5.67,1.67
42,19,17.0,101,Primary Care,65,0.675,Email,Email,0,0,16.0,17.04,1.04,1.0,1.08,0.08
76,346,1.2,80,Neurology,88,0.173,All,Call,0,0,11.0,11.65,0.65,3.0,3.01,0.01
58,354,14.5,120,Cardiology,77,0.52,Email,Email,0,0,23.0,23.02,0.02,4.0,4.18,0.18
34,334,1.0,82,Oncology,87,0.118,Email,Insights,0,0,13.0,13.02,0.02,3.0,3.4,0.4
36,275,9.2,60,Cardiology,94,0.648,Email,Email,0,0,16.0,16.06,0.06,5.0,5.12,0.12
57,182,6.8,128,Neurology,70,0.403,Call,Call,0,0,20.0,20.89,0.89,7.0,7.31,0.31
28,362,19.3,22,Cardiology,86,0.334,Call,Call,1,3,16.0,27.86,11.86,4.0,6.62,2.62
14,436,1.0,123,Neurology,80,0.202,Call,Call,1,1,11.0,16.57,5.57,2.0,2.74,0.74
38,44,2.6,161,Oncology,88,0.174,Insights,Insights,0,0,18.0,18.33,0.33,4.0,4.03,0.03
6,192,11.4,159,Neurology,63,0.339,All,Call,1,4,13.0,23.42,10.42,5.0,7.05,2.05
14,498,1.0,123,Oncology,69,0.581,All,Call,1,4,13.0,17.89,4.89,5.0,6.92,1.92
34,431,1.0,82,Oncology,61,0.102,Email,Email,1,4,16.0,23.67,7.67,4.0,5.41,1.41
64,498,18.8,49,Oncology,69,0.581,Email,Email,1,4,12.0,19.49,7.49,3.0,5.68,2.68
63,92,15.4,190,Primary Care,81,0.167,Insights,Insights,1,0,11.0,16.96,5.96,7.0,8.25,1.25
21,233,6.0,31,Neurology,77,0.726,Email,Email,1,4,10.0,22.71,12.71,6.0,8.29,2.29
34,66,1.0,82,Neurology,84,0.648,Call,Insights,1,3,17.0,20.5,3.5,6.0,6.44,0.44
13,434,7.9,51,Oncology,69,0.545,Insights,Insights,0,0,16.0,16.31,0.31,2.0,2.18,0.18
61,260,5.4,66,Cardiology,90,0.209,All,All,1,5,14.0,25.81,11.81,7.0,10.16,3.16
20,122,4.7,153,Neurology,82,0.76,Email,Email,0,0,14.0,14.41,0.41,2.0,2.01,0.01
64,46,18.8,49,Neurology,90,0.647,Insights,Insights,1,3,15.0,22.93,7.93,1.0,2.81,1.81
68,369,3.4,153,Oncology,91,0.499,Insights,Email,0,0,12.0,13.65,1.65,0.0,0.58,0.58
56,406,12.0,85,Primary Care,83,0.594,All,Insights,1,4,13.0,19.9,6.9,4.0,5.55,1.55
27,440,14.9,28,Neurology,80,0.5,Call,Call,1,3,13.0,22.83,9.83,4.0,5.89,1.89
77,486,5.6,150,Neurology,83,0.187,All,Email,1,3,16.0,21.67,5.67,4.0,6.36,2.36
55,408,12.2,128,Cardiology,85,0.605,All,Call,1,0,17.0,19.75,2.75,5.0,7.04,2.04
52,394,18.3,191,Oncology,78,0.317,Email,Email,1,1,12.0,16.64,4.64,5.0,6.48,1.48
69,406,19.6,188,Primary Care,83,0.594,Insights,Insights,1,3,9.0,15.43,6.43,6.0,8.66,2.66
71,500,11.1,124,Neurology,86,0.438,Insights,Insights,0,0,10.0,10.15,0.15,3.0,3.24,0.24
7,232,16.5,42,Neurology,78,0.439,Call,Call,0,0,11.0,11.72,0.72,7.0,7.06,0.06
71,380,11.1,124,Oncology,73,0.049,Call,Call,1,2,22.0,26.6,4.6,4.0,5.15,1.15
62,410,11.3,183,Neurology,93,0.263,Call,Call,0,0,11.0,11.57,0.57,5.0,5.23,0.23
17,59,14.5,38,Cardiology,77,0.309,All,Call,1,0,11.0,16.81,5.81,2.0,2.25,0.25
25,346,10.3,198,Neurology,88,0.173,Email,Email,0,0,12.0,12.49,0.49,3.0,3.02,0.02
61,170,5.4,66,Oncology,85,0.258,Insights,Insights,0,0,19.0,19.03,0.03,3.0,3.28,0.28
18,67,7.3,45,Oncology,87,0.465,Email,Email,1,6,14.0,25.59,11.59,8.0,11.0,3.0
37,86,10.3,187,Oncology,83,0.564,Insights,Email,0,0,17.0,17.7,0.7,4.0,4.06,0.06
56,58,12.0,85,Neurology,80,0.07,Insights,Insights,1,2,16.0,19.78,3.78,3.0,6.85,3.85
53,449,14.4,171,Oncology,71,0.266,Insights,Insights,1,2,21.0,24.97,3.97,5.0,7.17,2.17
73,386,9.5,80,Cardiology,87,0.372,Insights,Insights,1,1,16.0,22.84,6.84,7.0,9.13,2.13
9,52,12.2,167,Cardiology,70,0.308,Call,Call,1,2,14.0,21.83,7.83,3.0,4.71,1.71
24,313,5.7,177,Primary Care,78,0.792,Call,Call,1,3,16.0,24.14,8.14,6.0,7.23,1.23
79,331,19.8,87,Oncology,80,0.49,All,Call,1,3,20.0,26.07,6.07,3.0,4.73,1.73
46,260,14.6,60,Cardiology,90,0.209,Email,Email,1,3,13.0,21.34,8.34,1.0,2.97,1.97
20,304,4.7,153,Neurology,89,0.269,All,Insights,1,3,8.0,16.26,8.26,4.0,5.9,1.9
24,454,5.7,177,Cardiology,84,0.267,Insights,All,0,0,15.0,15.01,0.01,3.0,3.02,0.02
28,260,19.3,22,Cardiology,90,0.209,All,Call,1,6,20.0,31.68,11.68,0.0,2.92,2.92
45,330,5.0,150,Oncology,70,0.262,Call,Call,0,0,21.0,21.79,0.79,6.0,6.28,0.28
23,286,8.9,67,Neurology,85,0.161,Insights,All,0,0,18.0,18.6,0.6,4.0,4.36,0.36
50,199,8.5,157,Primary Care,88,0.233,Email,Insights,0,0,10.0,12.1,2.1,1.0,1.12,0.12
36,446,9.2,60,Primary Care,98,0.446,All,All,1,5,10.0,20.02,10.02,3.0,5.5,2.5
49,207,14.2,24,Oncology,63,0.411,Insights,Insights,0,0,13.0,13.49,0.49,6.0,6.35,0.35
13,400,7.9,51,Neurology,85,0.085,Insights,Insights,1,1,14.0,19.45,5.45,7.0,8.14,1.14
50,303,8.5,157,Neurology,71,0.161,All,Email,0,0,16.0,16.7,0.7,5.0,5.54,0.54
74,343,19.7,62,Neurology,73,0.188,Call,Call,0,0,21.0,21.91,0.91,5.0,5.19,0.19
11,381,14.7,189,Oncology,76,0.158,Insights,Call,1,5,13.0,17.54,4.54,2.0,2.41,0.41
27,368,14.9,28,Cardiology,83,0.162,All,All,1,3,12.0,18.6,6.6,5.0,6.66,1.66
56,283,12.0,85,Oncology,79,0.265,Email,Email,0,0,12.0,12.1,0.1,2.0,2.04,0.04
50,308,8.5,157,Oncology,83,0.44,All,All,1,1,13.0,18.52,5.52,5.0,5.0,0.0
54,255,18.8,54,Cardiology,84,0.46,All,Email,1,2,18.0,23.43,5.43,2.0,3.51,1.51
45,170,5.0,150,Oncology,85,0.258,All,Insights,0,0,15.0,15.19,0.19,1.0,1.12,0.12
55,364,12.2,128,Oncology,79,0.603,All,Email,0,0,21.0,21.01,0.01,7.0,7.26,0.26
49,440,14.2,24,Neurology,80,0.5,Call,Call,0,0,17.0,17.09,0.09,2.0,2.04,0.04
6,353,11.4,159,Primary Care,74,0.284,Insights,Insights,1,3,13.0,18.35,5.35,5.0,6.68,1.68
61,387,5.4,66,Neurology,69,0.094,Email,Email,0,0,16.0,16.28,0.28,2.0,2.07,0.07
36,416,9.2,60,Oncology,93,0.209,All,Insights,0,0,8.0,9.62,1.62,3.0,3.8,0.8
5,184,14.3,123,Neurology,88,0.178,Email,All,0,0,15.0,15.27,0.27,3.0,3.17,0.17
33,32,7.1,115,Cardiology,67,0.366,All,Call,1,5,13.0,23.2,10.2,3.0,5.1,2.1
35,169,17.5,101,Neurology,85,0.207,Email,Email,1,5,18.0,24.82,6.82,3.0,5.88,2.88
7,378,16.5,42,Primary Care,84,0.084,Email,Email,1,0,12.0,17.96,5.96,5.0,5.17,0.17
80,408,5.0,190,Cardiology,85,0.605,Email,Email,0,0,15.0,15.05,0.05,4.0,4.02,0.02
18,257,7.3,45,Neurology,92,0.677,All,Call,1,2,12.0,19.89,7.89,2.0,3.82,1.82
27,390,14.9,28,Primary Care,60,0.288,Email,All,1,0,15.0,15.0,0.0,3.0,3.0,0.0
36,38,9.2,60,Oncology,84,0.363,Email,Email,1,3,11.0,18.37,7.37,5.0,6.49,1.49
67,323,8.8,42,Cardiology,79,0.305,Email,All,1,1,14.0,15.9,1.9,3.0,4.01,1.01
60,340,13.3,137,Primary Care,74,0.612,Call,Call,1,1,13.0,16.19,3.19,3.0,3.66,0.66
62,254,11.3,183,Oncology,81,0.098,All,All,0,0,10.0,10.26,0.26,5.0,5.16,0.16
19,359,12.9,81,Cardiology,90,0.489,Call,All,0,0,19.0,19.39,0.39,4.0,4.02,0.02
68,246,3.4,153,Primary Care,86,0.14,Call,Call,1,2,15.0,19.62,4.62,3.0,4.33,1.33
67,262,8.8,42,Neurology,80,0.027,Email,Email,1,4,20.0,29.37,9.37,5.0,7.48,2.48
38,302,2.6,161,Primary Care,86,0.283,Email,Email,1,3,8.0,14.49,6.49,1.0,2.89,1.89
44,397,18.7,26,Primary Care,90,0.631,Call,Call,1,6,11.0,21.57,10.57,2.0,4.91,2.91
3,125,1.5,33,Neurology,79,0.505,Email,Email,1,1,12.0,18.89,6.89,2.0,3.03,1.03
61,151,5.4,66,Primary Care,77,0.376,Email,Email,1,3,15.0,22.15,7.15,1.0,2.7,1.7
77,210,5.6,150,Neurology,81,0.65,Email,Email,1,1,16.0,20.07,4.07,7.0,7.53,0.53
38,101,2.6,161,Cardiology,69,0.507,Call,Call,0,0,15.0,16.09,1.09,3.0,3.18,0.18
44,168,18.7,26,Oncology,67,0.519,All,All,1,3,24.0,29.47,5.47,5.0,6.36,1.36
40,176,4.2,152,Primary Care,83,0.723,Email,Email,1,3,17.0,21.65,4.65,2.0,4.42,2.42
7,158,16.5,42,Cardiology,88,0.423,Insights,Insights,1,5,19.0,29.18,10.18,1.0,2.97,1.97
50,206,8.5,157,Oncology,91,0.39,Insights,Insights,1,1,18.0,24.4,6.4,5.0,6.9,1.9
58,253,14.5,120,Oncology,86,0.74,All,Insights,1,2,12.0,18.06,6.06,3.0,4.05,1.05
75,348,10.3,91,Oncology,88,0.382,Email,All,1,4,13.0,18.07,5.07,5.0,6.77,1.77
75,152,10.3,91,Cardiology,87,0.604,All,All,1,4,14.0,21.87,7.87,3.0,4.94,1.94
40,423,4.2,152,Neurology,84,0.471,All,Call,0,0,17.0,17.13,0.13,4.0,4.5,0.5
77,240,5.6,150,Primary Care,61,0.169,All,All,1,6,13.0,22.61,9.61,1.0,3.24,2.24
43,361,9.7,154,Primary Care,77,0.116,All,Insights,0,0,21.0,21.05,0.05,1.0,1.01,0.01
52,58,18.3,191,Neurology,80,0.07,Email,Email,1,2,14.0,21.6,7.6,5.0,6.26,1.26
49,87,14.2,24,Oncology,82,0.544,All,All,1,3,8.0,16.83,8.83,4.0,6.2,2.2
80,227,5.0,190,Cardiology,83,0.278,All,Call,0,0,12.0,13.81,1.81,3.0,3.33,0.33
60,184,13.3,137,Neurology,88,0.178,Email,Email,1,3,16.0,24.94,8.94,2.0,4.18,2.18
10,249,19.4,180,Oncology,95,0.217,Email,Email,1,2,14.0,21.49,7.49,3.0,4.7,1.7
6,80,11.4,159,Neurology,78,0.356,All,Call,1,4,14.0,22.17,8.17,6.0,9.35,3.35
33,237,7.1,115,Primary Care,69,0.497,Email,Email,1,3,19.0,27.22,8.22,3.0,4.24,1.24
42,344,17.0,101,Cardiology,99,0.496,All,Call,1,0,17.0,20.13,3.13,3.0,3.81,0.81
54,365,18.8,54,Primary Care,94,0.448,Call,Call,1,2,16.0,21.19,5.19,8.0,8.08,0.08
39,125,16.9,55,Neurology,79,0.505,All,All,0,0,20.0,20.46,0.46,5.0,5.11,0.11
42,173,17.0,101,Primary Care,82,0.83,Email,Email,1,2,16.0,21.19,5.19,6.0,6.96,0.96
74,263,19.7,62,Neurology,68,0.33,All,Call,1,1,18.0,24.01,6.01,4.0,5.08,1.08
27,259,14.9,28,Cardiology,78,0.458,Insights,Insights,1,1,13.0,18.44,5.44,2.0,2.71,0.71
40,396,4.2,152,Oncology,61,0.217,All,Email,0,0,12.0,12.08,0.08,3.0,3.09,0.09
45,196,5.0,150,Primary Care,70,0.377,Email,Email,1,3,14.0,19.29,5.29,6.0,7.83,1.83
38,336,2.6,161,Cardiology,79,0.289,Email,Email,0,0,23.0,23.56,0.56,1.0,1.21,0.21
78,442,19.6,86,Neurology,86,0.281,Email,Email,1,6,16.0,25.84,9.84,8.0,11.04,3.04
77,150,5.6,150,Neurology,72,0.618,Email,Email,1,4,16.0,24.27,8.27,3.0,4.82,1.82
42,412,17.0,101,Neurology,76,0.38,All,Email,1,3,15.0,23.1,8.1,1.0,2.39,1.39
37,167,10.3,187,Primary Care,82,0.32,Email,Email,1,5,18.0,27.91,9.91,1.0,3.87,2.87
48,168,11.4,109,Oncology,67,0.519,Email,Email,1,0,19.0,23.56,4.56,1.0,1.91,0.91
15,327,5.6,103,Neurology,80,0.283,All,All,0,0,18.0,18.5,0.5,4.0,4.31,0.31
35,311,17.5,101,Primary Care,74,0.685,Email,Email,1,3,18.0,24.57,6.57,3.0,4.57,1.57
18,275,7.3,45,Cardiology,94,0.648,Email,Email,0,0,13.0,13.59,0.59,2.0,2.08,0.08
12,116,13.9,58,Oncology,75,0.172,Insights,Insights,0,0,18.0,18.35,0.35,3.0,3.04,0.04
8,49,17.0,116,Primary Care,72,0.425,Call,Call,0,0,15.0,15.09,0.09,3.0,3.09,0.09
47,455,19.6,145,Cardiology,81,0.852,All,All,0,0,16.0,16.94,0.94,5.0,5.02,0.02
1,437,18.1,130,Oncology,82,0.121,Insights,Insights,0,0,12.0,13.06,1.06,3.0,3.52,0.52
52,444,18.3,191,Oncology,81,0.234,Call,Call,1,2,17.0,23.49,6.49,2.0,3.78,1.78
35,257,17.5,101,Neurology,92,0.677,Insights,Insights,1,1,10.0,13.06,3.06,6.0,6.8,0.8
30,443,12.2,100,Primary Care,86,0.185,All,All,1,6,14.0,24.92,10.92,3.0,5.94,2.94
62,237,11.3,183,Primary Care,69,0.497,Call,Insights,1,4,14.0,17.53,3.53,6.0,7.4,1.4
44,38,18.7,26,Oncology,84,0.363,All,All,0,0,20.0,20.25,0.25,4.0,4.57,0.57
59,100,17.8,73,Neurology,73,0.099,Call,Call,1,7,18.0,29.41,11.41,2.0,5.31,3.31
57,137,6.8,128,Cardiology,70,0.134,Insights,Insights,0,0,17.0,17.04,0.04,4.0,4.1,0.1
3,189,1.5,33,Neurology,77,0.106,All,All,1,4,20.0,29.99,9.99,1.0,2.43,1.43
18,470,7.3,45,Neurology,73,0.115,Email,Email,0,0,18.0,18.11,0.11,3.0,3.37,0.37
46,167,14.6,60,Primary Care,82,0.32,Call,Call,1,2,10.0,16.58,6.58,5.0,5.98,0.98
79,307,19.8,87,Neurology,69,0.321,Email,Email,1,2,12.0,19.86,7.86,3.0,4.87,1.87
13,136,7.9,51,Primary Care,69,0.746,All,Insights,0,0,21.0,21.48,0.48,4.0,4.12,0.12
9,322,12.2,167,Oncology,79,0.407,Insights,Email,1,2,9.0,11.42,2.42,3.0,3.0,0.0
76,284,1.2,80,Primary Care,71,0.228,Call,Email,0,0,14.0,14.02,0.02,6.0,6.01,0.01
78,76,19.6,86,Oncology,85,0.826,Email,Email,1,1,15.0,19.23,4.23,8.0,8.53,0.53
14,232,1.0,123,Neurology,78,0.439,All,All,0,0,15.0,15.77,0.77,3.0,3.08,0.08
33,53,7.1,115,Cardiology,81,0.762,Call,Call,1,8,13.0,24.72,11.72,4.0,7.92,3.92
51,445,15.3,66,Neurology,73,0.19,Call,Call,0,0,13.0,13.07,0.07,3.0,3.2,0.2
16,353,15.5,62,Primary Care,74,0.284,Email,Email,1,4,11.0,19.56,8.56,4.0,5.51,1.51
27,471,14.9,28,Primary Care,92,0.141,Insights,All,0,0,16.0,16.61,0.61,2.0,2.1,0.1
32,438,11.7,170,Cardiology,88,0.581,Call,Call,1,3,11.0,20.11,9.11,5.0,7.41,2.41
52,110,18.3,191,Neurology,78,0.263,All,All,1,1,15.0,22.02,7.02,2.0,4.13,2.13
25,354,10.3,198,Cardiology,77,0.52,Insights,Insights,0,0,16.0,16.37,0.37,4.0,4.33,0.33
33,51,7.1,115,Primary Care,83,0.092,Email,Email,1,6,21.0,31.41,10.41,3.0,5.66,2.66
24,481,5.7,177,Oncology,78,0.757,Insights,Insights,0,0,16.0,16.02,0.02,5.0,5.69,0.69
61,393,5.4,66,Neurology,84,0.408,Email,Email,1,2,13.0,19.47,6.47,5.0,7.26,2.26
13,341,7.9,51,Cardiology,79,0.146,Email,Insights,1,2,12.0,15.98,3.98,3.0,3.82,0.82
19,498,12.9,81,Oncology,69,0.581,Insights,Email,1,2,11.0,14.95,3.95,5.0,5.79,0.79
20,424,4.7,153,Neurology,81,0.381,Email,Email,0,0,13.0,13.59,0.59,7.0,7.2,0.2
73,432,9.5,80,Cardiology,82,0.379,All,All,0,0,14.0,14.07,0.07,2.0,2.04,0.04
76,51,1.2,80,Primary Care,83,0.092,Insights,Insights,0,0,15.0,15.09,0.09,5.0,5.38,0.38
41,12,8.8,52,Neurology,80,0.218,Email,Email,1,2,8.0,13.17,5.17,5.0,6.58,1.58
13,481,7.9,51,Oncology,78,0.757,All,All,0,0,17.0,17.55,0.55,5.0,5.11,0.11
61,126,5.4,66,Oncology,82,0.333,Insights,Insights,0,0,15.0,15.3,0.3,2.0,2.05,0.05
40,214,4.2,152,Primary Care,80,0.677,Email,Email,1,3,13.0,20.56,7.56,4.0,6.53,2.53
68,22,3.4,153,Primary Care,76,0.2,Insights,Insights,0,0,18.0,18.8,0.8,2.0,2.07,0.07
29,312,12.2,174,Neurology,66,0.714,All,Call,1,2,8.0,14.5,6.5,5.0,6.24,1.24
80,411,5.0,190,Cardiology,82,0.642,Call,Call,0,0,8.0,8.66,0.66,6.0,6.29,0.29
65,421,4.0,150,Primary Care,82,0.174,Call,Call,1,2,13.0,16.39,3.39,4.0,5.15,1.15
18,291,7.3,45,Primary Care,79,0.27,Call,Call,1,1,16.0,20.48,4.48,4.0,5.11,1.11
59,331,17.8,73,Oncology,80,0.49,Call,All,1,4,19.0,24.88,5.88,5.0,6.18,1.18
23,257,8.9,67,Neurology,92,0.677,Email,Email,1,6,15.0,26.89,11.89,3.0,5.7,2.7
28,224,19.3,22,Neurology,77,0.28,Insights,Email,1,4,21.0,25.25,4.25,2.0,3.12,1.12
21,278,6.0,31,Oncology,76,0.244,All,All,1,3,21.0,27.95,6.95,2.0,4.38,2.38
55,468,12.2,128,Primary Care,86,0.101,All,All,0,0,9.0,9.7,0.7,4.0,4.05,0.05
22,127,19.0,38,Cardiology,63,0.593,Email,Email,1,0,27.0,32.82,5.82,3.0,4.82,1.82
52,236,18.3,191,Oncology,78,0.503,Call,Call,1,5,17.0,26.61,9.61,7.0,9.17,2.17
47,301,19.6,145,Oncology,79,0.068,Email,Email,1,3,12.0,20.46,8.46,1.0,2.48,1.48
61,286,5.4,66,Neurology,85,0.161,Call,Email,0,0,11.0,11.07,0.07,1.0,1.22,0.22
80,16,5.0,190,Oncology,92,0.61,Insights,Insights,0,0,21.0,21.54,0.54,6.0,6.13,0.13
1,144,18.1,130,Primary Care,71,0.029,Call,Call,0,0,16.0,16.82,0.82,5.0,5.63,0.63
80,324,5.0,190,Neurology,72,0.393,All,Call,1,1,14.0,17.99,3.99,7.0,7.67,0.67
9,348,12.2,167,Oncology,88,0.382,Call,Call,0,0,8.0,8.44,0.44,3.0,3.16,0.16
43,368,9.7,154,Cardiology,83,0.162,Insights,Insights,0,0,10.0,10.43,0.43,3.0,3.25,0.25
28,496,19.3,22,Cardiology,78,0.351,All,Insights,1,1,9.0,14.1,5.1,5.0,5.69,0.69
52,337,18.3,191,Primary Care,80,0.413,Insights,Insights,1,3,7.0,14.76,7.76,1.0,3.83,2.83
58,290,14.5,120,Primary Care,89,0.269,All,Call,0,0,14.0,14.28,0.28,2.0,2.26,0.26
69,167,19.6,188,Primary Care,82,0.32,All,Insights,1,2,12.0,18.29,6.29,5.0,7.01,2.01
33,186,7.1,115,Cardiology,82,0.35,Insights,Insights,1,3,15.0,22.39,7.39,5.0,6.33,1.33
75,414,10.3,91,Primary Care,80,0.738,Call,Insights,1,1,20.0,24.91,4.91,2.0,2.49,0.49
26,235,8.4,99,Primary Care,72,0.151,Call,Call,1,2,15.0,19.27,4.27,2.0,3.65,1.65
17,358,14.5,38,Neurology,85,0.659,All,Call,0,0,8.0,8.02,0.02,1.0,1.06,0.06
31,63,7.9,33,Neurology,69,0.409,Email,Email,1,8,16.0,28.94,12.94,2.0,5.87,3.87
43,65,9.7,154,Cardiology,87,0.215,All,All,1,5,15.0,24.85,9.85,5.0,6.78,1.78
54,108,18.8,54,Primary Care,76,0.337,Call,Email,1,4,14.0,20.87,6.87,7.0,9.89,2.89
67,98,8.8,42,Primary Care,84,0.947,All,Call,1,3,21.0,28.49,7.49,3.0,5.83,2.83
18,304,7.3,45,Neurology,89,0.269,Call,Call,0,0,21.0,21.93,0.93,2.0,2.27,0.27
25,319,10.3,198,Cardiology,76,0.391,All,All,0,0,22.0,22.36,0.36,4.0,4.11,0.11
76,279,1.2,80,Cardiology,75,0.657,Email,Email,1,4,16.0,26.05,10.05,2.0,4.26,2.26
36,145,9.2,60,Primary Care,81,0.259,Call,Email,1,7,16.0,24.34,8.34,3.0,4.37,1.37
20,289,4.7,153,Neurology,87,0.352,All,All,1,6,17.0,26.0,9.0,2.0,4.08,2.08
79,60,19.8,87,Neurology,96,0.578,Call,Call,1,2,11.0,18.68,7.68,3.0,3.92,0.92
36,237,9.2,60,Primary Care,69,0.497,Call,Call,0,0,9.0,9.06,0.06,9.0,9.09,0.09
79,78,19.8,87,Oncology,75,0.333,All,Call,0,0,18.0,18.35,0.35,5.0,5.06,0.06
74,39,19.7,62,Oncology,77,0.367,All,Call,1,2,15.0,22.15,7.15,3.0,4.21,1.21
73,83,9.5,80,Oncology,83,0.469,Email,Call,0,0,12.0,12.23,0.23,3.0,3.05,0.05
47,56,19.6,145,Cardiology,82,0.258,Insights,Insights,0,0,18.0,19.02,1.02,4.0,4.03,0.03
64,239,18.8,49,Cardiology,88,0.392,Email,Email,0,0,13.0,14.43,1.43,6.0,6.14,0.14
77,273,5.6,150,Neurology,77,0.662,Email,Email,0,0,19.0,19.26,0.26,3.0,3.03,0.03
22,304,19.0,38,Neurology,89,0.269,Insights,Insights,0,0,14.0,14.0,0.0,7.0,7.02,0.02
4,220,15.7,136,Cardiology,75,0.559,Email,Email,1,6,12.0,20.61,8.61,6.0,9.83,3.83
26,89,8.4,99,Primary Care,91,0.808,Call,Email,1,1,16.0,20.41,4.41,3.0,3.84,0.84
51,11,15.3,66,Primary Care,81,0.098,Call,Call,0,0,9.0,9.55,0.55,5.0,5.24,0.24
44,357,18.7,26,Primary Care,73,0.27,All,Call,1,4,22.0,28.62,6.62,3.0,5.26,2.26
7,492,16.5,42,Primary Care,84,0.109,Insights,Insights,0,0,16.0,16.73,0.73,8.0,8.81,0.81
45,141,5.0,150,Cardiology,68,0.434,Email,Email,1,1,19.0,23.83,4.83,8.0,9.2,1.2
14,103,1.0,123,Cardiology,67,0.095,All,All,1,5,19.0,26.69,7.69,3.0,5.23,2.23
41,156,8.8,52,Cardiology,82,0.277,All,Insights,0,0,18.0,18.42,0.42,6.0,6.05,0.05
47,108,19.6,145,Primary Care,76,0.337,Call,Call,1,3,14.0,21.17,7.17,3.0,5.27,2.27
51,112,15.3,66,Neurology,67,0.565,All,Email,1,5,11.0,19.07,8.07,3.0,6.31,3.31
34,248,1.0,82,Cardiology,80,0.411,Call,Call,1,2,15.0,22.97,7.97,1.0,3.12,2.12
33,393,7.1,115,Neurology,84,0.408,Call,Call,0,0,14.0,14.31,0.31,7.0,7.25,0.25
55,357,12.2,128,Primary Care,73,0.27,Call,Call,1,3,16.0,23.48,7.48,4.0,6.28,2.28
60,480,13.3,137,Primary Care,86,0.362,Email,Email,0,0,8.0,8.25,0.25,5.0,5.21,0.21
65,179,4.0,150,Cardiology,81,0.096,Insights,Email,1,2,13.0,16.66,3.66,7.0,7.33,0.33
27,247,14.9,28,Oncology,76,0.846,Insights,Insights,0,0,14.0,15.48,1.48,3.0,3.16,0.16
34,191,1.0,82,Cardiology,92,0.145,All,All,1,1,11.0,16.01,5.01,5.0,5.84,0.84
27,22,14.9,28,Primary Care,76,0.2,Email,Email,0,0,13.0,13.37,0.37,4.0,4.09,0.09
43,195,9.7,154,Primary Care,84,0.33,Email,Email,1,0,17.0,21.16,4.16,2.0,3.38,1.38
11,131,14.7,189,Neurology,69,0.687,Call,Call,1,3,13.0,20.23,7.23,1.0,2.53,1.53
35,240,17.5,101,Primary Care,61,0.169,Email,Email,1,2,20.0,24.55,4.55,4.0,6.38,2.38
16,80,15.5,62,Neurology,78,0.356,All,All,0,0,20.0,21.12,1.12,7.0,7.54,0.54
43,371,9.7,154,Oncology,79,0.598,All,Insights,1,1,14.0,20.64,6.64,6.0,7.9,1.9
69,422,19.6,188,Cardiology,88,0.557,All,Email,1,6,13.0,21.6,8.6,4.0,6.7,2.7
79,481,19.8,87,Oncology,78,0.757,All,Call,1,1,16.0,18.49,2.49,3.0,4.2,1.2
36,43,9.2,60,Neurology,74,0.559,Email,Email,0,0,9.0,10.2,1.2,6.0,6.16,0.16
5,59,14.3,123,Cardiology,77,0.309,Email,Email,0,0,16.0,16.15,0.15,4.0,4.34,0.34
19,484,12.9,81,Oncology,81,0.394,Call,Email,1,7,10.0,16.65,6.65,2.0,3.83,1.83
9,425,12.2,167,Cardiology,86,0.128,All,Email,1,4,11.0,19.19,8.19,3.0,4.22,1.22
61,295,5.4,66,Primary Care,84,0.131,Call,Call,1,6,11.0,21.57,10.57,5.0,8.34,3.34
79,161,19.8,87,Primary Care,69,0.591,Email,Insights,1,1,19.0,21.42,2.42,3.0,3.71,0.71
45,259,5.0,150,Cardiology,78,0.458,Insights,Insights,1,1,19.0,26.19,7.19,4.0,6.24,2.24
15,268,5.6,103,Cardiology,86,0.264,Email,Email,0,0,10.0,10.04,0.04,3.0,3.05,0.05
2,424,6.3,75,Neurology,81,0.381,Insights,All,1,0,17.0,19.44,2.44,4.0,4.41,0.41
79,265,19.8,87,Cardiology,79,0.42,Email,Email,1,2,16.0,23.56,7.56,1.0,1.56,0.56
26,14,8.4,99,Neurology,97,0.519,Insights,All,1,3,10.0,11.03,1.03,3.0,4.27,1.27
9,350,12.2,167,Neurology,82,0.491,Call,Call,1,1,14.0,19.76,5.76,4.0,5.27,1.27
15,389,5.6,103,Oncology,80,0.152,All,Call,0,0,17.0,17.76,0.76,5.0,5.17,0.17
21,150,6.0,31,Neurology,72,0.618,All,Insights,0,0,15.0,15.02,0.02,5.0,5.24,0.24
53,59,14.4,171,Cardiology,77,0.309,Email,Email,0,0,19.0,20.12,1.12,6.0,6.1,0.1
72,72,5.3,163,Cardiology,87,0.334,All,All,1,6,18.0,27.77,9.77,5.0,7.96,2.96
23,421,8.9,67,Primary Care,82,0.174,All,Insights,0,0,16.0,16.21,0.21,2.0,2.08,0.08
55,224,12.2,128,Neurology,77,0.28,Insights,Insights,0,0,10.0,11.15,1.15,3.0,3.03,0.03
6,265,11.4,159,Cardiology,79,0.42,All,Call,0,0,19.0,19.29,0.29,1.0,1.15,0.15
1,481,18.1,130,Oncology,78,0.757,All,All,1,3,11.0,18.17,7.17,4.0,5.41,1.41
5,31,14.3,123,Cardiology,78,0.376,Email,Email,1,2,13.0,19.5,6.5,8.0,9.3,1.3
74,103,19.7,62,Cardiology,67,0.095,Call,Call,0,0,14.0,14.1,0.1,5.0,5.79,0.79
47,417,19.6,145,Oncology,73,0.794,Call,Call,0,0,20.0,20.0,0.0,4.0,4.36,0.36
65,271,4.0,150,Neurology,87,0.401,Insights,Email,1,1,18.0,21.73,3.73,5.0,5.0,0.0
2,14,6.3,75,Neurology,97,0.519,All,Email,0,0,10.0,10.9,0.9,2.0,2.14,0.14
2,352,6.3,75,Oncology,76,0.756,Insights,Email,0,0,20.0,20.76,0.76,1.0,1.31,0.31
68,70,3.4,153,Primary Care,76,0.115,Call,Call,0,0,17.0,17.4,0.4,7.0,7.09,0.09
9,392,12.2,167,Primary Care,77,0.126,All,Call,1,2,17.0,25.48,8.48,4.0,5.65,1.65
13,399,7.9,51,Cardiology,77,0.525,All,All,1,2,21.0,29.54,8.54,5.0,5.77,0.77
42,413,17.0,101,Neurology,79,0.576,Call,Call,0,0,7.0,7.66,0.66,2.0,2.07,0.07
49,233,14.2,24,Neurology,77,0.726,All,Email,1,2,22.0,28.36,6.36,2.0,2.97,0.97
19,134,12.9,81,Neurology,80,0.588,Call,Call,0,0,15.0,16.19,1.19,2.0,3.14,1.14
36,441,9.2,60,Oncology,82,0.069,Insights,All,1,4,19.0,23.59,4.59,4.0,5.23,1.23
54,280,18.8,54,Cardiology,73,0.54,Call,Call,1,2,21.0,26.16,5.16,4.0,5.39,1.39
36,318,9.2,60,Oncology,73,0.571,All,Call,0,0,10.0,10.35,0.35,4.0,4.16,0.16
31,69,7.9,33,Oncology,71,0.226,Call,Call,1,1,9.0,13.73,4.73,1.0,2.37,1.37
6,312,11.4,159,Neurology,66,0.714,Call,Call,1,2,17.0,21.63,4.63,4.0,4.41,0.41
37,291,10.3,187,Primary Care,79,0.27,Insights,Insights,0,0,12.0,12.22,0.22,5.0,5.03,0.03
65,147,4.0,150,Cardiology,86,0.24,All,All,0,0,13.0,13.02,0.02,2.0,2.06,0.06
51,384,15.3,66,Oncology,93,0.521,Email,Email,0,0,19.0,19.52,0.52,5.0,5.07,0.07
72,67,5.3,163,Oncology,87,0.465,Email,Email,1,3,16.0,22.95,6.95,7.0,8.59,1.59
11,360,14.7,189,Oncology,81,0.298,All,All,0,0,17.0,17.81,0.81,6.0,6.58,0.58
1,481,18.1,130,Oncology,78,0.757,All,Call,1,5,15.0,24.45,9.45,3.0,6.28,3.28
44,284,18.7,26,Primary Care,71,0.228,Call,Call,1,3,12.0,19.16,7.16,3.0,5.14,2.14
15,53,5.6,103,Cardiology,81,0.762,Call,Call,1,4,15.0,22.38,7.38,2.0,4.62,2.62
48,277,11.4,109,Neurology,67,0.525,Call,All,1,4,12.0,17.1,5.1,2.0,3.49,1.49
73,265,9.5,80,Cardiology,79,0.42,Insights,All,1,3,24.0,28.57,4.57,3.0,3.47,0.47
27,277,14.9,28,Neurology,67,0.525,Insights,Insights,1,0,19.0,22.88,3.88,4.0,5.27,1.27
44,137,18.7,26,Cardiology,70,0.134,All,Call,0,0,14.0,15.44,1.44,1.0,1.08,0.08
55,314,12.2,128,Primary Care,80,0.738,Email,Email,0,0,16.0,17.61,1.61,5.0,5.35,0.35
13,133,7.9,51,Oncology,88,0.176,All,Call,1,6,11.0,22.62,11.62,3.0,5.86,2.86
72,279,5.3,163,Cardiology,75,0.657,Email,Email,0,0,14.0,14.03,0.03,7.0,7.29,0.29
17,298,14.5,38,Oncology,79,0.701,All,Call,1,3,18.0,25.38,7.38,4.0,5.4,1.4
65,323,4.0,150,Cardiology,79,0.305,Email,Email,0,0,16.0,16.77,0.77,6.0,6.01,0.01
53,399,14.4,171,Cardiology,77,0.525,Email,Email,1,2,20.0,26.79,6.79,1.0,2.9,1.9
12,442,13.9,58,Neurology,86,0.281,Email,Email,0,0,10.0,10.09,0.09,3.0,3.49,0.49
58,389,14.5,120,Oncology,80,0.152,Email,All,1,10,13.0,21.75,8.75,1.0,3.84,2.84
16,398,15.5,62,Cardiology,83,0.425,Call,Call,1,1,15.0,19.37,4.37,3.0,3.63,0.63
48,435,11.4,109,Oncology,85,0.598,Insights,Insights,1,0,18.0,20.75,2.75,4.0,5.41,1.41
77,122,5.6,150,Neurology,82,0.76,All,All,1,4,14.0,23.35,9.35,7.0,9.56,2.56
77,147,5.6,150,Cardiology,86,0.24,Insights,Insights,0,0,15.0,15.1,0.1,4.0,4.09,0.09
70,267,9.1,60,Primary Care,84,0.157,Insights,Insights,1,0,16.0,21.24,5.24,6.0,6.59,0.59
40,233,4.2,152,Neurology,77,0.726,Call,Call,1,3,13.0,22.86,9.86,5.0,7.27,2.27
45,352,5.0,150,Oncology,76,0.756,All,Call,1,3,18.0,26.59,8.59,5.0,6.9,1.9
25,5,10.3,198,Primary Care,67,0.622,Email,Email,1,4,16.0,22.17,6.17,5.0,7.32,2.32
74,70,19.7,62,Primary Care,76,0.115,Call,Call,0,0,16.0,16.04,0.04,2.0,2.26,0.26
39,374,16.9,55,Oncology,77,0.751,Email,Email,1,2,21.0,27.91,6.91,5.0,5.99,0.99
62,411,11.3,183,Cardiology,82,0.642,Email,Email,0,0,20.0,20.39,0.39,3.0,3.0,0.0
29,152,12.2,174,Cardiology,87,0.604,Insights,Insights,1,0,7.0,13.26,6.26,2.0,3.17,1.17
60,156,13.3,137,Cardiology,82,0.277,Email,Email,1,2,14.0,19.68,5.68,6.0,6.88,0.88
18,281,7.3,45,Primary Care,65,0.633,Email,Email,0,0,11.0,11.14,0.14,4.0,4.01,0.01
59,239,17.8,73,Cardiology,88,0.392,All,Call,0,0,12.0,12.16,0.16,7.0,7.06,0.06
4,85,15.7,136,Primary Care,100,0.396,Email,Email,1,3,17.0,26.76,9.76,6.0,7.58,1.58
9,251,12.2,167,Primary Care,90,0.67,Insights,Insights,1,2,17.0,23.74,6.74,8.0,9.74,1.74
29,410,12.2,174,Neurology,93,0.263,Call,Call,0,0,23.0,23.01,0.01,0.0,0.03,0.03
39,365,16.9,55,Primary Care,94,0.448,All,Call,1,2,16.0,22.13,6.13,1.0,2.96,1.96
57,409,6.8,128,Primary Care,87,0.647,All,Email,0,0,13.0,13.87,0.87,6.0,6.1,0.1
29,322,12.2,174,Oncology,79,0.407,Email,Email,1,4,17.0,26.15,9.15,7.0,9.97,2.97
2,439,6.3,75,Cardiology,74,0.493,All,All,1,3,12.0,16.95,4.95,3.0,5.58,2.58
27,125,14.9,28,Neurology,79,0.505,Call,Insights,1,1,12.0,15.88,3.88,5.0,6.23,1.23
36,23,9.2,60,Cardiology,88,0.417,Call,Insights,1,6,6.0,15.03,9.03,1.0,3.97,2.97
44,58,18.7,26,Neurology,80,0.07,Insights,Insights,0,0,21.0,22.17,1.17,3.0,3.36,0.36
52,497,18.3,191,Oncology,60,0.533,All,All,1,3,19.0,23.98,4.98,2.0,4.29,2.29
20,321,4.7,153,Oncology,80,0.224,Call,Call,1,2,20.0,26.13,6.13,3.0,5.47,2.47
49,124,14.2,24,Cardiology,64,0.774,Call,Call,1,2,18.0,22.91,4.91,4.0,5.37,1.37
51,428,15.3,66,Neurology,76,0.716,Email,Insights,1,2,12.0,15.52,3.52,2.0,2.6,0.6
63,155,15.4,190,Primary Care,70,0.546,Insights,Email,0,0,16.0,16.03,0.03,5.0,5.3,0.3
42,299,17.0,101,Oncology,81,0.553,All,All,1,5,11.0,19.3,8.3,7.0,9.46,2.46
65,125,4.0,150,Neurology,79,0.505,Call,Call,1,1,9.0,13.79,4.79,7.0,8.75,1.75
18,48,7.3,45,Neurology,89,0.023,All,Call,0,0,12.0,12.26,0.26,5.0,5.05,0.05
57,134,6.8,128,Neurology,80,0.588,Email,Call,1,1,13.0,14.05,1.05,10.0,10.34,0.34
4,115,15.7,136,Oncology,61,0.56,All,All,0,0,17.0,17.24,0.24,4.0,4.19,0.19
9,277,12.2,167,Neurology,67,0.525,All,All,1,6,11.0,18.07,7.07,2.0,4.04,2.04
70,11,9.1,60,Primary Care,81,0.098,Insights,Email,1,1,8.0,9.22,1.22,5.0,5.95,0.95
39,120,16.9,55,Primary Care,76,0.259,Email,Email,1,2,9.0,15.07,6.07,3.0,3.66,0.66
50,284,8.5,157,Primary Care,71,0.228,Call,Insights,0,0,12.0,12.56,0.56,5.0,5.39,0.39
49,197,14.2,24,Primary Care,70,0.318,Email,Email,1,3,11.0,16.47,5.47,7.0,8.31,1.31
56,318,12.0,85,Oncology,73,0.571,Insights,Insights,1,1,18.0,21.81,3.81,2.0,2.93,0.93
20,328,4.7,153,Cardiology,83,0.37,All,Email,1,2,14.0,17.79,3.79,4.0,5.6,1.6
15,483,5.6,103,Oncology,85,0.557,Call,Call,1,2,7.0,14.08,7.08,4.0,6.73,2.73
4,419,15.7,136,Cardiology,81,0.451,Email,Email,1,0,12.0,16.17,4.17,5.0,6.35,1.35
70,115,9.1,60,Oncology,61,0.56,Call,Call,0,0,18.0,18.79,0.79,1.0,1.38,0.38
18,347,7.3,45,Primary Care,75,0.174,Insights,Insights,1,4,14.0,20.0,6.0,5.0,7.16,2.16
47,314,19.6,145,Primary Care,80,0.738,Insights,Call,1,2,16.0,21.0,5.0,4.0,4.62,0.62
37,298,10.3,187,Oncology,79,0.701,Email,Email,0,0,16.0,16.36,0.36,4.0,4.05,0.05
13,400,7.9,51,Neurology,85,0.085,All,Insights,1,1,13.0,19.6,6.6,3.0,4.56,1.56
34,74,1.0,82,Cardiology,89,0.492,Email,Email,1,4,18.0,25.62,7.62,7.0,8.93,1.93
7,188,16.5,42,Cardiology,91,0.228,Insights,Insights,0,0,11.0,11.13,0.13,5.0,5.31,0.31
15,409,5.6,103,Primary Care,87,0.647,Call,Call,1,2,13.0,18.25,5.25,2.0,3.84,1.84
12,447,13.9,58,Cardiology,89,0.063,Email,Email,1,2,14.0,21.89,7.89,3.0,4.61,1.61
66,19,3.4,187,Primary Care,65,0.675,Insights,Insights,1,2,14.0,17.82,3.82,4.0,5.68,1.68
46,236,14.6,60,Oncology,78,0.503,Insights,Insights,1,1,9.0,14.51,5.51,5.0,6.54,1.54
75,133,10.3,91,Oncology,88,0.176,Call,Call,0,0,11.0,12.02,1.02,3.0,3.81,0.81
35,84,17.5,101,Cardiology,89,0.343,All,All,0,0,16.0,16.02,0.02,2.0,2.03,0.03
17,29,14.5,38,Oncology,75,0.618,Insights,Insights,1,1,13.0,18.94,5.94,7.0,7.6,0.6
49,270,14.2,24,Primary Care,86,0.471,Call,Call,1,4,21.0,27.75,6.75,6.0,8.38,2.38
75,334,10.3,91,Oncology,87,0.118,All,Call,1,1,17.0,23.02,6.02,6.0,8.51,2.51
43,266,9.7,154,Neurology,93,0.138,All,Call,1,5,19.0,30.01,11.01,5.0,7.85,2.85
2,185,6.3,75,Cardiology,94,0.671,Email,Email,0,0,9.0,9.12,0.12,7.0,7.71,0.71
25,386,10.3,198,Cardiology,87,0.372,All,All,1,4,15.0,24.22,9.22,7.0,10.81,3.81
74,327,19.7,62,Neurology,80,0.283,All,Email,0,0,14.0,14.32,0.32,5.0,5.13,0.13
42,455,17.0,101,Cardiology,81,0.852,Email,Email,1,2,13.0,18.05,5.05,3.0,4.49,1.49
77,174,5.6,150,Neurology,102,0.101,Insights,Insights,1,0,17.0,20.31,3.31,2.0,2.99,0.99
41,120,8.8,52,Primary Care,76,0.259,Email,Email,0,0,10.0,10.16,0.16,6.0,6.02,0.02
1,228,18.1,130,Cardiology,78,0.41,Insights,Insights,1,1,16.0,19.62,3.62,6.0,8.03,2.03
70,254,9.1,60,Oncology,81,0.098,All,Call,1,1,14.0,20.68,6.68,5.0,6.41,1.41
62,229,11.3,183,Primary Care,81,0.425,Call,Call,0,0,16.0,16.94,0.94,2.0,2.26,0.26
58,417,14.5,120,Oncology,73,0.794,Insights,Insights,1,0,7.0,11.69,4.69,2.0,3.05,1.05
78,23,19.6,86,Cardiology,88,0.417,Email,Email,1,2,16.0,21.48,5.48,2.0,3.1,1.1
16,264,15.5,62,Primary Care,85,0.184,Insights,Email,0,0,15.0,17.05,2.05,8.0,8.07,0.07
73,216,9.5,80,Neurology,88,0.684,All,Call,1,3,17.0,26.35,9.35,4.0,4.41,0.41
19,106,12.9,81,Cardiology,97,0.804,Email,Email,1,2,16.0,24.74,8.74,9.0,10.51,1.51
78,321,19.6,86,Oncology,80,0.224,Insights,Insights,1,0,14.0,18.32,4.32,1.0,2.38,1.38
16,401,15.5,62,Primary Care,88,0.017,Call,Call,1,3,18.0,25.17,7.17,4.0,5.66,1.66
45,274,5.0,150,Primary Care,79,0.327,All,Insights,1,0,9.0,11.89,2.89,6.0,6.0,0.0
64,43,18.8,49,Neurology,74,0.559,All,All,1,1,21.0,27.15,6.15,3.0,4.14,1.14
7,38,16.5,42,Oncology,84,0.363,Insights,Insights,1,4,9.0,17.19,8.19,4.0,6.09,2.09
6,211,11.4,159,Cardiology,92,0.527,Call,Call,1,5,12.0,23.77,11.77,4.0,7.56,3.56
68,335,3.4,153,Neurology,87,0.039,Insights,Insights,0,0,16.0,16.3,0.3,1.0,1.32,0.32
5,157,14.3,123,Oncology,85,0.547,Insights,Insights,1,3,17.0,23.72,6.72,3.0,4.75,1.75
50,155,8.5,157,Primary Care,70,0.546,Insights,Insights,0,0,15.0,15.08,0.08,3.0,3.46,0.46
76,431,1.2,80,Oncology,61,0.102,Insights,Insights,0,0,19.0,19.25,0.25,5.0,5.03,0.03
50,8,8.5,157,Oncology,84,0.211,All,Insights,0,0,14.0,14.62,0.62,6.0,6.0,0.0
39,40,16.9,55,Oncology,81,0.522,Email,Email,1,4,13.0,21.03,8.03,2.0,4.42,2.42
34,78,1.0,82,Oncology,75,0.333,Email,Email,1,6,22.0,33.41,11.41,3.0,6.18,3.18
52,492,18.3,191,Primary Care,84,0.109,All,All,0,0,13.0,13.06,0.06,5.0,5.07,0.07
46,249,14.6,60,Oncology,95,0.217,Email,Email,1,5,9.0,19.48,10.48,1.0,4.2,3.2
41,80,8.8,52,Neurology,78,0.356,All,Email,1,0,15.0,17.83,2.83,4.0,4.92,0.92
13,156,7.9,51,Cardiology,82,0.277,Insights,Insights,1,2,8.0,13.88,5.88,3.0,4.55,1.55
54,485,18.8,54,Oncology,95,0.015,All,All,1,2,19.0,24.12,5.12,5.0,6.71,1.71
60,348,13.3,137,Oncology,88,0.382,Insights,Insights,1,1,13.0,19.87,6.87,3.0,4.36,1.36
57,112,6.8,128,Neurology,67,0.565,All,Insights,1,1,12.0,17.38,5.38,4.0,4.99,0.99
7,121,16.5,42,Primary Care,71,0.265,All,All,1,4,18.0,25.97,7.97,4.0,5.82,1.82
57,38,6.8,128,Oncology,84,0.363,Insights,Insights,0,0,13.0,14.61,1.61,5.0,5.02,0.02
59,387,17.8,73,Neurology,69,0.094,Call,Call,1,0,15.0,20.67,5.67,7.0,7.62,0.62
15,69,5.6,103,Oncology,71,0.226,Email,Email,1,4,21.0,31.81,10.81,2.0,4.78,2.78
68,144,3.4,153,Primary Care,71,0.029,Call,Call,0,0,16.0,16.96,0.96,6.0,6.05,0.05
42,175,17.0,101,Oncology,86,0.074,All,Insights,1,3,14.0,21.53,7.53,4.0,6.37,2.37
38,311,2.6,161,Primary Care,74,0.685,Call,Email,0,0,18.0,18.42,0.42,11.0,11.08,0.08
58,304,14.5,120,Neurology,89,0.269,All,Email,1,5,9.0,20.85,11.85,1.0,2.78,1.78
41,400,8.8,52,Neurology,85,0.085,Insights,Insights,1,2,18.0,25.48,7.48,5.0,6.3,1.3
44,149,18.7,26,Neurology,68,0.531,Call,Call,1,6,19.0,29.15,10.15,4.0,7.27,3.27
25,193,10.3,198,Cardiology,65,0.598,All,All,0,0,15.0,15.01,0.01,7.0,7.05,0.05
75,195,10.3,91,Primary Care,84,0.33,Email,Insights,1,2,11.0,15.49,4.49,4.0,6.02,2.02
78,24,19.6,86,Primary Care,92,0.605,Insights,Email,1,2,22.0,23.94,1.94,3.0,5.26,2.26
11,369,14.7,189,Oncology,91,0.499,Call,Call,1,2,13.0,21.12,8.12,6.0,8.01,2.01
59,268,17.8,73,Cardiology,86,0.264,Email,Email,0,0,16.0,16.77,0.77,1.0,1.29,0.29
2,238,6.3,75,Cardiology,63,0.275,Email,Email,1,2,19.0,24.43,5.43,3.0,4.15,1.15
30,498,12.2,100,Oncology,69,0.581,Insights,Insights,0,0,25.0,25.82,0.82,6.0,6.36,0.36
78,90,19.6,86,Neurology,69,0.307,Email,Email,1,5,14.0,22.26,8.26,2.0,4.0,2.0
14,485,1.0,123,Oncology,95,0.015,All,Call,0,0,16.0,16.37,0.37,5.0,5.09,0.09
31,341,7.9,33,Cardiology,79,0.146,Insights,Insights,0,0,19.0,19.07,0.07,1.0,1.14,0.14
18,111,7.3,45,Cardiology,80,0.346,Email,Email,1,3,19.0,25.53,6.53,9.0,11.07,2.07
59,340,17.8,73,Primary Care,74,0.612,Call,Call,0,0,13.0,13.39,0.39,0.0,0.43,0.43
38,378,2.6,161,Primary Care,84,0.084,Email,Email,0,0,20.0,20.11,0.11,4.0,4.21,0.21
48,182,11.4,109,Neurology,70,0.403,All,Call,1,2,13.0,16.95,3.95,3.0,4.02,1.02
76,173,1.2,80,Primary Care,82,0.83,Insights,Insights,1,3,19.0,24.98,5.98,2.0,4.09,2.09
42,418,17.0,101,Cardiology,83,0.342,Email,Email,1,2,21.0,28.39,7.39,3.0,5.21,2.21
59,81,17.8,73,Cardiology,93,0.439,Insights,Insights,0,0,14.0,14.09,0.09,10.0,10.1,0.1
8,7,17.0,116,Cardiology,78,0.528,Call,Call,1,4,12.0,18.23,6.23,2.0,4.89,2.89
18,333,7.3,45,Cardiology,78,0.618,Insights,Email,0,0,11.0,11.87,0.87,8.0,8.65,0.65
76,454,1.2,80,Cardiology,84,0.267,Email,Email,1,1,12.0,17.03,5.03,2.0,2.78,0.78
69,251,19.6,188,Primary Care,90,0.67,Email,Email,0,0,15.0,16.2,1.2,4.0,4.27,0.27
53,68,14.4,171,Primary Care,67,0.536,Call,Call,1,4,16.0,25.15,9.15,3.0,4.09,1.09
31,270,7.9,33,Primary Care,86,0.471,Insights,Insights,0,0,18.0,18.05,0.05,1.0,1.37,0.37
16,126,15.5,62,Oncology,82,0.333,Insights,Insights,1,1,14.0,21.06,7.06,7.0,7.65,0.65
69,414,19.6,188,Primary Care,80,0.738,Call,Call,0,0,16.0,16.1,0.1,6.0,6.3,0.3
63,307,15.4,190,Neurology,69,0.321,Email,Email,0,0,15.0,15.01,0.01,3.0,3.29,0.29
20,169,4.7,153,Neurology,85,0.207,Insights,Insights,1,2,20.0,27.09,7.09,2.0,2.51,0.51
48,313,11.4,109,Primary Care,78,0.792,Email,All,0,0,11.0,11.15,0.15,3.0,3.03,0.03
50,334,8.5,157,Oncology,87,0.118,Insights,Insights,0,0,14.0,14.84,0.84,4.0,4.42,0.42
39,340,16.9,55,Primary Care,74,0.612,Call,Call,1,2,14.0,21.29,7.29,1.0,3.03,2.03
75,184,10.3,91,Neurology,88,0.178,Email,Call,1,3,15.0,18.4,3.4,1.0,1.93,0.93
10,286,19.4,180,Neurology,85,0.161,Insights,Insights,1,2,7.0,12.43,5.43,5.0,6.5,1.5
21,22,6.0,31,Primary Care,76,0.2,Email,Email,1,2,9.0,14.87,5.87,2.0,4.04,2.04
8,202,17.0,116,Oncology,69,0.55,Insights,All,0,0,15.0,15.61,0.61,1.0,1.14,0.14
56,190,12.0,85,Primary Care,84,0.621,Email,Email,1,5,14.0,22.24,8.24,10.0,13.09,3.09
52,268,18.3,191,Cardiology,86,0.264,Call,Call,0,0,12.0,12.02,0.02,3.0,3.2,0.2
79,476,19.8,87,Cardiology,89,0.053,Insights,Insights,1,2,20.0,23.98,3.98,5.0,6.6,1.6
44,477,18.7,26,Primary Care,81,0.627,Email,Email,1,1,13.0,20.58,7.58,7.0,8.26,1.26
13,242,7.9,51,Primary Care,74,0.264,Insights,Insights,0,0,19.0,19.91,0.91,4.0,4.02,0.02
37,324,10.3,187,Neurology,72,0.393,All,All,1,4,18.0,26.63,8.63,7.0,9.18,2.18
8,55,17.0,116,Primary Care,85,0.307,All,Email,0,0,17.0,17.62,0.62,7.0,7.21,0.21
54,242,18.8,54,Primary Care,74,0.264,Email,Email,1,4,14.0,18.44,4.44,7.0,9.34,2.34
54,344,18.8,54,Cardiology,99,0.496,Email,Email,1,5,18.0,27.76,9.76,3.0,5.79,2.79
69,342,19.6,188,Oncology,83,0.431,Call,Call,0,0,20.0,20.06,0.06,3.0,3.19,0.19
28,482,19.3,22,Oncology,82,0.164,All,All,1,3,19.0,28.06,9.06,5.0,7.1,2.1
25,234,10.3,198,Neurology,83,0.397,Call,Call,0,0,7.0,8.0,1.0,4.0,4.23,0.23
6,454,11.4,159,Cardiology,84,0.267,Call,Call,1,2,22.0,30.42,8.42,2.0,3.56,1.56
34,490,1.0,82,Cardiology,85,0.564,All,Email,0,0,16.0,16.16,0.16,2.0,2.05,0.05
39,286,16.9,55,Neurology,85,0.161,Email,All,1,2,16.0,20.77,4.77,5.0,6.07,1.07
61,46,5.4,66,Neurology,90,0.647,Insights,Insights,0,0,16.0,16.22,0.22,5.0,5.04,0.04
61,189,5.4,66,Neurology,77,0.106,Call,Call,1,0,14.0,16.49,2.49,5.0,5.65,0.65
12,383,13.9,58,Cardiology,73,0.163,Insights,Email,1,2,12.0,16.6,4.6,4.0,6.31,2.31
23,291,8.9,67,Primary Care,79,0.27,All,Insights,1,3,11.0,17.67,6.67,3.0,4.88,1.88
41,469,8.8,52,Cardiology,82,0.326,Call,Insights,1,3,18.0,24.58,6.58,5.0,5.61,0.61
27,408,14.9,28,Cardiology,85,0.605,Insights,Email,1,1,14.0,15.07,1.07,5.0,5.73,0.73
3,32,1.5,33,Cardiology,67,0.366,Insights,All,1,3,15.0,18.11,3.11,3.0,3.75,0.75
68,431,3.4,153,Oncology,61,0.102,Email,Email,1,3,7.0,14.84,7.84,3.0,4.83,1.83
59,179,17.8,73,Cardiology,81,0.096,All,Call,1,3,13.0,22.82,9.82,3.0,4.97,1.97
42,410,17.0,101,Neurology,93,0.263,All,All,1,5,11.0,22.0,11.0,5.0,7.59,2.59
26,254,8.4,99,Oncology,81,0.098,All,All,0,0,12.0,12.04,0.04,2.0,2.11,0.11
68,228,3.4,153,Cardiology,78,0.41,All,Email,0,0,8.0,8.42,0.42,6.0,6.12,0.12
3,37,1.5,33,Cardiology,84,0.317,Email,Email,1,1,12.0,19.84,7.84,4.0,5.42,1.42
36,60,9.2,60,Neurology,96,0.578,Call,Call,1,4,13.0,22.34,9.34,6.0,8.94,2.94
65,298,4.0,150,Oncology,79,0.701,Call,Call,1,4,16.0,24.98,8.98,4.0,6.01,2.01
77,285,5.6,150,Primary Care,76,0.112,Email,Email,0,0,17.0,17.96,0.96,7.0,7.61,0.61
21,278,6.0,31,Oncology,76,0.244,Call,Email,0,0,12.0,12.09,0.09,4.0,4.14,0.14
53,79,14.4,171,Neurology,91,0.237,Call,Insights,1,3,8.0,13.4,5.4,4.0,4.53,0.53
16,255,15.5,62,Cardiology,84,0.46,Email,Email,1,3,18.0,25.79,7.79,3.0,3.74,0.74
10,31,19.4,180,Cardiology,78,0.376,All,All,1,1,14.0,19.83,5.83,5.0,5.86,0.86
29,73,12.2,174,Primary Care,83,0.365,Email,All,1,1,15.0,15.0,0.0,4.0,4.56,0.56
71,250,11.1,124,Cardiology,91,0.692,Insights,Insights,1,0,12.0,15.13,3.13,4.0,6.22,2.22
56,309,12.0,85,Primary Care,92,0.488,All,Insights,1,2,12.0,17.86,5.86,6.0,7.62,1.62
40,328,4.2,152,Cardiology,83,0.37,Insights,Insights,1,4,20.0,26.17,6.17,3.0,4.87,1.87
23,491,8.9,67,Oncology,61,0.387,Email,Email,1,4,19.0,25.01,6.01,4.0,6.35,2.35
12,428,13.9,58,Neurology,76,0.716,Insights,Insights,1,1,11.0,17.15,6.15,6.0,6.95,0.95
22,190,19.0,38,Primary Care,84,0.621,All,All,1,4,10.0,18.93,8.93,3.0,5.84,2.84
13,392,7.9,51,Primary Care,77,0.126,All,All,1,2,7.0,14.59,7.59,6.0,8.44,2.44
15,48,5.6,103,Neurology,89,0.023,Call,Call,0,0,9.0,9.55,0.55,4.0,4.49,0.49
56,429,12.0,85,Oncology,91,0.722,Email,Email,1,7,16.0,29.51,13.51,2.0,4.22,2.22
11,194,14.7,189,Oncology,77,0.095,Insights,Insights,1,1,25.0,30.17,5.17,9.0,10.13,1.13
4,381,15.7,136,Oncology,76,0.158,Email,Email,1,1,14.0,21.11,7.11,1.0,2.09,1.09
44,486,18.7,26,Neurology,83,0.187,All,All,1,5,19.0,27.59,8.59,4.0,7.52,3.52
23,352,8.9,67,Oncology,76,0.756,Insights,Insights,1,0,19.0,25.03,6.03,5.0,6.13,1.13
37,461,10.3,187,Neurology,93,0.205,All,Email,1,3,15.0,24.09,9.09,3.0,4.71,1.71
12,6,13.9,58,Primary Care,70,0.138,All,All,0,0,17.0,17.09,0.09,1.0,1.04,0.04
17,86,14.5,38,Oncology,83,0.564,Insights,Insights,1,3,21.0,28.33,7.33,7.0,8.81,1.81
36,314,9.2,60,Primary Care,80,0.738,All,Call,1,0,19.0,22.15,3.15,4.0,4.8,0.8
56,271,12.0,85,Neurology,87,0.401,Insights,Insights,1,1,21.0,26.39,5.39,4.0,4.93,0.93
34,61,1.0,82,Neurology,81,0.304,Email,Email,1,3,11.0,15.99,4.99,4.0,6.56,2.56
44,360,18.7,26,Oncology,81,0.298,All,Insights,0,0,21.0,21.35,0.35,2.0,2.09,0.09
42,30,17.0,101,Neurology,91,0.336,Insights,Insights,1,1,12.0,16.78,4.78,5.0,6.64,1.64
22,496,19.0,38,Cardiology,78,0.351,All,All,1,6,20.0,29.56,9.56,2.0,5.06,3.06
23,79,8.9,67,Neurology,91,0.237,Email,Email,1,3,14.0,18.93,4.93,2.0,3.97,1.97
35,223,17.5,101,Oncology,99,0.726,Call,Call,0,0,20.0,21.86,1.86,7.0,7.05,0.05
3,412,1.5,33,Neurology,76,0.38,All,All,1,6,12.0,26.0,14.0,7.0,10.72,3.72
55,258,12.2,128,Oncology,69,0.395,Email,Email,1,1,15.0,18.9,3.9,2.0,2.42,0.42
50,372,8.5,157,Neurology,80,0.372,Insights,Insights,1,1,11.0,17.71,6.71,3.0,4.1,1.1
25,352,10.3,198,Oncology,76,0.756,Insights,Insights,1,1,18.0,21.12,3.12,3.0,4.04,1.04
30,475,12.2,100,Cardiology,80,0.758,Email,Email,1,2,18.0,22.16,4.16,5.0,6.59,1.59
27,232,14.9,28,Neurology,78,0.439,Email,Email,1,3,7.0,14.07,7.07,2.0,3.5,1.5
53,490,14.4,171,Cardiology,85,0.564,All,All,1,4,20.0,28.53,8.53,4.0,5.61,1.61
61,259,5.4,66,Cardiology,78,0.458,Email,Email,1,5,11.0,19.22,8.22,5.0,7.43,2.43
9,447,12.2,167,Cardiology,89,0.063,All,Insights,1,1,12.0,17.38,5.38,4.0,5.85,1.85
34,367,1.0,82,Primary Care,96,0.438,All,Call,1,5,18.0,26.88,8.88,5.0,7.53,2.53
2,67,6.3,75,Oncology,87,0.465,Insights,Insights,0,0,15.0,15.02,0.02,3.0,3.02,0.02
37,322,10.3,187,Oncology,79,0.407,Call,Insights,0,0,10.0,10.43,0.43,4.0,4.22,0.22
20,440,4.7,153,Neurology,80,0.5,Email,Email,1,5,21.0,31.79,10.79,6.0,8.61,2.61
27,65,14.9,28,Cardiology,87,0.215,All,Email,1,4,14.0,20.47,6.47,3.0,5.83,2.83
37,420,10.3,187,Neurology,87,0.385,Email,Email,1,2,18.0,25.06,7.06,5.0,7.22,2.22
26,53,8.4,99,Cardiology,81,0.762,Call,Call,0,0,14.0,14.86,0.86,6.0,6.24,0.24
32,436,11.7,170,Neurology,80,0.202,All,Email,1,4,13.0,20.33,7.33,0.0,3.43,3.43
62,395,11.3,183,Primary Care,82,0.363,Call,Call,1,4,13.0,22.36,9.36,2.0,4.12,2.12
65,76,4.0,150,Oncology,85,0.826,Call,Call,0,0,12.0,12.42,0.42,1.0,1.18,0.18
1,364,18.1,130,Oncology,79,0.603,All,All,1,2,14.0,20.29,6.29,7.0,8.65,1.65
31,59,7.9,33,Cardiology,77,0.309,Email,Insights,1,0,19.0,21.56,2.56,5.0,5.83,0.83
68,285,3.4,153,Primary Care,76,0.112,Email,Email,1,3,17.0,22.67,5.67,3.0,5.08,2.08
43,462,9.7,154,Primary Care,65,0.088,Call,Insights,1,4,16.0,19.1,3.1,5.0,6.99,1.99
17,103,14.5,38,Cardiology,67,0.095,All,All,1,4,18.0,25.18,7.18,3.0,4.78,1.78
48,87,11.4,109,Oncology,82,0.544,All,Insights,0,0,13.0,13.72,0.72,5.0,5.11,0.11
12,212,13.9,58,Cardiology,70,0.076,All,All,1,4,21.0,29.36,8.36,5.0,6.34,1.34
2,185,6.3,75,Cardiology,94,0.671,All,Call,0,0,19.0,19.0,0.0,7.0,7.04,0.04
51,25,15.3,66,Primary Care,87,0.422,Email,Email,1,5,16.0,25.31,9.31,9.0,11.23,2.23
42,228,17.0,101,Cardiology,78,0.41,Insights,All,0,0,12.0,12.38,0.38,3.0,3.37,0.37
61,130,5.4,66,Oncology,88,0.424,Email,Call,0,0,16.0,17.2,1.2,5.0,5.15,0.15
28,63,19.3,22,Neurology,69,0.409,All,All,1,2,14.0,19.39,5.39,2.0,4.31,2.31
69,139,19.6,188,Primary Care,72,0.319,All,Call,0,0,19.0,20.28,1.28,3.0,3.15,0.15
34,11,1.0,82,Primary Care,81,0.098,Call,Call,0,0,23.0,23.13,0.13,3.0,3.43,0.43
60,458,13.3,137,Primary Care,87,0.194,All,Email,1,7,15.0,26.22,11.22,3.0,8.05,5.05
9,498,12.2,167,Oncology,69,0.581,Insights,Insights,0,0,23.0,23.73,0.73,3.0,3.08,0.08
8,184,17.0,116,Neurology,88,0.178,Email,All,1,6,20.0,25.16,5.16,1.0,1.96,0.96
63,439,15.4,190,Cardiology,74,0.493,Insights,Insights,1,2,19.0,26.5,7.5,4.0,4.74,0.74
67,231,8.8,42,Oncology,78,0.528,All,Email,0,0,13.0,13.1,0.1,3.0,3.24,0.24
76,457,1.2,80,Neurology,105,0.438,Call,Call,0,0,5.0,5.05,0.05,3.0,3.19,0.19
26,87,8.4,99,Oncology,82,0.544,Email,Email,1,6,10.0,19.34,9.34,7.0,9.97,2.97
2,143,6.3,75,Neurology,88,0.131,All,Email,0,0,14.0,14.38,0.38,6.0,6.1,0.1
79,370,19.8,87,Neurology,75,0.29,Call,Call,0,0,14.0,15.05,1.05,6.0,6.04,0.04
49,111,14.2,24,Cardiology,80,0.346,Call,Call,1,4,12.0,16.81,4.81,2.0,3.48,1.48
20,412,4.7,153,Neurology,76,0.38,All,All,1,3,15.0,19.45,4.45,7.0,9.43,2.43
62,213,11.3,183,Cardiology,83,0.393,Insights,Insights,1,3,18.0,25.43,7.43,2.0,3.67,1.67
73,202,9.5,80,Oncology,69,0.55,Call,Call,1,0,17.0,18.5,1.5,1.0,1.58,0.58
23,227,8.9,67,Cardiology,83,0.278,Email,Email,1,4,11.0,17.05,6.05,1.0,4.12,3.12
62,399,11.3,183,Cardiology,77,0.525,All,Email,0,0,21.0,21.64,0.64,2.0,2.26,0.26
64,3,18.8,49,Primary Care,78,0.833,Call,Call,1,2,13.0,19.18,6.18,1.0,1.98,0.98
41,376,8.8,52,Primary Care,85,0.101,Insights,Insights,0,0,15.0,15.26,0.26,6.0,6.11,0.11
51,390,15.3,66,Primary Care,60,0.288,All,Insights,1,1,15.0,19.9,4.9,3.0,3.51,0.51
22,411,19.0,38,Cardiology,82,0.642,Email,All,1,3,14.0,18.37,4.37,5.0,5.23,0.23
75,499,10.3,91,Oncology,68,0.052,All,All,1,5,14.0,23.45,9.45,4.0,5.94,1.94
79,392,19.8,87,Primary Care,77,0.126,All,All,1,3,20.0,28.41,8.41,3.0,3.87,0.87
79,265,19.8,87,Cardiology,79,0.42,All,All,1,5,8.0,17.26,9.26,3.0,4.98,1.98
59,234,17.8,73,Neurology,83,0.397,Email,Call,1,3,14.0,19.24,5.24,2.0,2.62,0.62
4,195,15.7,136,Primary Care,84,0.33,Call,Call,0,0,11.0,11.91,0.91,4.0,4.39,0.39
30,414,12.2,100,Primary Care,80,0.738,Insights,Insights,1,2,13.0,18.48,5.48,7.0,7.75,0.75
36,197,9.2,60,Primary Care,70,0.318,All,All,1,5,13.0,23.86,10.86,9.0,11.78,2.78
77,287,5.6,150,Neurology,72,0.386,All,All,1,5,13.0,20.96,7.96,4.0,5.14,1.14
44,49,18.7,26,Primary Care,72,0.425,Call,Call,0,0,13.0,13.25,0.25,4.0,4.14,0.14
43,159,9.7,154,Cardiology,86,0.338,Insights,Insights,1,2,15.0,21.69,6.69,5.0,6.43,1.43
12,134,13.9,58,Neurology,80,0.588,Email,Email,1,3,15.0,21.22,6.22,4.0,5.61,1.61
64,218,18.8,49,Cardiology,77,0.354,Insights,Insights,0,0,13.0,13.69,0.69,4.0,4.09,0.09
27,252,14.9,28,Cardiology,74,0.789,All,Insights,0,0,16.0,16.21,0.21,4.0,4.25,0.25
8,359,17.0,116,Cardiology,90,0.489,All,Email,1,0,12.0,15.58,3.58,6.0,8.04,2.04
80,216,5.0,190,Neurology,88,0.684,Call,Call,0,0,17.0,17.04,0.04,2.0,2.43,0.43
16,76,15.5,62,Oncology,85,0.826,All,Insights,0,0,13.0,13.24,0.24,1.0,1.06,0.06
2,273,6.3,75,Neurology,77,0.662,Email,Email,1,1,19.0,22.53,3.53,4.0,5.55,1.55
7,28,16.5,42,Oncology,87,0.392,Call,Call,0,0,13.0,13.03,0.03,3.0,3.61,0.61
37,425,10.3,187,Cardiology,86,0.128,Insights,Insights,1,2,12.0,18.44,6.44,3.0,4.49,1.49
9,386,12.2,167,Cardiology,87,0.372,Insights,Insights,0,0,14.0,15.14,1.14,0.0,0.3,0.3
68,113,3.4,153,Neurology,73,0.145,All,All,1,2,12.0,17.23,5.23,2.0,3.01,1.01
41,132,8.8,52,Oncology,73,0.254,Insights,Insights,0,0,18.0,18.17,0.17,5.0,5.14,0.14
26,14,8.4,99,Neurology,97,0.519,Email,Email,0,0,19.0,19.14,0.14,6.0,6.2,0.2
1,183,18.1,130,Primary Care,68,0.476,Email,Email,1,2,14.0,17.25,3.25,4.0,6.55,2.55
39,20,16.9,55,Primary Care,75,0.121,Insights,Insights,0,0,11.0,11.21,0.21,2.0,2.4,0.4
13,469,7.9,51,Cardiology,82,0.326,Insights,Insights,1,2,15.0,21.65,6.65,3.0,3.56,0.56
79,68,19.8,87,Primary Care,67,0.536,Insights,Insights,1,2,17.0,27.96,10.96,3.0,4.3,1.3
24,330,5.7,177,Oncology,70,0.262,Call,Call,0,0,14.0,14.12,0.12,3.0,3.71,0.71
38,286,2.6,161,Neurology,85,0.161,Email,Call,0,0,15.0,15.07,0.07,2.0,2.04,0.04
2,119,6.3,75,Primary Care,75,0.352,All,Call,0,0,13.0,13.04,0.04,5.0,5.17,0.17
11,405,14.7,189,Oncology,74,0.549,Call,Call,0,0,12.0,12.75,0.75,5.0,5.22,0.22
17,55,14.5,38,Primary Care,85,0.307,Insights,Insights,1,3,21.0,26.63,5.63,5.0,6.46,1.46
5,444,14.3,123,Oncology,81,0.234,Call,Call,1,5,16.0,26.59,10.59,9.0,11.91,2.91
59,371,17.8,73,Oncology,79,0.598,Call,Insights,0,0,20.0,20.18,0.18,2.0,2.0,0.0
76,318,1.2,80,Oncology,73,0.571,Call,Email,0,0,12.0,12.1,0.1,8.0,8.18,0.18
79,440,19.8,87,Neurology,80,0.5,Email,Email,1,2,14.0,20.91,6.91,2.0,3.97,1.97
22,202,19.0,38,Oncology,69,0.55,All,Email,1,3,14.0,20.24,6.24,3.0,3.85,0.85
64,141,18.8,49,Cardiology,68,0.434,Call,Call,0,0,16.0,16.47,0.47,5.0,5.03,0.03
41,78,8.8,52,Oncology,75,0.333,Call,Call,1,2,12.0,16.09,4.09,5.0,6.63,1.63
4,463,15.7,136,Neurology,64,0.253,All,All,0,0,14.0,14.15,0.15,2.0,2.76,0.76
8,201,17.0,116,Oncology,77,0.633,Call,Call,1,4,14.0,23.98,9.98,3.0,4.9,1.9
44,415,18.7,26,Primary Care,79,0.153,Insights,Insights,1,2,15.0,22.85,7.85,5.0,7.43,2.43
34,167,1.0,82,Primary Care,82,0.32,Call,Call,1,4,14.0,21.91,7.91,8.0,9.89,1.89
1,478,18.1,130,Cardiology,95,0.507,Call,Call,0,0,15.0,15.63,0.63,2.0,2.24,0.24
75,436,10.3,91,Neurology,80,0.202,Email,Email,0,0,11.0,11.51,0.51,3.0,3.13,0.13
59,155,17.8,73,Primary Care,70,0.546,All,All,1,4,12.0,19.34,7.34,7.0,7.56,0.56
41,244,8.8,52,Oncology,85,0.513,Call,Call,0,0,20.0,20.15,0.15,5.0,5.22,0.22
79,397,19.8,87,Primary Care,90,0.631,All,All,1,2,19.0,28.17,9.17,1.0,1.92,0.92
78,114,19.6,86,Neurology,81,0.42,All,All,1,6,9.0,19.72,10.72,3.0,5.57,2.57
78,12,19.6,86,Neurology,80,0.218,Email,Email,0,0,13.0,13.56,0.56,4.0,4.51,0.51
21,145,6.0,31,Primary Care,81,0.259,Insights,All,1,5,16.0,22.49,6.49,3.0,4.28,1.28
71,296,11.1,124,Oncology,68,0.223,Email,Email,1,1,17.0,21.38,4.38,7.0,8.09,1.09
41,69,8.8,52,Oncology,71,0.226,Call,Call,0,0,14.0,14.13,0.13,7.0,7.13,0.13
59,167,17.8,73,Primary Care,82,0.32,All,All,1,8,15.0,27.41,12.41,5.0,8.61,3.61
69,460,19.6,188,Primary Care,77,0.092,Email,Email,0,0,10.0,10.23,0.23,5.0,5.14,0.14
14,38,1.0,123,Oncology,84,0.363,All,All,1,3,23.0,30.55,7.55,2.0,4.59,2.59
36,26,9.2,60,Oncology,78,0.357,Insights,All,1,7,17.0,25.35,8.35,4.0,6.13,2.13
11,212,14.7,189,Cardiology,70,0.076,Call,Call,0,0,9.0,9.34,0.34,2.0,2.03,0.03
23,7,8.9,67,Cardiology,78,0.528,Email,Insights,1,3,16.0,20.96,4.96,6.0,7.05,1.05
34,14,1.0,82,Neurology,97,0.519,Insights,All,0,0,11.0,11.09,0.09,3.0,3.54,0.54
69,92,19.6,188,Primary Care,81,0.167,Call,Call,1,3,12.0,18.58,6.58,3.0,4.61,1.61
70,52,9.1,60,Cardiology,70,0.308,Email,Email,0,0,9.0,9.04,0.04,1.0,1.91,0.91
32,406,11.7,170,Primary Care,83,0.594,Call,All,1,3,13.0,19.88,6.88,4.0,4.31,0.31
27,62,14.9,28,Neurology,83,0.649,Email,Call,1,3,17.0,19.2,2.2,5.0,5.74,0.74
43,262,9.7,154,Neurology,80,0.027,All,Call,0,0,4.0,4.59,0.59,6.0,6.21,0.21
73,353,9.5,80,Primary Care,74,0.284,Call,Call,1,1,10.0,17.68,7.68,0.0,1.86,1.86
79,313,19.8,87,Primary Care,78,0.792,Call,Call,1,5,15.0,24.64,9.64,1.0,2.64,1.64
19,327,12.9,81,Neurology,80,0.283,All,All,1,3,19.0,27.08,8.08,3.0,4.49,1.49
15,179,5.6,103,Cardiology,81,0.096,All,Insights,1,3,11.0,19.12,8.12,5.0,5.59,0.59
57,445,6.8,128,Neurology,73,0.19,All,Call,0,0,18.0,18.34,0.34,6.0,6.15,0.15
25,35,10.3,198,Oncology,84,0.572,All,Insights,0,0,15.0,15.1,0.1,3.0,3.12,0.12
16,54,15.5,62,Primary Care,70,0.118,Email,Insights,1,2,11.0,12.43,1.43,2.0,3.51,1.51
3,429,1.5,33,Oncology,91,0.722,Call,Call,1,0,16.0,22.32,6.32,6.0,6.73,0.73
33,35,7.1,115,Oncology,84,0.572,Insights,Insights,1,6,13.0,23.38,10.38,3.0,5.66,2.66
32,96,11.7,170,Oncology,78,0.538,Email,Email,0,0,16.0,16.62,0.62,6.0,6.08,0.08
46,87,14.6,60,Oncology,82,0.544,All,Call,1,1,14.0,17.57,3.57,5.0,6.01,1.01
17,17,14.5,38,Primary Care,85,0.339,Email,Email,1,2,13.0,19.7,6.7,4.0,5.55,1.55
58,59,14.5,120,Cardiology,77,0.309,All,Call,1,7,18.0,28.24,10.24,4.0,6.9,2.9
55,287,12.2,128,Neurology,72,0.386,All,Insights,1,3,18.0,24.96,6.96,2.0,3.78,1.78
37,331,10.3,187,Oncology,80,0.49,Insights,Insights,1,1,19.0,24.12,5.12,4.0,4.51,0.51
15,42,5.6,103,Oncology,78,0.55,Call,Call,0,0,22.0,22.17,0.17,4.0,4.01,0.01
41,472,8.8,52,Cardiology,75,0.516,All,Insights,1,3,25.0,33.16,8.16,2.0,4.18,2.18
54,48,18.8,54,Neurology,89,0.023,All,All,0,0,21.0,21.02,0.02,7.0,7.57,0.57
30,344,12.2,100,Cardiology,99,0.496,All,Email,0,0,23.0,23.46,0.46,7.0,7.34,0.34
22,401,19.0,38,Primary Care,88,0.017,All,Call,0,0,16.0,17.1,1.1,5.0,5.27,0.27
41,261,8.8,52,Primary Care,92,0.673,Email,All,0,0,11.0,11.23,0.23,2.0,2.29,0.29
29,246,12.2,174,Primary Care,86,0.14,Email,Email,0,0,17.0,17.28,0.28,5.0,5.31,0.31
33,55,7.1,115,Primary Care,85,0.307,Email,Email,0,0,12.0,12.67,0.67,3.0,3.0,0.0
28,121,19.3,22,Primary Care,71,0.265,Insights,Email,1,4,16.0,20.05,4.05,6.0,8.33,2.33
25,426,10.3,198,Cardiology,80,0.166,Insights,All,0,0,13.0,13.35,0.35,2.0,2.54,0.54
58,175,14.5,120,Oncology,86,0.074,Call,Call,0,0,11.0,11.04,0.04,4.0,4.24,0.24
37,18,10.3,187,Neurology,84,0.29,All,Email,0,0,16.0,16.66,0.66,1.0,1.16,0.16
38,365,2.6,161,Primary Care,94,0.448,Email,Call,1,1,10.0,15.21,5.21,4.0,4.4,0.4
53,342,14.4,171,Oncology,83,0.431,All,Insights,1,2,18.0,24.1,6.1,3.0,5.43,2.43
29,34,12.2,174,Primary Care,71,0.112,Call,Call,1,4,11.0,20.4,9.4,4.0,6.22,2.22
9,26,12.2,167,Oncology,78,0.357,Call,Call,1,1,13.0,18.07,5.07,3.0,4.25,1.25
69,59,19.6,188,Cardiology,77,0.309,Email,Insights,1,1,15.0,15.0,0.0,8.0,8.69,0.69
5,26,14.3,123,Oncology,78,0.357,All,Email,0,0,19.0,19.19,0.19,3.0,3.05,0.05
46,309,14.6,60,Primary Care,92,0.488,All,Insights,1,4,17.0,26.35,9.35,4.0,6.15,2.15
22,67,19.0,38,Oncology,87,0.465,Call,Call,0,0,16.0,16.93,0.93,6.0,6.4,0.4
18,304,7.3,45,Neurology,89,0.269,Insights,Insights,0,0,15.0,15.21,0.21,2.0,2.92,0.92
4,89,15.7,136,Primary Care,91,0.808,Insights,Insights,0,0,17.0,17.28,0.28,5.0,5.09,0.09
73,487,9.5,80,Primary Care,69,0.447,Call,Call,0,0,17.0,18.08,1.08,6.0,6.37,0.37
35,363,17.5,101,Neurology,69,0.139,Insights,Call,1,4,16.0,21.09,5.09,4.0,5.04,1.04
28,188,19.3,22,Cardiology,91,0.228,Call,Call,0,0,15.0,15.42,0.42,3.0,3.05,0.05
60,215,13.3,137,Oncology,88,0.42,All,Email,1,5,15.0,25.76,10.76,3.0,6.66,3.66
4,33,15.7,136,Oncology,98,0.68,All,Call,1,1,13.0,18.64,5.64,2.0,2.98,0.98
46,28,14.6,60,Oncology,87,0.392,Email,Email,1,3,9.0,14.46,5.46,5.0,7.48,2.48
40,269,4.2,152,Neurology,94,0.513,All,Call,1,1,10.0,15.57,5.57,6.0,6.33,0.33
45,12,5.0,150,Neurology,80,0.218,Call,Insights,1,3,14.0,17.27,3.27,4.0,5.58,1.58
10,320,19.4,180,Neurology,76,0.818,All,Email,1,3,23.0,28.85,5.85,6.0,7.44,1.44
77,192,5.6,150,Neurology,63,0.339,Insights,Insights,0,0,19.0,19.89,0.89,8.0,8.2,0.2
20,70,4.7,153,Primary Care,76,0.115,Email,Email,1,2,11.0,16.98,5.98,6.0,6.83,0.83
55,268,12.2,128,Cardiology,86,0.264,All,Insights,0,0,13.0,14.33,1.33,6.0,6.14,0.14
60,277,13.3,137,Neurology,67,0.525,Email,Call,0,0,14.0,14.21,0.21,3.0,3.16,0.16
28,374,19.3,22,Oncology,77,0.751,All,Email,1,4,15.0,22.86,7.86,6.0,8.4,2.4
11,99,14.7,189,Neurology,72,0.758,All,Email,0,0,11.0,11.19,0.19,2.0,2.08,0.08
24,274,5.7,177,Primary Care,79,0.327,Insights,Insights,0,0,11.0,11.57,0.57,5.0,5.02,0.02
65,423,4.0,150,Neurology,84,0.471,Insights,Insights,1,3,14.0,18.34,4.34,6.0,7.48,1.48
73,135,9.5,80,Oncology,88,0.282,Insights,Insights,1,3,19.0,26.41,7.41,1.0,2.32,1.32
75,418,10.3,91,Cardiology,83,0.342,Call,Call,1,0,14.0,16.71,2.71,1.0,2.29,1.29
19,362,12.9,81,Cardiology,86,0.334,Email,All,1,3,20.0,26.24,6.24,5.0,5.47,0.47
49,215,14.2,24,Oncology,88,0.42,All,All,1,2,21.0,28.05,7.05,7.0,8.47,1.47
13,442,7.9,51,Neurology,86,0.281,Call,Call,1,0,21.0,26.71,5.71,8.0,8.27,0.27
57,484,6.8,128,Oncology,81,0.394,Call,Call,0,0,13.0,14.44,1.44,1.0,1.56,0.56
34,119,1.0,82,Primary Care,75,0.352,Email,Email,1,3,12.0,20.3,8.3,2.0,2.68,0.68
58,490,14.5,120,Cardiology,85,0.564,All,Call,0,0,10.0,10.51,0.51,4.0,4.1,0.1
55,2,12.2,128,Neurology,86,0.643,All,Call,1,3,29.0,36.37,7.37,2.0,4.31,2.31
80,65,5.0,190,Cardiology,87,0.215,Call,Call,0,0,23.0,23.52,0.52,9.0,9.14,0.14
40,22,4.2,152,Primary Care,76,0.2,Call,Call,1,2,15.0,21.9,6.9,5.0,6.6,1.6
28,184,19.3,22,Neurology,88,0.178,All,Insights,0,0,17.0,17.1,0.1,3.0,3.01,0.01
43,469,9.7,154,Cardiology,82,0.326,Call,Call,0,0,20.0,20.57,0.57,2.0,2.39,0.39
14,301,1.0,123,Oncology,79,0.068,All,Call,1,1,10.0,12.85,2.85,2.0,3.97,1.97
9,309,12.2,167,Primary Care,92,0.488,All,All,0,0,9.0,9.74,0.74,2.0,2.15,0.15
42,43,17.0,101,Neurology,74,0.559,All,Call,1,3,22.0,33.51,11.51,3.0,4.78,1.78
67,259,8.8,42,Cardiology,78,0.458,Email,Email,0,0,22.0,22.12,0.12,1.0,1.02,0.02
43,192,9.7,154,Neurology,63,0.339,All,Email,1,3,15.0,20.33,5.33,2.0,4.56,2.56
63,240,15.4,190,Primary Care,61,0.169,All,Email,1,1,17.0,22.96,5.96,3.0,3.94,0.94
15,131,5.6,103,Neurology,69,0.687,Call,Email,1,3,8.0,12.32,4.32,1.0,2.29,1.29
36,101,9.2,60,Cardiology,69,0.507,All,Call,0,0,17.0,17.24,0.24,4.0,4.09,0.09
50,477,8.5,157,Primary Care,81,0.627,Call,Call,0,0,16.0,16.15,0.15,3.0,3.09,0.09
28,280,19.3,22,Cardiology,73,0.54,All,All,1,6,12.0,21.46,9.46,6.0,8.15,2.15
2,206,6.3,75,Oncology,91,0.39,Insights,Insights,1,3,19.0,26.5,7.5,7.0,8.41,1.41
6,37,11.4,159,Cardiology,84,0.317,Email,Email,1,0,18.0,21.6,3.6,6.0,6.0,0.0
75,382,10.3,91,Cardiology,72,0.608,Call,Call,1,3,14.0,19.77,5.77,6.0,7.63,1.63
49,237,14.2,24,Primary Care,69,0.497,Email,Email,1,2,14.0,18.08,4.08,6.0,7.03,1.03
22,194,19.0,38,Oncology,77,0.095,Call,Call,1,2,19.0,24.32,5.32,3.0,5.82,2.82
21,334,6.0,31,Oncology,87,0.118,All,Call,1,2,19.0,26.53,7.53,8.0,8.87,0.87
4,66,15.7,136,Neurology,84,0.648,Email,Email,1,2,11.0,16.89,5.89,1.0,2.11,1.11
76,267,1.2,80,Primary Care,84,0.157,All,Email,0,0,25.0,25.34,0.34,4.0,4.1,0.1
9,432,12.2,167,Cardiology,82,0.379,Email,Email,1,5,14.0,21.33,7.33,2.0,3.91,1.91
61,232,5.4,66,Neurology,78,0.439,Insights,Insights,0,0,17.0,17.47,0.47,5.0,5.22,0.22
20,1,4.7,153,Primary Care,84,0.555,All,Call,0,0,24.0,24.04,0.04,2.0,2.18,0.18
27,115,14.9,28,Oncology,61,0.56,Insights,Insights,0,0,14.0,14.27,0.27,5.0,5.45,0.45
22,28,19.0,38,Oncology,87,0.392,All,Email,1,3,20.0,26.49,6.49,4.0,5.89,1.89
66,251,3.4,187,Primary Care,90,0.67,All,All,1,5,10.0,18.34,8.34,5.0,7.5,2.5
3,183,1.5,33,Primary Care,68,0.476,Insights,Insights,0,0,16.0,16.09,0.09,4.0,4.27,0.27
29,67,12.2,174,Oncology,87,0.465,All,All,1,2,11.0,18.94,7.94,4.0,6.25,2.25
23,344,8.9,67,Cardiology,99,0.496,Email,Email,1,2,18.0,25.02,7.02,5.0,6.63,1.63
22,89,19.0,38,Primary Care,91,0.808,Call,Call,0,0,19.0,19.3,0.3,4.0,4.08,0.08
16,171,15.5,62,Neurology,79,0.107,Call,Call,0,0,17.0,17.11,0.11,4.0,4.0,0.0
73,494,9.5,80,Oncology,64,0.439,All,Call,1,3,8.0,14.88,6.88,4.0,6.39,2.39
31,34,7.9,33,Primary Care,71,0.112,Insights,Call,0,0,21.0,21.18,0.18,6.0,6.12,0.12
34,124,1.0,82,Cardiology,64,0.774,Insights,Insights,1,2,14.0,18.03,4.03,11.0,12.2,1.2
31,159,7.9,33,Cardiology,86,0.338,All,All,1,5,9.0,16.85,7.85,5.0,7.2,2.2
79,255,19.8,87,Cardiology,84,0.46,Email,Email,0,0,14.0,14.22,0.22,4.0,4.02,0.02
28,123,19.3,22,Cardiology,74,0.458,All,All,1,4,18.0,27.65,9.65,4.0,5.79,1.79
28,486,19.3,22,Neurology,83,0.187,Email,Email,0,0,16.0,16.05,0.05,2.0,2.69,0.69
27,3,14.9,28,Primary Care,78,0.833,Call,Email,0,0,14.0,14.68,0.68,8.0,8.04,0.04
27,475,14.9,28,Cardiology,80,0.758,Insights,Insights,1,1,18.0,21.92,3.92,5.0,6.77,1.77
8,268,17.0,116,Cardiology,86,0.264,Call,Call,0,0,15.0,15.33,0.33,4.0,4.04,0.04
49,20,14.2,24,Primary Care,75,0.121,Insights,All,1,3,12.0,17.65,5.65,5.0,6.09,1.09
3,59,1.5,33,Cardiology,77,0.309,All,All,0,0,23.0,23.21,0.21,1.0,1.5,0.5
19,52,12.9,81,Cardiology,70,0.308,All,Email,0,0,15.0,15.43,0.43,4.0,4.27,0.27
17,144,14.5,38,Primary Care,71,0.029,Email,Email,0,0,15.0,15.08,0.08,2.0,2.07,0.07
24,167,5.7,177,Primary Care,82,0.32,Email,Insights,0,0,12.0,12.36,0.36,5.0,5.38,0.38
61,321,5.4,66,Oncology,80,0.224,Email,All,0,0,20.0,20.3,0.3,4.0,4.1,0.1
48,156,11.4,109,Cardiology,82,0.277,Call,Call,1,2,14.0,18.85,4.85,5.0,6.58,1.58
80,363,5.0,190,Neurology,69,0.139,Email,Email,0,0,10.0,10.69,0.69,4.0,4.03,0.03
29,147,12.2,174,Cardiology,86,0.24,Call,Call,0,0,17.0,18.91,1.91,2.0,2.01,0.01
75,132,10.3,91,Oncology,73,0.254,All,All,1,2,13.0,19.64,6.64,7.0,10.0,3.0
4,138,15.7,136,Neurology,74,0.142,All,Insights,1,3,10.0,15.88,5.88,2.0,3.98,1.98
41,165,8.8,52,Primary Care,74,0.219,All,Email,1,4,20.0,28.3,8.3,5.0,7.59,2.59
64,419,18.8,49,Cardiology,81,0.451,Email,Email,0,0,14.0,14.12,0.12,5.0,5.02,0.02
43,124,9.7,154,Cardiology,64,0.774,Insights,Insights,1,1,13.0,17.36,4.36,8.0,9.42,1.42
75,137,10.3,91,Cardiology,70,0.134,Email,Email,0,0,16.0,16.16,0.16,4.0,4.56,0.56
26,479,8.4,99,Neurology,91,0.661,Call,Call,1,2,8.0,15.24,7.24,5.0,6.5,1.5
3,327,1.5,33,Neurology,80,0.283,Call,Call,0,0,10.0,10.66,0.66,3.0,3.13,0.13
62,96,11.3,183,Oncology,78,0.538,All,Email,0,0,18.0,19.32,1.32,0.0,0.06,0.06
6,435,11.4,159,Oncology,85,0.598,Insights,Insights,1,1,16.0,22.37,6.37,1.0,2.23,1.23
62,92,11.3,183,Primary Care,81,0.167,Call,Insights,0,0,20.0,20.08,0.08,3.0,3.01,0.01
59,82,17.8,73,Cardiology,85,0.329,Insights,Call,0,0,16.0,16.07,0.07,2.0,2.12,0.12
68,223,3.4,153,Oncology,99,0.726,All,Email,0,0,19.0,19.08,0.08,2.0,2.18,0.18
39,346,16.9,55,Neurology,88,0.173,Email,Email,1,1,20.0,29.3,9.3,6.0,7.08,1.08
72,95,5.3,163,Cardiology,84,0.193,All,All,0,0,17.0,18.09,1.09,3.0,3.02,0.02
14,377,1.0,123,Primary Care,70,0.168,Email,Email,0,0,13.0,13.27,0.27,4.0,4.05,0.05
35,79,17.5,101,Neurology,91,0.237,Email,Insights,1,3,13.0,19.54,6.54,3.0,4.36,1.36
10,391,19.4,180,Cardiology,83,0.754,All,All,1,7,12.0,23.72,11.72,4.0,6.94,2.94
62,48,11.3,183,Neurology,89,0.023,Email,Email,0,0,15.0,15.18,0.18,6.0,6.34,0.34
58,233,14.5,120,Neurology,77,0.726,All,All,1,6,18.0,26.91,8.91,5.0,7.77,2.77
65,321,4.0,150,Oncology,80,0.224,Email,Email,0,0,20.0,20.85,0.85,5.0,5.09,0.09
62,133,11.3,183,Oncology,88,0.176,Insights,Insights,1,3,10.0,17.48,7.48,2.0,3.57,1.57
25,307,10.3,198,Neurology,69,0.321,Insights,Email,1,6,15.0,22.1,7.1,6.0,7.55,1.55
6,345,11.4,159,Oncology,68,0.107,All,All,1,6,17.0,27.28,10.28,2.0,5.28,3.28
75,326,10.3,91,Cardiology,85,0.18,All,All,0,0,12.0,12.08,0.08,5.0,5.4,0.4
40,199,4.2,152,Primary Care,88,0.233,Insights,Insights,1,5,11.0,18.53,7.53,1.0,4.34,3.34
8,387,17.0,116,Neurology,69,0.094,Call,Call,1,0,15.0,21.4,6.4,9.0,9.97,0.97
75,366,10.3,91,Primary Care,63,0.338,Email,Email,1,5,17.0,25.08,8.08,5.0,7.99,2.99
80,164,5.0,190,Neurology,82,0.635,Insights,Insights,1,2,9.0,14.64,5.64,4.0,6.49,2.49
36,367,9.2,60,Primary Care,96,0.438,Call,Call,0,0,18.0,18.06,0.06,2.0,2.02,0.02
62,460,11.3,183,Primary Care,77,0.092,Email,Email,1,1,14.0,16.55,2.55,3.0,4.83,1.83
3,409,1.5,33,Primary Care,87,0.647,All,All,1,4,14.0,22.42,8.42,5.0,8.03,3.03
8,367,17.0,116,Primary Care,96,0.438,Call,Email,1,5,16.0,21.86,5.86,7.0,9.28,2.28
23,384,8.9,67,Oncology,93,0.521,Email,Email,1,2,24.0,30.33,6.33,4.0,5.44,1.44
53,403,14.4,171,Primary Care,85,0.41,All,Call,1,3,19.0,28.2,9.2,5.0,5.24,0.24
11,145,14.7,189,Primary Care,81,0.259,Insights,Insights,0,0,14.0,14.59,0.59,8.0,8.15,0.15
3,361,1.5,33,Primary Care,77,0.116,All,Call,0,0,14.0,14.7,0.7,3.0,3.02,0.02
54,100,18.8,54,Neurology,73,0.099,Email,All,1,3,23.0,26.31,3.31,6.0,8.31,2.31
62,180,11.3,183,Primary Care,79,0.23,Call,Call,1,3,20.0,26.8,6.8,4.0,5.15,1.15
60,468,13.3,137,Primary Care,86,0.101,Insights,Insights,1,3,9.0,17.65,8.65,3.0,4.14,1.14
64,142,18.8,49,Cardiology,86,0.277,Call,Call,0,0,15.0,15.01,0.01,7.0,7.1,0.1
65,422,4.0,150,Cardiology,88,0.557,All,Insights,1,4,17.0,25.14,8.14,2.0,4.21,2.21
49,212,14.2,24,Cardiology,70,0.076,Email,Email,0,0,17.0,17.67,0.67,1.0,1.15,0.15
42,105,17.0,101,Cardiology,70,0.342,Email,All,0,0,16.0,17.11,1.11,4.0,4.05,0.05
69,49,19.6,188,Primary Care,72,0.425,Email,Email,1,5,12.0,18.37,6.37,2.0,4.99,2.99
28,275,19.3,22,Cardiology,94,0.648,Call,Insights,1,3,19.0,23.05,4.05,3.0,4.51,1.51
8,226,17.0,116,Primary Care,76,0.391,Email,Email,0,0,13.0,14.59,1.59,2.0,2.09,0.09
61,256,5.4,66,Cardiology,82,0.414,All,All,0,0,19.0,19.28,0.28,3.0,3.18,0.18
23,22,8.9,67,Primary Care,76,0.2,Insights,Insights,1,2,14.0,20.21,6.21,4.0,5.46,1.46
79,135,19.8,87,Oncology,88,0.282,Email,Email,1,5,16.0,24.99,8.99,4.0,7.29,3.29
34,2,1.0,82,Neurology,86,0.643,Insights,Insights,0,0,16.0,16.42,0.42,3.0,3.37,0.37
69,152,19.6,188,Cardiology,87,0.604,Email,Email,1,1,13.0,19.13,6.13,7.0,9.13,2.13
4,466,15.7,136,Neurology,82,0.66,Call,Call,1,5,16.0,26.24,10.24,6.0,8.76,2.76
53,77,14.4,171,Neurology,75,0.827,All,Call,1,4,13.0,21.72,8.72,3.0,4.42,1.42
36,345,9.2,60,Oncology,68,0.107,All,Insights,0,0,20.0,20.32,0.32,3.0,3.03,0.03
38,3,2.6,161,Primary Care,78,0.833,Insights,Insights,1,1,11.0,17.49,6.49,5.0,7.3,2.3
22,281,19.0,38,Primary Care,65,0.633,Call,Call,1,3,13.0,20.11,7.11,3.0,4.73,1.73
78,461,19.6,86,Neurology,93,0.205,Email,Email,1,4,14.0,23.1,9.1,9.0,11.25,2.25
32,171,11.7,170,Neurology,79,0.107,All,All,1,5,20.0,28.91,8.91,10.0,12.66,2.66
69,99,19.6,188,Neurology,72,0.758,Insights,Insights,1,2,14.0,20.26,6.26,8.0,9.47,1.47
35,286,17.5,101,Neurology,85,0.161,Insights,Insights,1,5,16.0,26.25,10.25,2.0,4.63,2.63
4,140,15.7,136,Primary Care,79,0.139,All,All,0,0,20.0,20.72,0.72,3.0,3.66,0.66
71,446,11.1,124,Primary Care,98,0.446,Call,Email,1,4,14.0,19.27,5.27,5.0,7.0,2.0
15,425,5.6,103,Cardiology,86,0.128,All,Insights,0,0,10.0,10.68,0.68,10.0,10.07,0.07
22,327,19.0,38,Neurology,80,0.283,Insights,Insights,0,0,14.0,14.23,0.23,5.0,5.03,0.03
69,320,19.6,188,Neurology,76,0.818,Email,Email,1,1,15.0,18.77,3.77,2.0,2.86,0.86
72,302,5.3,163,Primary Care,86,0.283,Email,Email,0,0,14.0,14.03,0.03,5.0,5.3,0.3
74,368,19.7,62,Cardiology,83,0.162,Insights,Insights,1,1,16.0,23.62,7.62,3.0,3.36,0.36
35,231,17.5,101,Oncology,78,0.528,Call,Call,1,4,18.0,24.77,6.77,0.0,2.84,2.84
61,485,5.4,66,Oncology,95,0.015,Insights,Insights,1,1,19.0,22.69,3.69,3.0,4.2,1.2
27,173,14.9,28,Primary Care,82,0.83,All,Insights,1,0,11.0,19.15,8.15,5.0,5.0,0.0
60,5,13.3,137,Primary Care,67,0.622,Call,Call,0,0,18.0,18.11,0.11,3.0,3.23,0.23
41,350,8.8,52,Neurology,82,0.491,Insights,Insights,0,0,10.0,10.33,0.33,7.0,7.09,0.09
5,332,14.3,123,Primary Care,88,0.31,Insights,Insights,1,2,18.0,23.18,5.18,4.0,6.46,2.46
34,491,1.0,82,Oncology,61,0.387,Call,Email,1,4,15.0,18.86,3.86,6.0,6.38,0.38
38,198,2.6,161,Oncology,69,0.558,All,Insights,1,4,12.0,20.9,8.9,0.0,2.89,2.89
21,213,6.0,31,Cardiology,83,0.393,Email,Email,1,3,16.0,23.33,7.33,5.0,7.31,2.31
30,282,12.2,100,Primary Care,95,0.199,All,Email,0,0,16.0,16.03,0.03,3.0,3.07,0.07
41,197,8.8,52,Primary Care,70,0.318,Email,Email,1,1,9.0,9.43,0.43,3.0,4.7,1.7
4,393,15.7,136,Neurology,84,0.408,Email,Email,0,0,18.0,18.6,0.6,1.0,1.24,0.24
13,215,7.9,51,Oncology,88,0.42,All,All,1,0,15.0,19.37,4.37,5.0,5.57,0.57
62,392,11.3,183,Primary Care,77,0.126,Email,Email,0,0,13.0,13.32,0.32,4.0,4.14,0.14
29,213,12.2,174,Cardiology,83,0.393,Call,Call,0,0,12.0,12.07,0.07,5.0,5.37,0.37
49,113,14.2,24,Neurology,73,0.145,Email,Email,1,0,12.0,15.52,3.52,5.0,5.01,0.01
46,496,14.6,60,Cardiology,78,0.351,All,All,0,0,13.0,13.61,0.61,11.0,11.03,0.03
45,264,5.0,150,Primary Care,85,0.184,Insights,Insights,0,0,12.0,12.19,0.19,9.0,9.57,0.57
34,354,1.0,82,Cardiology,77,0.52,Email,Email,1,4,11.0,19.62,8.62,1.0,3.45,2.45
39,296,16.9,55,Oncology,68,0.223,Call,Call,1,6,17.0,25.86,8.86,3.0,5.52,2.52
66,180,3.4,187,Primary Care,79,0.23,Email,Email,0,0,8.0,8.18,0.18,6.0,6.01,0.01
78,487,19.6,86,Primary Care,69,0.447,All,All,0,0,14.0,14.21,0.21,3.0,3.34,0.34
21,186,6.0,31,Cardiology,82,0.35,Email,Email,0,0,12.0,12.14,0.14,4.0,4.07,0.07
54,497,18.8,54,Oncology,60,0.533,Insights,Call,1,1,11.0,14.78,3.78,5.0,5.37,0.37
78,216,19.6,86,Neurology,88,0.684,Call,Call,1,3,12.0,21.44,9.44,7.0,8.77,1.77
1,12,18.1,130,Neurology,80,0.218,Insights,Insights,0,0,16.0,17.35,1.35,9.0,9.1,0.1
63,19,15.4,190,Primary Care,65,0.675,All,All,0,0,18.0,18.32,0.32,3.0,3.65,0.65
40,487,4.2,152,Primary Care,69,0.447,Call,Call,1,4,18.0,24.06,6.06,5.0,6.26,1.26
78,264,19.6,86,Primary Care,85,0.184,All,Email,0,0,21.0,21.54,0.54,5.0,5.02,0.02
47,194,19.6,145,Oncology,77,0.095,Call,Email,0,0,17.0,20.0,3.0,11.0,11.07,0.07
68,406,3.4,153,Primary Care,83,0.594,Insights,Insights,1,6,8.0,18.7,10.7,5.0,7.7,2.7
14,309,1.0,123,Primary Care,92,0.488,Call,Call,1,2,18.0,25.33,7.33,2.0,3.95,1.95
12,331,13.9,58,Oncology,80,0.49,Email,Email,1,3,18.0,23.18,5.18,4.0,6.6,2.6
75,343,10.3,91,Neurology,73,0.188,Email,Email,1,3,13.0,21.73,8.73,2.0,3.01,1.01
43,100,9.7,154,Neurology,73,0.099,Email,Insights,0,0,9.0,9.7,0.7,3.0,3.05,0.05
45,45,5.0,150,Primary Care,74,0.138,All,Call,0,0,22.0,22.01,0.01,6.0,6.14,0.14
14,365,1.0,123,Primary Care,94,0.448,All,Insights,0,0,13.0,13.33,0.33,4.0,4.01,0.01
19,11,12.9,81,Primary Care,81,0.098,Email,Email,1,3,12.0,20.28,8.28,3.0,5.37,2.37
66,360,3.4,187,Oncology,81,0.298,Insights,Insights,0,0,15.0,15.07,0.07,3.0,3.62,0.62
25,65,10.3,198,Cardiology,87,0.215,All,Call,0,0,19.0,19.7,0.7,4.0,4.02,0.02
47,132,19.6,145,Oncology,73,0.254,Call,Call,1,0,15.0,20.16,5.16,4.0,4.35,0.35
26,354,8.4,99,Cardiology,77,0.52,Call,Call,1,3,10.0,16.45,6.45,5.0,7.17,2.17
22,312,19.0,38,Neurology,66,0.714,All,Email,1,8,12.0,23.53,11.53,2.0,4.61,2.61
14,391,1.0,123,Cardiology,83,0.754,Email,Email,1,2,12.0,20.0,8.0,4.0,5.83,1.83
75,306,10.3,91,Oncology,78,0.227,Insights,All,1,4,10.0,17.27,7.27,3.0,4.3,1.3
76,24,1.2,80,Primary Care,92,0.605,Email,All,0,0,18.0,18.44,0.44,6.0,6.38,0.38
10,420,19.4,180,Neurology,87,0.385,Email,All,1,5,15.0,19.64,4.64,5.0,7.01,2.01
29,108,12.2,174,Primary Care,76,0.337,Insights,Insights,0,0,13.0,14.84,1.84,2.0,2.6,0.6
46,69,14.6,60,Oncology,71,0.226,All,Call,0,0,15.0,15.02,0.02,2.0,2.15,0.15
31,440,7.9,33,Neurology,80,0.5,All,All,1,2,12.0,20.02,8.02,2.0,3.35,1.35
58,98,14.5,120,Primary Care,84,0.947,Email,Email,1,4,10.0,19.11,9.11,3.0,4.77,1.77
21,269,6.0,31,Neurology,94,0.513,All,Email,1,1,18.0,23.51,5.51,5.0,7.62,2.62
5,243,14.3,123,Oncology,79,0.327,All,Call,0,0,13.0,13.07,0.07,5.0,5.33,0.33
27,385,14.9,28,Primary Care,88,0.763,Insights,Insights,1,2,17.0,24.58,7.58,5.0,5.93,0.93
48,23,11.4,109,Cardiology,88,0.417,All,All,1,3,15.0,23.95,8.95,3.0,4.81,1.81
15,54,5.6,103,Primary Care,70,0.118,All,Call,1,1,15.0,20.67,5.67,5.0,7.25,2.25
66,208,3.4,187,Cardiology,66,0.907,All,Email,0,0,16.0,16.71,0.71,3.0,3.24,0.24
1,237,18.1,130,Primary Care,69,0.497,All,All,1,6,18.0,25.56,7.56,5.0,7.18,2.18
6,395,11.4,159,Primary Care,82,0.363,Insights,Insights,1,1,17.0,22.96,5.96,1.0,2.78,1.78
41,303,8.8,52,Neurology,71,0.161,Call,Call,1,3,13.0,22.16,9.16,7.0,9.18,2.18
41,75,8.8,52,Oncology,88,0.31,All,Call,1,2,17.0,22.94,5.94,6.0,7.94,1.94
24,490,5.7,177,Cardiology,85,0.564,All,Email,1,4,24.0,31.56,7.56,2.0,3.24,1.24
21,230,6.0,31,Primary Care,92,0.26,Email,Email,1,3,20.0,27.09,7.09,3.0,4.3,1.3
6,483,11.4,159,Oncology,85,0.557,Call,Call,0,0,10.0,10.53,0.53,5.0,5.19,0.19
54,495,18.8,54,Oncology,68,0.358,Call,Email,0,0,13.0,13.13,0.13,0.0,0.03,0.03
31,26,7.9,33,Oncology,78,0.357,All,Insights,1,1,14.0,19.07,5.07,4.0,6.07,2.07
10,253,19.4,180,Oncology,86,0.74,Email,Email,0,0,17.0,17.28,0.28,3.0,3.07,0.07
32,212,11.7,170,Cardiology,70,0.076,Call,Call,0,0,7.0,7.41,0.41,3.0,3.05,0.05
75,250,10.3,91,Cardiology,91,0.692,Insights,Insights,0,0,21.0,21.12,0.12,3.0,3.16,0.16
21,155,6.0,31,Primary Care,70,0.546,Email,Email,0,0,11.0,11.15,0.15,5.0,5.42,0.42
72,280,5.3,163,Cardiology,73,0.54,All,All,1,6,14.0,23.47,9.47,6.0,9.89,3.89
21,247,6.0,31,Oncology,76,0.846,Call,Call,1,1,14.0,17.01,3.01,3.0,4.34,1.34
15,94,5.6,103,Cardiology,64,0.307,Email,Call,1,3,7.0,7.37,0.37,0.0,1.36,1.36
21,145,6.0,31,Primary Care,81,0.259,Call,Call,0,0,13.0,13.14,0.14,3.0,3.13,0.13
26,74,8.4,99,Cardiology,89,0.492,All,Call,1,2,16.0,18.66,2.66,6.0,7.47,1.47
10,422,19.4,180,Cardiology,88,0.557,Insights,Insights,1,2,18.0,24.27,6.27,6.0,7.99,1.99
48,339,11.4,109,Primary Care,82,0.594,Call,Call,1,2,19.0,26.2,7.2,1.0,1.99,0.99
27,194,14.9,28,Oncology,77,0.095,Call,Call,1,2,23.0,29.08,6.08,3.0,4.89,1.89
58,198,14.5,120,Oncology,69,0.558,All,All,1,5,19.0,23.41,4.41,2.0,4.22,2.22
40,40,4.2,152,Oncology,81,0.522,All,Call,0,0,16.0,16.61,0.61,0.0,0.07,0.07
36,145,9.2,60,Primary Care,81,0.259,All,Email,1,2,11.0,17.96,6.96,4.0,5.2,1.2
38,463,2.6,161,Neurology,64,0.253,Call,Call,1,2,14.0,21.47,7.47,1.0,1.17,0.17
13,16,7.9,51,Oncology,92,0.61,All,Email,1,1,12.0,18.21,6.21,3.0,4.7,1.7
58,74,14.5,120,Cardiology,89,0.492,All,All,1,7,9.0,20.79,11.79,5.0,8.19,3.19
9,424,12.2,167,Neurology,81,0.381,Call,Call,1,4,21.0,29.91,8.91,2.0,4.15,2.15
58,261,14.5,120,Primary Care,92,0.673,All,Call,1,3,18.0,28.38,10.38,5.0,8.07,3.07
80,17,5.0,190,Primary Care,85,0.339,All,Insights,1,1,17.0,22.27,5.27,3.0,4.3,1.3
62,245,11.3,183,Cardiology,73,0.766,All,Call,0,0,10.0,11.1,1.1,1.0,1.02,0.02
37,375,10.3,187,Cardiology,77,0.043,All,Insights,0,0,7.0,7.6,0.6,4.0,4.03,0.03
26,173,8.4,99,Primary Care,82,0.83,Call,Call,1,6,16.0,25.2,9.2,3.0,5.66,2.66
70,191,9.1,60,Cardiology,92,0.145,Insights,Call,0,0,13.0,13.26,0.26,6.0,6.15,0.15
21,316,6.0,31,Oncology,78,0.34,Email,Email,1,0,15.0,17.95,2.95,4.0,4.0,0.0
39,300,16.9,55,Cardiology,75,0.621,Insights,Email,0,0,17.0,18.06,1.06,3.0,3.32,0.32
62,452,11.3,183,Cardiology,71,0.233,Call,Call,1,2,10.0,14.27,4.27,4.0,5.23,1.23
74,124,19.7,62,Cardiology,64,0.774,Call,Call,1,2,16.0,20.8,4.8,7.0,8.33,1.33
74,139,19.7,62,Primary Care,72,0.319,All,Call,0,0,16.0,16.08,0.08,7.0,7.08,0.08
8,78,17.0,116,Oncology,75,0.333,Email,All,1,4,8.0,13.71,5.71,3.0,3.45,0.45
72,333,5.3,163,Cardiology,78,0.618,All,All,0,0,17.0,17.49,0.49,9.0,9.33,0.33
10,267,19.4,180,Primary Care,84,0.157,Call,Call,1,2,11.0,18.03,7.03,5.0,6.79,1.79
47,174,19.6,145,Neurology,102,0.101,Email,Email,1,1,14.0,19.98,5.98,5.0,6.23,1.23
75,348,10.3,91,Oncology,88,0.382,Email,Email,1,1,17.0,21.59,4.59,6.0,6.92,0.92
53,189,14.4,171,Neurology,77,0.106,Call,Call,1,3,13.0,20.47,7.47,3.0,4.62,1.62
76,98,1.2,80,Primary Care,84,0.947,Call,Call,0,0,11.0,11.24,0.24,4.0,4.12,0.12
28,270,19.3,22,Primary Care,86,0.471,Call,Insights,1,2,12.0,13.31,1.31,2.0,3.79,1.79
26,219,8.4,99,Neurology,73,0.039,Insights,Insights,0,0,8.0,8.01,0.01,7.0,7.45,0.45
27,203,14.9,28,Cardiology,81,0.321,Call,Call,1,1,15.0,17.54,2.54,4.0,4.66,0.66
29,223,12.2,174,Oncology,99,0.726,Email,Email,1,2,16.0,21.38,5.38,4.0,7.1,3.1
55,458,12.2,128,Primary Care,87,0.194,Call,Call,1,2,19.0,26.1,7.1,5.0,7.17,2.17
37,108,10.3,187,Primary Care,76,0.337,Email,Email,1,5,14.0,22.3,8.3,7.0,9.39,2.39
59,138,17.8,73,Neurology,74,0.142,Email,Email,0,0,8.0,8.25,0.25,7.0,7.0,0.0
34,283,1.0,82,Oncology,79,0.265,Email,Email,0,0,14.0,14.16,0.16,1.0,1.24,0.24
25,24,10.3,198,Primary Care,92,0.605,All,All,0,0,13.0,13.35,0.35,5.0,5.0,0.0
16,73,15.5,62,Primary Care,83,0.365,Insights,Insights,1,1,26.0,29.4,3.4,1.0,2.21,1.21
45,284,5.0,150,Primary Care,71,0.228,All,Insights,1,2,13.0,16.2,3.2,3.0,4.89,1.89
72,255,5.3,163,Cardiology,84,0.46,All,All,1,6,14.0,24.69,10.69,3.0,5.99,2.99
69,327,19.6,188,Neurology,80,0.283,Insights,Email,1,3,24.0,28.47,4.47,5.0,5.56,0.56
21,57,6.0,31,Neurology,74,0.438,Call,Call,1,4,12.0,21.12,9.12,3.0,4.89,1.89
39,427,16.9,55,Oncology,85,0.282,Email,Email,1,4,21.0,31.32,10.32,6.0,8.21,2.21
57,243,6.8,128,Oncology,79,0.327,Insights,Insights,0,0,16.0,16.17,0.17,3.0,3.16,0.16
49,78,14.2,24,Oncology,75,0.333,Call,All,1,2,22.0,26.21,4.21,3.0,3.81,0.81
6,156,11.4,159,Cardiology,82,0.277,Call,All,1,2,22.0,26.11,4.11,2.0,3.82,1.82
48,114,11.4,109,Neurology,81,0.42,All,Email,0,0,23.0,24.62,1.62,7.0,7.19,0.19
4,227,15.7,136,Cardiology,83,0.278,Email,Email,0,0,11.0,11.32,0.32,4.0,4.13,0.13
10,235,19.4,180,Primary Care,72,0.151,Email,Email,1,5,18.0,27.21,9.21,5.0,7.4,2.4
53,217,14.4,171,Cardiology,87,0.479,All,Email,1,3,5.0,11.67,6.67,5.0,6.77,1.77
9,231,12.2,167,Oncology,78,0.528,Call,Call,1,2,16.0,20.23,4.23,5.0,5.25,0.25
28,454,19.3,22,Cardiology,84,0.267,Call,Call,1,0,12.0,13.49,1.49,3.0,4.15,1.15
48,480,11.4,109,Primary Care,86,0.362,Email,Email,0,0,9.0,10.38,1.38,3.0,3.06,0.06
53,245,14.4,171,Cardiology,73,0.766,Call,Call,0,0,15.0,15.2,0.2,4.0,4.08,0.08
36,482,9.2,60,Oncology,82,0.164,All,All,1,2,13.0,18.19,5.19,4.0,6.17,2.17
8,410,17.0,116,Neurology,93,0.263,Insights,Insights,1,2,18.0,23.46,5.46,7.0,8.96,1.96
64,410,18.8,49,Neurology,93,0.263,Call,Insights,1,1,18.0,19.64,1.64,5.0,6.14,1.14
76,113,1.2,80,Neurology,73,0.145,Call,Call,0,0,17.0,17.54,0.54,4.0,4.19,0.19
72,220,5.3,163,Cardiology,75,0.559,Call,Call,1,1,17.0,20.33,3.33,7.0,8.28,1.28
60,177,13.3,137,Neurology,75,0.61,Insights,Insights,0,0,23.0,23.38,0.38,5.0,5.58,0.58
33,49,7.1,115,Primary Care,72,0.425,Call,Call,0,0,9.0,9.52,0.52,2.0,2.02,0.02
71,38,11.1,124,Oncology,84,0.363,Email,Email,1,2,23.0,28.55,5.55,3.0,5.52,2.52
40,312,4.2,152,Neurology,66,0.714,Insights,Call,0,0,10.0,11.8,1.8,3.0,3.55,0.55
11,211,14.7,189,Cardiology,92,0.527,All,Insights,0,0,15.0,15.19,0.19,7.0,7.03,0.03
69,413,19.6,188,Neurology,79,0.576,All,Call,1,3,14.0,18.23,4.23,7.0,8.82,1.82
26,335,8.4,99,Neurology,87,0.039,All,Email,1,4,14.0,24.55,10.55,5.0,7.22,2.22
76,43,1.2,80,Neurology,74,0.559,Insights,Insights,1,1,14.0,15.88,1.88,5.0,6.26,1.26
30,420,12.2,100,Neurology,87,0.385,All,Call,1,5,16.0,24.73,8.73,0.0,2.62,2.62
70,249,9.1,60,Oncology,95,0.217,All,Call,1,1,13.0,19.72,6.72,3.0,4.65,1.65
43,283,9.7,154,Oncology,79,0.265,Email,Email,1,4,12.0,22.0,10.0,2.0,5.39,3.39
38,483,2.6,161,Oncology,85,0.557,Call,Call,0,0,13.0,14.39,1.39,7.0,7.17,0.17
24,321,5.7,177,Oncology,80,0.224,Email,Email,0,0,13.0,14.65,1.65,6.0,6.08,0.08
67,12,8.8,42,Neurology,80,0.218,All,All,1,3,12.0,22.32,10.32,4.0,5.48,1.48
5,89,14.3,123,Primary Care,91,0.808,All,Email,0,0,13.0,13.45,0.45,6.0,6.17,0.17
38,214,2.6,161,Primary Care,80,0.677,All,Call,1,1,14.0,20.73,6.73,3.0,3.82,0.82
30,19,12.2,100,Primary Care,65,0.675,Call,Call,1,2,18.0,24.34,6.34,8.0,8.4,0.4
44,84,18.7,26,Cardiology,89,0.343,All,Email,0,0,17.0,17.14,0.14,2.0,2.34,0.34
21,396,6.0,31,Oncology,61,0.217,Email,Email,1,6,17.0,26.54,9.54,5.0,7.4,2.4
54,72,18.8,54,Cardiology,87,0.334,Email,Email,1,0,18.0,22.06,4.06,3.0,3.88,0.88
31,84,7.9,33,Cardiology,89,0.343,Insights,Insights,1,1,12.0,14.59,2.59,1.0,1.94,0.94
16,253,15.5,62,Oncology,86,0.74,All,All,1,4,18.0,24.45,6.45,5.0,7.26,2.26
16,46,15.5,62,Neurology,90,0.647,All,All,1,3,19.0,27.58,8.58,6.0,7.52,1.52
56,128,12.0,85,Primary Care,68,0.624,Call,Call,0,0,22.0,22.47,0.47,1.0,1.69,0.69
21,469,6.0,31,Cardiology,82,0.326,Call,Call,1,4,8.0,16.55,8.55,4.0,7.4,3.4
25,316,10.3,198,Oncology,78,0.34,Call,Call,0,0,7.0,7.59,0.59,5.0,5.43,0.43
51,482,15.3,66,Oncology,82,0.164,Email,Email,1,1,13.0,18.48,5.48,4.0,7.08,3.08
27,178,14.9,28,Oncology,75,0.326,All,All,0,0,8.0,8.38,0.38,3.0,3.35,0.35
32,309,11.7,170,Primary Care,92,0.488,Call,Call,1,2,16.0,19.69,3.69,6.0,7.09,1.09
20,120,4.7,153,Primary Care,76,0.259,Email,Email,0,0,17.0,17.03,0.03,1.0,1.03,0.03
28,190,19.3,22,Primary Care,84,0.621,Call,All,0,0,15.0,15.01,0.01,4.0,4.05,0.05
56,88,12.0,85,Neurology,81,0.53,All,Insights,1,3,20.0,25.61,5.61,4.0,4.0,0.0
43,417,9.7,154,Oncology,73,0.794,All,All,1,4,16.0,23.74,7.74,4.0,6.72,2.72
80,93,5.0,190,Primary Care,92,0.396,Email,Insights,0,0,18.0,19.53,1.53,2.0,2.51,0.51
62,103,11.3,183,Cardiology,67,0.095,Email,Email,1,2,14.0,21.63,7.63,2.0,3.65,1.65
2,232,6.3,75,Neurology,78,0.439,All,All,1,5,16.0,24.26,8.26,2.0,5.53,3.53
31,215,7.9,33,Oncology,88,0.42,Insights,Insights,1,0,13.0,15.48,2.48,1.0,1.58,0.58
24,157,5.7,177,Oncology,85,0.547,Call,Call,1,2,9.0,15.13,6.13,5.0,6.79,1.79
48,179,11.4,109,Cardiology,81,0.096,Email,Email,1,5,16.0,23.69,7.69,0.0,1.97,1.97
22,148,19.0,38,Neurology,80,0.513,All,Call,1,0,16.0,21.54,5.54,3.0,4.37,1.37
78,457,19.6,86,Neurology,105,0.438,All,Email,1,4,13.0,22.18,9.18,3.0,5.59,2.59
24,291,5.7,177,Primary Care,79,0.27,Email,Email,1,1,12.0,15.3,3.3,2.0,2.44,0.44
42,460,17.0,101,Primary Care,77,0.092,Email,Email,0,0,16.0,16.09,0.09,3.0,3.14,0.14
10,494,19.4,180,Oncology,64,0.439,Email,Email,1,3,16.0,21.82,5.82,5.0,6.68,1.68
73,326,9.5,80,Cardiology,85,0.18,Email,Email,0,0,14.0,14.08,0.08,3.0,3.03,0.03
73,413,9.5,80,Neurology,79,0.576,Email,Call,0,0,17.0,17.04,0.04,4.0,4.05,0.05
64,56,18.8,49,Cardiology,82,0.258,Email,Insights,0,0,18.0,18.08,0.08,4.0,4.12,0.12
29,475,12.2,174,Cardiology,80,0.758,Email,Email,0,0,18.0,18.46,0.46,5.0,5.38,0.38
5,242,14.3,123,Primary Care,74,0.264,Call,Call,1,4,15.0,24.81,9.81,4.0,6.69,2.69
57,357,6.8,128,Primary Care,73,0.27,Call,Call,1,3,16.0,22.08,6.08,4.0,5.83,1.83
35,123,17.5,101,Cardiology,74,0.458,Call,Call,0,0,11.0,11.86,0.86,7.0,7.03,0.03
80,48,5.0,190,Neurology,89,0.023,All,Email,0,0,17.0,17.11,0.11,7.0,7.05,0.05
56,443,12.0,85,Primary Care,86,0.185,Call,Call,1,6,17.0,27.91,10.91,6.0,9.03,3.03
44,225,18.7,26,Primary Care,78,0.565,All,Call,1,3,13.0,17.13,4.13,4.0,4.99,0.99
79,70,19.8,87,Primary Care,76,0.115,All,All,1,3,22.0,29.82,7.82,8.0,9.33,1.33
65,330,4.0,150,Oncology,70,0.262,All,Insights,1,2,9.0,15.09,6.09,5.0,5.46,0.46
37,28,10.3,187,Oncology,87,0.392,Email,Email,0,0,19.0,19.28,0.28,4.0,4.11,0.11
2,226,6.3,75,Primary Care,76,0.391,Email,Email,1,8,22.0,32.28,10.28,4.0,7.54,3.54
8,353,17.0,116,Primary Care,74,0.284,Insights,Insights,1,2,19.0,26.14,7.14,0.0,1.64,1.64
36,361,9.2,60,Primary Care,77,0.116,Email,All,1,5,10.0,11.47,1.47,3.0,4.25,1.25
45,227,5.0,150,Cardiology,83,0.278,Email,Email,0,0,15.0,15.99,0.99,7.0,7.02,0.02
3,185,1.5,33,Cardiology,94,0.671,Email,Email,0,0,23.0,23.56,0.56,3.0,3.45,0.45
11,420,14.7,189,Neurology,87,0.385,Insights,Insights,1,0,14.0,17.16,3.16,1.0,2.1,1.1
57,93,6.8,128,Primary Care,92,0.396,All,All,1,10,12.0,27.1,15.1,8.0,11.41,3.41
61,38,5.4,66,Oncology,84,0.363,Call,Call,0,0,10.0,11.59,1.59,4.0,4.29,0.29
3,79,1.5,33,Neurology,91,0.237,All,Call,1,3,15.0,23.41,8.41,1.0,3.2,2.2
41,401,8.8,52,Primary Care,88,0.017,All,All,1,1,11.0,20.7,9.7,8.0,9.53,1.53
7,235,16.5,42,Primary Care,72,0.151,Email,Email,1,4,9.0,15.44,6.44,4.0,7.32,3.32
58,19,14.5,120,Primary Care,65,0.675,Call,Call,1,2,7.0,13.23,6.23,4.0,5.61,1.61
67,85,8.8,42,Primary Care,100,0.396,Email,Email,1,5,15.0,25.45,10.45,2.0,5.21,3.21
70,15,9.1,60,Primary Care,71,0.274,All,All,1,5,14.0,23.05,9.05,3.0,6.0,3.0
48,408,11.4,109,Cardiology,85,0.605,All,Call,1,2,14.0,19.6,5.6,3.0,4.11,1.11
51,231,15.3,66,Oncology,78,0.528,Insights,Insights,0,0,18.0,19.47,1.47,2.0,2.46,0.46
75,35,10.3,91,Oncology,84,0.572,Insights,Insights,1,1,13.0,18.54,5.54,5.0,5.07,0.07
49,111,14.2,24,Cardiology,80,0.346,Call,Call,1,1,13.0,19.31,6.31,6.0,6.71,0.71
36,309,9.2,60,Primary Care,92,0.488,All,All,1,5,14.0,24.92,10.92,7.0,10.04,3.04
61,297,5.4,66,Primary Care,72,0.511,All,Insights,1,0,14.0,19.83,5.83,6.0,6.18,0.18
48,410,11.4,109,Neurology,93,0.263,All,All,0,0,15.0,15.03,0.03,3.0,3.14,0.14
68,13,3.4,153,Cardiology,82,0.227,Call,Email,1,1,17.0,20.46,3.46,4.0,5.37,1.37
42,35,17.0,101,Oncology,84,0.572,Email,Email,1,0,14.0,17.95,3.95,5.0,6.15,1.15
70,18,9.1,60,Neurology,84,0.29,Email,Insights,0,0,20.0,20.6,0.6,3.0,3.1,0.1
4,198,15.7,136,Oncology,69,0.558,Email,Email,1,0,17.0,18.49,1.49,5.0,5.7,0.7
3,364,1.5,33,Oncology,79,0.603,Insights,Insights,1,0,18.0,23.71,5.71,1.0,1.99,0.99
8,332,17.0,116,Primary Care,88,0.31,All,Email,1,3,15.0,22.96,7.96,4.0,6.53,2.53
45,106,5.0,150,Cardiology,97,0.804,All,Email,1,5,10.0,21.88,11.88,4.0,7.36,3.36
57,329,6.8,128,Cardiology,70,0.471,Email,Email,0,0,4.0,4.59,0.59,3.0,3.04,0.04
18,329,7.3,45,Cardiology,70,0.471,Call,Call,0,0,8.0,8.34,0.34,3.0,3.4,0.4
13,96,7.9,51,Oncology,78,0.538,Email,Email,0,0,16.0,16.0,0.0,2.0,2.04,0.04
69,375,19.6,188,Cardiology,77,0.043,All,All,0,0,15.0,15.06,0.06,5.0,5.08,0.08
61,212,5.4,66,Cardiology,70,0.076,All,All,1,1,8.0,9.79,1.79,5.0,6.64,1.64
52,30,18.3,191,Neurology,91,0.336,Call,All,1,4,14.0,19.1,5.1,7.0,8.66,1.66
40,196,4.2,152,Primary Care,70,0.377,Insights,Insights,1,1,21.0,25.04,4.04,7.0,8.94,1.94
34,385,1.0,82,Primary Care,88,0.763,Insights,Insights,0,0,19.0,20.37,1.37,6.0,6.05,0.05
2,349,6.3,75,Primary Care,63,0.195,Call,Call,0,0,13.0,13.06,0.06,5.0,5.05,0.05
16,135,15.5,62,Oncology,88,0.282,Email,Email,0,0,10.0,10.19,0.19,2.0,2.03,0.03
72,379,5.3,163,Oncology,88,0.243,Call,Insights,1,0,13.0,15.43,2.43,0.0,0.01,0.01
28,195,19.3,22,Primary Care,84,0.33,Email,Email,1,2,28.0,31.53,3.53,2.0,2.93,0.93
57,231,6.8,128,Oncology,78,0.528,Insights,Insights,0,0,13.0,14.88,1.88,4.0,4.32,0.32
57,44,6.8,128,Oncology,88,0.174,Call,Call,0,0,17.0,17.34,0.34,7.0,7.63,0.63
25,499,10.3,198,Oncology,68,0.052,All,All,0,0,16.0,16.34,0.34,4.0,4.19,0.19
17,420,14.5,38,Neurology,87,0.385,Insights,Insights,1,1,15.0,18.97,3.97,3.0,3.0,0.0
56,98,12.0,85,Primary Care,84,0.947,Insights,Insights,0,0,11.0,11.47,0.47,4.0,4.75,0.75
8,281,17.0,116,Primary Care,65,0.633,All,All,1,10,12.0,26.77,14.77,2.0,5.48,3.48
40,391,4.2,152,Cardiology,83,0.754,Call,Call,0,0,19.0,19.07,0.07,2.0,2.07,0.07
72,253,5.3,163,Oncology,86,0.74,Insights,Insights,0,0,16.0,16.48,0.48,3.0,3.12,0.12
57,106,6.8,128,Cardiology,97,0.804,Email,Email,1,4,11.0,18.7,7.7,5.0,7.66,2.66
62,485,11.3,183,Oncology,95,0.015,All,All,1,2,12.0,18.69,6.69,2.0,3.62,1.62
7,135,16.5,42,Oncology,88,0.282,Insights,Call,0,0,12.0,12.04,0.04,3.0,3.1,0.1
16,168,15.5,62,Oncology,67,0.519,Email,Call,1,2,14.0,17.0,3.0,4.0,5.38,1.38
23,186,8.9,67,Cardiology,82,0.35,Email,Email,1,2,19.0,22.97,3.97,2.0,3.42,1.42
24,446,5.7,177,Primary Care,98,0.446,All,Insights,1,2,21.0,24.89,3.89,1.0,2.69,1.69
16,251,15.5,62,Primary Care,90,0.67,Insights,All,0,0,13.0,13.33,0.33,8.0,8.11,0.11
78,360,19.6,86,Oncology,81,0.298,Insights,Insights,1,3,15.0,20.95,5.95,4.0,6.47,2.47
14,451,1.0,123,Neurology,74,0.702,Call,Call,0,0,18.0,18.37,0.37,5.0,5.77,0.77
57,465,6.8,128,Neurology,83,0.399,Insights,Email,1,3,22.0,28.6,6.6,2.0,3.69,1.69
47,429,19.6,145,Oncology,91,0.722,Insights,Insights,1,0,15.0,16.99,1.99,5.0,7.05,2.05
49,454,14.2,24,Cardiology,84,0.267,Email,Email,1,1,11.0,15.11,4.11,3.0,4.57,1.57
18,475,7.3,45,Cardiology,80,0.758,Insights,Insights,1,4,13.0,24.4,11.4,3.0,5.26,2.26
25,496,10.3,198,Cardiology,78,0.351,Insights,Insights,1,1,14.0,17.85,3.85,4.0,5.58,1.58
49,322,14.2,24,Oncology,79,0.407,All,Insights,0,0,13.0,13.04,0.04,2.0,2.09,0.09
24,66,5.7,177,Neurology,84,0.648,Call,Email,1,4,14.0,21.27,7.27,2.0,3.87,1.87
56,57,12.0,85,Neurology,74,0.438,Call,Call,1,4,8.0,15.74,7.74,3.0,5.76,2.76
4,399,15.7,136,Cardiology,77,0.525,All,Email,0,0,16.0,16.09,0.09,4.0,4.05,0.05
6,159,11.4,159,Cardiology,86,0.338,All,Call,0,0,14.0,14.93,0.93,3.0,3.22,0.22
59,403,17.8,73,Primary Care,85,0.41,Email,Email,0,0,14.0,14.13,0.13,10.0,10.1,0.1
50,468,8.5,157,Primary Care,86,0.101,All,Call,0,0,7.0,7.27,0.27,6.0,6.26,0.26
4,323,15.7,136,Cardiology,79,0.305,Email,Email,0,0,17.0,17.08,0.08,1.0,1.48,0.48
72,383,5.3,163,Cardiology,73,0.163,All,All,1,7,15.0,26.39,11.39,6.0,8.95,2.95
1,140,18.1,130,Primary Care,79,0.139,Email,Email,1,1,15.0,22.99,7.99,2.0,3.24,1.24
77,218,5.6,150,Cardiology,77,0.354,Call,Call,1,4,26.0,33.24,7.24,4.0,6.56,2.56
59,483,17.8,73,Oncology,85,0.557,All,All,1,3,13.0,22.16,9.16,4.0,6.23,2.23
80,409,5.0,190,Primary Care,87,0.647,Email,Email,0,0,17.0,17.03,0.03,0.0,0.07,0.07
76,103,1.2,80,Cardiology,67,0.095,All,Call,0,0,16.0,17.03,1.03,3.0,3.05,0.05
26,469,8.4,99,Cardiology,82,0.326,Call,Insights,1,1,10.0,13.23,3.23,1.0,1.43,0.43
61,250,5.4,66,Cardiology,91,0.692,Email,Email,1,4,13.0,21.75,8.75,0.0,1.37,1.37
17,422,14.5,38,Cardiology,88,0.557,All,Email,0,0,20.0,20.23,0.23,3.0,3.04,0.04
38,261,2.6,161,Primary Care,92,0.673,Insights,Call,1,0,12.0,14.31,2.31,4.0,4.71,0.71
20,302,4.7,153,Primary Care,86,0.283,All,All,1,3,10.0,16.14,6.14,5.0,6.55,1.55
39,81,16.9,55,Cardiology,93,0.439,All,Email,1,2,9.0,15.24,6.24,5.0,5.72,0.72
70,170,9.1,60,Oncology,85,0.258,Email,Email,0,0,21.0,21.19,0.19,6.0,6.34,0.34
35,362,17.5,101,Cardiology,86,0.334,Call,All,1,1,11.0,14.18,3.18,4.0,4.03,0.03
8,422,17.0,116,Cardiology,88,0.557,Call,Call,1,1,13.0,17.44,4.44,7.0,7.42,0.42
26,45,8.4,99,Primary Care,74,0.138,Insights,Insights,0,0,23.0,23.25,0.25,0.0,0.22,0.22
63,39,15.4,190,Oncology,77,0.367,Email,Email,0,0,20.0,20.55,0.55,5.0,5.36,0.36
42,347,17.0,101,Primary Care,75,0.174,Call,Call,1,3,24.0,32.36,8.36,3.0,4.85,1.85
45,224,5.0,150,Neurology,77,0.28,All,Call,1,2,19.0,25.07,6.07,4.0,6.22,2.22
35,425,17.5,101,Cardiology,86,0.128,Email,Email,1,4,11.0,20.99,9.99,4.0,4.67,0.67
24,35,5.7,177,Oncology,84,0.572,All,All,1,7,15.0,26.27,11.27,1.0,4.33,3.33
48,175,11.4,109,Oncology,86,0.074,Call,Call,0,0,13.0,13.28,0.28,3.0,3.04,0.04
51,18,15.3,66,Neurology,84,0.29,Email,Email,1,3,12.0,18.91,6.91,4.0,5.43,1.43
72,355,5.3,163,Cardiology,79,0.655,Email,Email,0,0,21.0,21.3,0.3,6.0,6.21,0.21
50,429,8.5,157,Oncology,91,0.722,Email,Email,1,1,13.0,18.78,5.78,9.0,10.04,1.04
80,79,5.0,190,Neurology,91,0.237,Insights,Insights,1,3,13.0,20.14,7.14,4.0,6.47,2.47
67,162,8.8,42,Oncology,74,0.62,Email,Email,1,2,11.0,18.37,7.37,4.0,4.79,0.79
7,423,16.5,42,Neurology,84,0.471,All,All,1,5,18.0,29.49,11.49,4.0,6.06,2.06
32,21,11.7,170,Cardiology,74,0.415,All,Call,1,1,16.0,22.89,6.89,3.0,3.39,0.39
31,477,7.9,33,Primary Care,81,0.627,Email,Email,0,0,11.0,11.05,0.05,3.0,3.09,0.09
1,444,18.1,130,Oncology,81,0.234,All,All,1,6,14.0,22.57,8.57,1.0,3.43,2.43
15,77,5.6,103,Neurology,75,0.827,All,Insights,1,0,13.0,18.78,5.78,5.0,5.8,0.8
61,70,5.4,66,Primary Care,76,0.115,Email,Email,1,3,18.0,25.14,7.14,5.0,7.12,2.12
29,346,12.2,174,Neurology,88,0.173,All,Email,0,0,16.0,16.11,0.11,2.0,2.07,0.07
12,6,13.9,58,Primary Care,70,0.138,Call,Call,1,3,11.0,16.69,5.69,5.0,5.91,0.91
23,253,8.9,67,Oncology,86,0.74,Insights,Insights,1,4,20.0,27.9,7.9,4.0,6.53,2.53
22,33,19.0,38,Oncology,98,0.68,Email,Email,1,2,12.0,15.45,3.45,2.0,3.97,1.97
14,266,1.0,123,Neurology,93,0.138,All,All,1,4,11.0,20.62,9.62,2.0,5.25,3.25
9,176,12.2,167,Primary Care,83,0.723,All,Call,1,3,11.0,17.98,6.98,4.0,6.06,2.06
62,354,11.3,183,Cardiology,77,0.52,All,Call,1,3,14.0,20.27,6.27,4.0,5.88,1.88
66,441,3.4,187,Oncology,82,0.069,All,Insights,0,0,12.0,12.49,0.49,2.0,2.07,0.07
40,245,4.2,152,Cardiology,73,0.766,Email,Email,0,0,10.0,10.21,0.21,5.0,5.45,0.45
50,321,8.5,157,Oncology,80,0.224,Insights,Insights,1,1,11.0,14.73,3.73,3.0,4.18,1.18
74,301,19.7,62,Oncology,79,0.068,Call,Call,1,1,11.0,16.06,5.06,6.0,6.84,0.84
68,493,3.4,153,Neurology,73,0.058,Email,Email,1,5,14.0,25.42,11.42,3.0,5.61,2.61
3,116,1.5,33,Oncology,75,0.172,Email,Insights,0,0,8.0,8.0,0.0,4.0,4.01,0.01
77,120,5.6,150,Primary Care,76,0.259,All,Call,1,1,16.0,22.22,6.22,3.0,4.09,1.09
6,190,11.4,159,Primary Care,84,0.621,Insights,Insights,1,3,8.0,14.24,6.24,4.0,5.32,1.32
3,369,1.5,33,Oncology,91,0.499,Email,Insights,0,0,16.0,16.48,0.48,3.0,3.54,0.54
33,433,7.1,115,Cardiology,83,0.355,All,Insights,1,3,14.0,21.59,7.59,5.0,6.56,1.56
60,140,13.3,137,Primary Care,79,0.139,All,Email,1,2,13.0,19.11,6.11,9.0,10.14,1.14
7,55,16.5,42,Primary Care,85,0.307,Call,Call,0,0,22.0,22.31,0.31,0.0,0.26,0.26
24,305,5.7,177,Primary Care,80,0.047,Call,Call,1,1,18.0,22.69,4.69,5.0,5.92,0.92
22,299,19.0,38,Oncology,81,0.553,All,All,1,2,14.0,17.35,3.35,9.0,11.56,2.56
32,188,11.7,170,Cardiology,91,0.228,Insights,All,0,0,20.0,20.38,0.38,3.0,3.1,0.1
79,93,19.8,87,Primary Care,92,0.396,Call,Call,1,2,15.0,19.22,4.22,2.0,2.79,0.79
27,425,14.9,28,Cardiology,86,0.128,Insights,Insights,1,2,17.0,21.06,4.06,5.0,6.57,1.57
17,424,14.5,38,Neurology,81,0.381,Email,Call,1,5,20.0,25.27,5.27,4.0,5.32,1.32
10,374,19.4,180,Oncology,77,0.751,Insights,Insights,0,0,6.0,6.06,0.06,3.0,3.19,0.19
16,290,15.5,62,Primary Care,89,0.269,Call,Call,0,0,10.0,10.01,0.01,6.0,6.0,0.0
11,131,14.7,189,Neurology,69,0.687,Call,Call,1,3,14.0,22.53,8.53,7.0,9.32,2.32
46,202,14.6,60,Oncology,69,0.55,Call,Call,1,3,21.0,27.32,6.32,2.0,3.8,1.8
34,35,1.0,82,Oncology,84,0.572,Insights,Insights,0,0,11.0,11.19,0.19,6.0,6.74,0.74
40,125,4.2,152,Neurology,79,0.505,Call,Call,0,0,18.0,18.91,0.91,4.0,4.71,0.71
67,226,8.8,42,Primary Care,76,0.391,Call,Call,1,1,20.0,25.63,5.63,5.0,6.15,1.15
47,219,19.6,145,Neurology,73,0.039,Email,Email,0,0,12.0,12.12,0.12,6.0,6.72,0.72
13,41,7.9,51,Oncology,79,0.401,All,Email,1,3,12.0,19.72,7.72,7.0,8.59,1.59
31,479,7.9,33,Neurology,91,0.661,Email,All,0,0,14.0,15.54,1.54,4.0,4.47,0.47
26,135,8.4,99,Oncology,88,0.282,Call,All,0,0,17.0,18.03,1.03,5.0,5.16,0.16
67,255,8.8,42,Cardiology,84,0.46,Email,Email,0,0,12.0,12.29,0.29,2.0,2.55,0.55
25,233,10.3,198,Neurology,77,0.726,All,Email,1,3,7.0,14.12,7.12,4.0,5.47,1.47
12,235,13.9,58,Primary Care,72,0.151,Call,Call,0,0,14.0,14.0,0.0,1.0,1.16,0.16
59,423,17.8,73,Neurology,84,0.471,Call,Call,1,0,14.0,16.77,2.77,3.0,3.83,0.83
35,374,17.5,101,Oncology,77,0.751,All,All,1,8,15.0,28.52,13.52,7.0,10.6,3.6
8,434,17.0,116,Oncology,69,0.545,All,Call,1,2,15.0,21.2,6.2,4.0,6.23,2.23
56,190,12.0,85,Primary Care,84,0.621,Insights,Call,0,0,19.0,19.14,0.14,5.0,5.02,0.02
17,133,14.5,38,Oncology,88,0.176,Call,Call,0,0,22.0,22.05,0.05,1.0,1.46,0.46
70,214,9.1,60,Primary Care,80,0.677,All,All,1,0,14.0,19.68,5.68,8.0,9.97,1.97
67,281,8.8,42,Primary Care,65,0.633,All,Insights,1,2,21.0,25.29,4.29,4.0,5.72,1.72
30,169,12.2,100,Neurology,85,0.207,All,All,0,0,8.0,8.14,0.14,3.0,3.15,0.15
45,231,5.0,150,Oncology,78,0.528,All,All,1,3,16.0,23.12,7.12,7.0,8.62,1.62
46,76,14.6,60,Oncology,85,0.826,All,All,1,0,16.0,19.17,3.17,4.0,4.64,0.64
53,292,14.4,171,Cardiology,67,0.446,All,All,0,0,20.0,21.1,1.1,5.0,5.05,0.05
6,357,11.4,159,Primary Care,73,0.27,Email,Email,1,5,18.0,29.69,11.69,3.0,6.65,3.65
26,264,8.4,99,Primary Care,85,0.184,All,Call,1,1,18.0,23.37,5.37,1.0,1.95,0.95
14,437,1.0,123,Oncology,82,0.121,All,All,1,0,12.0,16.43,4.43,6.0,6.07,0.07
56,498,12.0,85,Oncology,69,0.581,Insights,Insights,1,1,16.0,23.17,7.17,8.0,9.86,1.86
6,453,11.4,159,Cardiology,81,0.285,Call,Call,1,3,12.0,19.77,7.77,2.0,3.46,1.46
42,47,17.0,101,Neurology,98,0.51,Call,Call,0,0,11.0,11.07,0.07,1.0,1.07,0.07
59,441,17.8,73,Oncology,82,0.069,All,Call,1,0,14.0,17.73,3.73,2.0,3.28,1.28
76,167,1.2,80,Primary Care,82,0.32,Insights,Insights,1,2,20.0,26.12,6.12,3.0,5.16,2.16
24,226,5.7,177,Primary Care,76,0.391,Email,Call,1,1,13.0,15.07,2.07,3.0,3.0,0.0
1,206,18.1,130,Oncology,91,0.39,Insights,Insights,1,2,21.0,28.19,7.19,6.0,7.81,1.81
58,143,14.5,120,Neurology,88,0.131,Email,Email,0,0,13.0,13.08,0.08,3.0,3.46,0.46
1,439,18.1,130,Cardiology,74,0.493,Call,Call,0,0,15.0,15.18,0.18,4.0,4.18,0.18
6,319,11.4,159,Cardiology,76,0.391,Insights,Insights,0,0,23.0,23.76,0.76,4.0,4.02,0.02
80,484,5.0,190,Oncology,81,0.394,Insights,Insights,1,1,22.0,26.93,4.93,4.0,4.18,0.18
70,478,9.1,60,Cardiology,95,0.507,Email,Email,1,1,19.0,25.36,6.36,6.0,7.0,1.0
57,210,6.8,128,Neurology,81,0.65,Email,Email,1,6,18.0,30.5,12.5,7.0,9.28,2.28
67,364,8.8,42,Oncology,79,0.603,Call,Call,1,2,19.0,25.29,6.29,8.0,9.62,1.62
7,252,16.5,42,Cardiology,74,0.789,Insights,Insights,1,1,18.0,20.95,2.95,5.0,5.51,0.51
8,248,17.0,116,Cardiology,80,0.411,All,All,0,0,6.0,6.25,0.25,3.0,3.42,0.42
25,370,10.3,198,Neurology,75,0.29,All,All,0,0,16.0,16.24,0.24,4.0,4.03,0.03
2,345,6.3,75,Oncology,68,0.107,All,All,0,0,17.0,18.04,1.04,2.0,2.12,0.12
72,456,5.3,163,Cardiology,75,0.223,Call,Email,0,0,22.0,22.11,0.11,4.0,4.06,0.06
5,387,14.3,123,Neurology,69,0.094,Email,Call,0,0,10.0,11.13,1.13,7.0,7.05,0.05
44,312,18.7,26,Neurology,66,0.714,All,All,1,2,14.0,20.26,6.26,6.0,6.81,0.81
69,460,19.6,188,Primary Care,77,0.092,Insights,Insights,0,0,7.0,7.65,0.65,4.0,4.05,0.05
59,52,17.8,73,Cardiology,70,0.308,Email,Email,1,3,14.0,18.53,4.53,6.0,7.05,1.05
19,382,12.9,81,Cardiology,72,0.608,Insights,Insights,0,0,10.0,10.38,0.38,6.0,6.09,0.09
38,197,2.6,161,Primary Care,70,0.318,Insights,Insights,1,1,11.0,17.3,6.3,4.0,4.94,0.94
44,217,18.7,26,Cardiology,87,0.479,Call,Call,1,1,13.0,18.72,5.72,2.0,3.7,1.7
62,391,11.3,183,Cardiology,83,0.754,Email,Email,1,3,18.0,24.97,6.97,4.0,5.04,1.04
35,137,17.5,101,Cardiology,70,0.134,Insights,Email,1,5,15.0,21.5,6.5,5.0,6.33,1.33
23,442,8.9,67,Neurology,86,0.281,Email,Email,1,5,12.0,21.61,9.61,7.0,10.3,3.3
64,250,18.8,49,Cardiology,91,0.692,Call,Call,1,2,16.0,22.28,6.28,8.0,9.78,1.78
71,175,11.1,124,Oncology,86,0.074,All,Email,1,7,16.0,24.92,8.92,2.0,4.64,2.64
40,165,4.2,152,Primary Care,74,0.219,All,Call,0,0,13.0,13.2,0.2,7.0,7.1,0.1
3,211,1.5,33,Cardiology,92,0.527,Call,Call,1,1,11.0,18.55,7.55,4.0,5.05,1.05
41,472,8.8,52,Cardiology,75,0.516,Email,Email,1,3,15.0,19.87,4.87,6.0,8.1,2.1
72,52,5.3,163,Cardiology,70,0.308,Call,Call,1,2,16.0,20.47,4.47,3.0,4.01,1.01
80,254,5.0,190,Oncology,81,0.098,Call,Call,0,0,12.0,12.01,0.01,2.0,2.24,0.24
33,418,7.1,115,Cardiology,83,0.342,All,Call,0,0,13.0,13.01,0.01,5.0,5.03,0.03
13,237,7.9,51,Primary Care,69,0.497,All,All,1,2,10.0,14.69,4.69,2.0,3.6,1.6
46,284,14.6,60,Primary Care,71,0.228,Call,Email,0,0,15.0,15.18,0.18,4.0,4.05,0.05
67,175,8.8,42,Oncology,86,0.074,All,All,1,4,12.0,23.45,11.45,5.0,8.13,3.13
76,69,1.2,80,Oncology,71,0.226,Call,Email,0,0,17.0,17.12,0.12,5.0,5.01,0.01
5,320,14.3,123,Neurology,76,0.818,Insights,Insights,1,2,16.0,21.01,5.01,4.0,4.8,0.8
24,460,5.7,177,Primary Care,77,0.092,All,Email,0,0,23.0,23.36,0.36,5.0,5.5,0.5
39,261,16.9,55,Primary Care,92,0.673,Email,Email,1,1,14.0,17.77,3.77,2.0,2.45,0.45
8,217,17.0,116,Cardiology,87,0.479,Call,All,1,1,17.0,19.95,2.95,1.0,1.0,0.0
71,65,11.1,124,Cardiology,87,0.215,All,Insights,1,0,13.0,18.07,5.07,3.0,3.77,0.77
9,473,12.2,167,Oncology,95,0.199,Call,Call,1,2,14.0,21.63,7.63,6.0,7.72,1.72
54,435,18.8,54,Oncology,85,0.598,Call,Email,1,5,11.0,17.66,6.66,7.0,9.11,2.11
74,451,19.7,62,Neurology,74,0.702,Email,Email,1,6,9.0,18.19,9.19,1.0,3.72,2.72
55,180,12.2,128,Primary Care,79,0.23,Call,Call,0,0,21.0,21.24,0.24,1.0,1.02,0.02
62,313,11.3,183,Primary Care,78,0.792,Insights,Insights,0,0,18.0,18.29,0.29,6.0,6.2,0.2
22,217,19.0,38,Cardiology,87,0.479,Call,Call,1,1,12.0,18.63,6.63,6.0,7.13,1.13
67,118,8.8,42,Oncology,79,0.377,Call,Call,1,4,16.0,24.76,8.76,4.0,6.56,2.56
34,103,1.0,82,Cardiology,67,0.095,Call,Call,0,0,10.0,10.27,0.27,5.0,5.24,0.24
5,192,14.3,123,Neurology,63,0.339,Insights,Insights,0,0,19.0,19.08,0.08,3.0,3.67,0.67
30,277,12.2,100,Neurology,67,0.525,All,All,0,0,12.0,12.16,0.16,4.0,4.78,0.78
28,62,19.3,22,Neurology,83,0.649,Insights,Insights,0,0,10.0,10.78,0.78,4.0,4.03,0.03
42,352,17.0,101,Oncology,76,0.756,Insights,Insights,1,0,15.0,19.24,4.24,2.0,3.44,1.44
22,229,19.0,38,Primary Care,81,0.425,All,All,1,5,18.0,23.76,5.76,3.0,5.16,2.16
37,441,10.3,187,Oncology,82,0.069,Email,Email,1,4,8.0,15.67,7.67,5.0,7.18,2.18
35,140,17.5,101,Primary Care,79,0.139,Call,Call,0,0,17.0,17.34,0.34,4.0,4.0,0.0
27,26,14.9,28,Oncology,78,0.357,Email,Email,0,0,15.0,15.06,0.06,6.0,6.07,0.07
56,157,12.0,85,Oncology,85,0.547,Call,Call,0,0,15.0,16.27,1.27,3.0,3.16,0.16
25,487,10.3,198,Primary Care,69,0.447,All,All,0,0,15.0,15.11,0.11,2.0,2.1,0.1
62,161,11.3,183,Primary Care,69,0.591,Call,Call,1,6,17.0,24.23,7.23,5.0,8.82,3.82
21,352,6.0,31,Oncology,76,0.756,All,Call,1,1,13.0,18.73,5.73,7.0,9.29,2.29
70,422,9.1,60,Cardiology,88,0.557,Email,Email,0,0,25.0,25.28,0.28,3.0,3.24,0.24
30,143,12.2,100,Neurology,88,0.131,Call,Call,1,3,20.0,27.98,7.98,1.0,2.28,1.28
4,322,15.7,136,Oncology,79,0.407,Call,Call,1,4,19.0,27.4,8.4,0.0,2.19,2.19
12,103,13.9,58,Cardiology,67,0.095,Email,Email,0,0,16.0,16.3,0.3,5.0,5.39,0.39
65,182,4.0,150,Neurology,70,0.403,Call,Call,1,3,15.0,22.08,7.08,3.0,5.43,2.43
70,149,9.1,60,Neurology,68,0.531,Insights,All,1,5,15.0,21.16,6.16,2.0,3.95,1.95
17,337,14.5,38,Primary Care,80,0.413,Call,Call,1,2,14.0,22.67,8.67,6.0,7.48,1.48
49,438,14.2,24,Cardiology,88,0.581,All,All,1,3,15.0,22.97,7.97,3.0,4.12,1.12
46,127,14.6,60,Cardiology,63,0.593,All,All,0,0,19.0,19.95,0.95,4.0,4.06,0.06
11,146,14.7,189,Primary Care,89,0.01,Call,Call,1,2,15.0,21.61,6.61,3.0,6.11,3.11
37,411,10.3,187,Cardiology,82,0.642,All,All,0,0,8.0,8.68,0.68,4.0,4.18,0.18
56,232,12.0,85,Neurology,78,0.439,Email,Email,0,0,13.0,13.33,0.33,4.0,4.06,0.06
78,257,19.6,86,Neurology,92,0.677,Call,Call,0,0,14.0,14.13,0.13,3.0,3.36,0.36
68,353,3.4,153,Primary Care,74,0.284,Call,Call,0,0,20.0,20.22,0.22,4.0,4.28,0.28
8,69,17.0,116,Oncology,71,0.226,Insights,Insights,1,2,19.0,24.1,5.1,1.0,2.45,1.45
20,436,4.7,153,Neurology,80,0.202,Insights,Insights,0,0,13.0,15.05,2.05,6.0,6.65,0.65
35,183,17.5,101,Primary Care,68,0.476,Insights,Insights,1,1,19.0,22.11,3.11,4.0,5.74,1.74
13,330,7.9,51,Oncology,70,0.262,All,Insights,0,0,18.0,18.5,0.5,4.0,4.02,0.02
46,217,14.6,60,Cardiology,87,0.479,Call,All,1,4,11.0,15.5,4.5,3.0,4.44,1.44
1,377,18.1,130,Primary Care,70,0.168,All,All,1,4,17.0,24.99,7.99,5.0,6.24,1.24
10,306,19.4,180,Oncology,78,0.227,Insights,Insights,0,0,18.0,18.43,0.43,3.0,3.11,0.11
4,87,15.7,136,Oncology,82,0.544,Call,Call,0,0,16.0,16.64,0.64,3.0,3.81,0.81
24,94,5.7,177,Cardiology,64,0.307,Call,Call,0,0,11.0,12.78,1.78,3.0,3.46,0.46
61,439,5.4,66,Cardiology,74,0.493,Call,All,1,3,10.0,13.61,3.61,6.0,7.08,1.08
15,260,5.6,103,Cardiology,90,0.209,Call,Email,0,0,20.0,21.16,1.16,2.0,2.44,0.44
79,138,19.8,87,Neurology,74,0.142,All,All,0,0,23.0,23.0,0.0,3.0,3.03,0.03
22,72,19.0,38,Cardiology,87,0.334,Call,Insights,1,3,15.0,15.0,0.0,3.0,4.36,1.36
4,65,15.7,136,Cardiology,87,0.215,Email,Call,1,1,10.0,12.23,2.23,7.0,8.06,1.06
27,460,14.9,28,Primary Care,77,0.092,All,Call,0,0,16.0,17.32,1.32,4.0,4.17,0.17
60,489,13.3,137,Primary Care,80,0.863,Insights,Insights,1,1,9.0,12.77,3.77,6.0,8.12,2.12
9,197,12.2,167,Primary Care,70,0.318,All,Email,1,1,23.0,28.52,5.52,0.0,1.33,1.33
6,101,11.4,159,Cardiology,69,0.507,Insights,Insights,1,3,29.0,37.07,8.07,1.0,3.18,2.18
68,210,3.4,153,Neurology,81,0.65,Insights,Insights,1,2,14.0,20.61,6.61,3.0,3.92,0.92
48,69,11.4,109,Oncology,71,0.226,Call,Call,1,1,30.0,35.43,5.43,2.0,2.71,0.71
28,275,19.3,22,Cardiology,94,0.648,Insights,Insights,1,0,20.0,24.8,4.8,2.0,2.24,0.24
61,314,5.4,66,Primary Care,80,0.738,Call,Call,1,2,14.0,20.95,6.95,3.0,4.81,1.81
68,493,3.4,153,Neurology,73,0.058,Email,Email,0,0,15.0,15.02,0.02,3.0,3.04,0.04
29,160,12.2,174,Primary Care,88,0.064,All,All,1,8,14.0,25.53,11.53,3.0,5.81,2.81
45,99,5.0,150,Neurology,72,0.758,All,Call,0,0,17.0,17.31,0.31,3.0,3.37,0.37
1,67,18.1,130,Oncology,87,0.465,Insights,All,1,5,16.0,22.89,6.89,5.0,6.67,1.67
25,189,10.3,198,Neurology,77,0.106,Call,Call,1,1,15.0,18.75,3.75,7.0,7.07,0.07
48,301,11.4,109,Oncology,79,0.068,All,All,0,0,17.0,17.39,0.39,5.0,5.11,0.11
16,34,15.5,62,Primary Care,71,0.112,Email,Email,1,1,12.0,16.2,4.2,3.0,4.31,1.31
80,380,5.0,190,Oncology,73,0.049,Call,Call,1,2,20.0,26.15,6.15,5.0,5.87,0.87
78,231,19.6,86,Oncology,78,0.528,Email,Call,1,2,14.0,18.66,4.66,7.0,7.78,0.78
21,397,6.0,31,Primary Care,90,0.631,Email,Email,1,4,16.0,25.56,9.56,2.0,3.82,1.82
32,232,11.7,170,Neurology,78,0.439,Email,Email,0,0,17.0,17.38,0.38,4.0,4.31,0.31
16,78,15.5,62,Oncology,75,0.333,All,All,0,0,16.0,16.95,0.95,2.0,2.17,0.17
41,11,8.8,52,Primary Care,81,0.098,Email,All,1,3,13.0,17.35,4.35,8.0,8.44,0.44
10,279,19.4,180,Cardiology,75,0.657,All,All,1,3,10.0,17.21,7.21,6.0,9.02,3.02
32,270,11.7,170,Primary Care,86,0.471,All,Insights,1,2,17.0,22.82,5.82,5.0,5.82,0.82
45,407,5.0,150,Primary Care,87,0.244,Email,Email,0,0,14.0,16.27,2.27,5.0,5.45,0.45
49,439,14.2,24,Cardiology,74,0.493,All,Email,1,3,27.0,35.36,8.36,4.0,5.78,1.78
48,81,11.4,109,Cardiology,93,0.439,Call,Call,1,3,15.0,22.36,7.36,4.0,7.11,3.11
18,158,7.3,45,Cardiology,88,0.423,All,Insights,1,1,32.0,39.16,7.16,1.0,1.0,0.0
64,104,18.8,49,Neurology,82,0.246,Call,Call,1,3,20.0,27.18,7.18,4.0,5.44,1.44
56,54,12.0,85,Primary Care,70,0.118,Call,Email,0,0,15.0,15.08,0.08,5.0,5.03,0.03
61,2,5.4,66,Neurology,86,0.643,Call,Insights,1,2,14.0,16.85,2.85,4.0,4.88,0.88
38,42,2.6,161,Oncology,78,0.55,All,All,1,6,9.0,19.08,10.08,3.0,5.56,2.56
72,263,5.3,163,Neurology,68,0.33,Email,Email,0,0,18.0,18.22,0.22,4.0,4.21,0.21
32,76,11.7,170,Oncology,85,0.826,All,All,1,2,21.0,27.1,6.1,7.0,7.28,0.28
65,98,4.0,150,Primary Care,84,0.947,Email,Insights,1,0,16.0,18.87,2.87,2.0,2.36,0.36
17,59,14.5,38,Cardiology,77,0.309,Insights,Insights,0,0,13.0,13.28,0.28,4.0,4.04,0.04
20,363,4.7,153,Neurology,69,0.139,Call,Call,1,5,12.0,18.84,6.84,3.0,5.93,2.93
43,318,9.7,154,Oncology,73,0.571,Email,Email,1,6,13.0,21.43,8.43,2.0,3.48,1.48
45,482,5.0,150,Oncology,82,0.164,Email,Email,0,0,21.0,21.29,0.29,3.0,3.1,0.1
60,56,13.3,137,Cardiology,82,0.258,Call,Call,1,3,12.0,16.67,4.67,0.0,1.74,1.74
24,105,5.7,177,Cardiology,70,0.342,All,Insights,0,0,16.0,16.17,0.17,5.0,5.16,0.16
70,228,9.1,60,Cardiology,78,0.41,All,All,0,0,16.0,16.11,0.11,4.0,4.19,0.19
27,325,14.9,28,Neurology,75,0.759,Email,Email,1,5,15.0,23.28,8.28,3.0,5.36,2.36
43,66,9.7,154,Neurology,84,0.648,Call,Call,1,1,18.0,24.5,6.5,6.0,7.85,1.85
75,106,10.3,91,Cardiology,97,0.804,Email,All,1,7,8.0,13.7,5.7,3.0,5.43,2.43
44,211,18.7,26,Cardiology,92,0.527,All,All,1,5,15.0,21.84,6.84,4.0,6.16,2.16
55,10,12.2,128,Oncology,62,0.232,All,All,0,0,20.0,20.06,0.06,3.0,3.43,0.43
73,198,9.5,80,Oncology,69,0.558,All,All,0,0,14.0,14.3,0.3,2.0,2.02,0.02
78,380,19.6,86,Oncology,73,0.049,All,All,1,0,16.0,21.19,5.19,6.0,7.42,1.42
40,264,4.2,152,Primary Care,85,0.184,Call,Call,0,0,17.0,17.34,0.34,3.0,3.23,0.23
34,218,1.0,82,Cardiology,77,0.354,Call,Call,0,0,17.0,17.41,0.41,1.0,1.2,0.2
16,244,15.5,62,Oncology,85,0.513,All,Email,1,1,16.0,21.16,5.16,3.0,4.23,1.23
43,474,9.7,154,Primary Care,65,0.287,Email,Email,1,5,23.0,31.49,8.49,4.0,6.5,2.5
74,261,19.7,62,Primary Care,92,0.673,Email,Email,1,1,12.0,18.83,6.83,3.0,4.04,1.04
39,268,16.9,55,Cardiology,86,0.264,Call,Call,0,0,15.0,15.0,0.0,6.0,6.23,0.23
28,466,19.3,22,Neurology,82,0.66,All,Call,1,3,20.0,28.2,8.2,7.0,8.72,1.72
9,79,12.2,167,Neurology,91,0.237,Insights,Email,0,0,15.0,15.44,0.44,8.0,8.04,0.04
32,48,11.7,170,Neurology,89,0.023,All,All,0,0,15.0,15.06,0.06,3.0,3.63,0.63
19,225,12.9,81,Primary Care,78,0.565,Call,Insights,0,0,15.0,15.76,0.76,3.0,3.27,0.27
79,160,19.8,87,Primary Care,88,0.064,Call,Call,0,0,15.0,15.13,0.13,7.0,7.09,0.09
43,102,9.7,154,Neurology,84,0.344,Call,Insights,1,1,11.0,15.15,4.15,5.0,5.18,0.18
11,60,14.7,189,Neurology,96,0.578,All,Call,1,3,11.0,20.05,9.05,1.0,2.27,1.27
6,440,11.4,159,Neurology,80,0.5,Email,Email,1,0,13.0,16.95,3.95,3.0,3.92,0.92
69,308,19.6,188,Oncology,83,0.44,All,Email,0,0,16.0,16.05,0.05,3.0,3.06,0.06
75,346,10.3,91,Neurology,88,0.173,Insights,Insights,1,1,15.0,21.01,6.01,1.0,2.7,1.7
62,60,11.3,183,Neurology,96,0.578,All,All,1,4,11.0,19.6,8.6,3.0,6.37,3.37
10,171,19.4,180,Neurology,79,0.107,All,Insights,0,0,13.0,13.49,0.49,5.0,5.04,0.04
8,311,17.0,116,Primary Care,74,0.685,Call,Call,1,1,14.0,18.74,4.74,3.0,3.77,0.77
16,264,15.5,62,Primary Care,85,0.184,All,All,1,6,15.0,25.34,10.34,5.0,7.91,2.91
61,348,5.4,66,Oncology,88,0.382,Call,Email,1,6,14.0,23.53,9.53,5.0,7.76,2.76
62,335,11.3,183,Neurology,87,0.039,All,All,1,3,14.0,22.7,8.7,0.0,1.61,1.61
68,207,3.4,153,Oncology,63,0.411,All,All,1,7,20.0,30.81,10.81,2.0,3.94,1.94
8,392,17.0,116,Primary Care,77,0.126,Insights,Insights,0,0,16.0,16.28,0.28,2.0,2.04,0.04
13,130,7.9,51,Oncology,88,0.424,Email,Email,1,4,16.0,24.54,8.54,6.0,8.07,2.07
73,41,9.5,80,Oncology,79,0.401,All,Email,1,4,13.0,22.51,9.51,3.0,5.36,2.36
75,457,10.3,91,Neurology,105,0.438,All,Call,0,0,18.0,18.64,0.64,1.0,1.32,0.32
59,12,17.8,73,Neurology,80,0.218,Insights,Insights,1,3,16.0,22.46,6.46,7.0,8.41,1.41
9,142,12.2,167,Cardiology,86,0.277,All,Email,1,3,20.0,24.8,4.8,3.0,5.16,2.16
6,58,11.4,159,Neurology,80,0.07,Insights,Insights,0,0,10.0,10.01,0.01,4.0,4.19,0.19
5,116,14.3,123,Oncology,75,0.172,Call,Call,0,0,9.0,9.0,0.0,6.0,6.29,0.29
56,198,12.0,85,Oncology,69,0.558,Call,Email,0,0,13.0,13.28,0.28,2.0,2.39,0.39
68,65,3.4,153,Cardiology,87,0.215,Email,Email,1,4,18.0,28.6,10.6,4.0,5.83,1.83
51,234,15.3,66,Neurology,83,0.397,Insights,Call,0,0,16.0,16.7,0.7,1.0,1.02,0.02
21,464,6.0,31,Cardiology,85,0.058,Insights,Insights,0,0,13.0,13.72,0.72,5.0,5.27,0.27
61,69,5.4,66,Oncology,71,0.226,Email,Call,1,0,15.0,17.17,2.17,4.0,4.44,0.44
5,464,14.3,123,Cardiology,85,0.058,Call,Call,0,0,15.0,15.02,0.02,3.0,3.35,0.35
67,206,8.8,42,Oncology,91,0.39,All,All,0,0,16.0,16.1,0.1,4.0,4.12,0.12
72,297,5.3,163,Primary Care,72,0.511,All,Email,0,0,15.0,15.3,0.3,4.0,4.03,0.03
58,221,14.5,120,Neurology,71,0.5,All,All,1,1,17.0,20.46,3.46,8.0,8.77,0.77
71,159,11.1,124,Cardiology,86,0.338,Call,Call,1,0,12.0,16.83,4.83,2.0,2.94,0.94
47,55,19.6,145,Primary Care,85,0.307,All,Email,0,0,17.0,17.3,0.3,2.0,2.39,0.39
38,297,2.6,161,Primary Care,72,0.511,Email,Email,0,0,9.0,9.84,0.84,1.0,1.12,0.12
26,459,8.4,99,Oncology,84,0.196,Email,Email,1,2,16.0,21.2,5.2,2.0,3.27,1.27
74,261,19.7,62,Primary Care,92,0.673,All,All,0,0,18.0,19.24,1.24,2.0,2.7,0.7
56,300,12.0,85,Cardiology,75,0.621,Call,All,0,0,16.0,16.55,0.55,5.0,5.6,0.6
16,322,15.5,62,Oncology,79,0.407,All,Call,0,0,18.0,19.19,1.19,6.0,6.01,0.01
77,195,5.6,150,Primary Care,84,0.33,Call,All,0,0,14.0,14.22,0.22,5.0,5.37,0.37
5,61,14.3,123,Neurology,81,0.304,Email,Email,1,3,13.0,21.7,8.7,3.0,4.56,1.56
48,254,11.4,109,Oncology,81,0.098,Insights,Insights,1,1,11.0,16.73,5.73,2.0,4.01,2.01
16,435,15.5,62,Oncology,85,0.598,Email,Email,0,0,20.0,20.62,0.62,2.0,2.03,0.03
54,158,18.8,54,Cardiology,88,0.423,Call,Call,1,5,14.0,24.18,10.18,3.0,4.88,1.88
34,436,1.0,82,Neurology,80,0.202,Email,Email,1,3,20.0,24.53,4.53,2.0,3.44,1.44
35,428,17.5,101,Neurology,76,0.716,Call,Call,1,2,20.0,25.67,5.67,4.0,5.93,1.93
54,123,18.8,54,Cardiology,74,0.458,All,All,0,0,9.0,9.06,0.06,5.0,5.07,0.07
61,288,5.4,66,Primary Care,84,0.271,Email,Email,1,3,17.0,20.89,3.89,1.0,2.94,1.94
31,374,7.9,33,Oncology,77,0.751,Insights,Insights,0,0,8.0,8.1,0.1,5.0,5.34,0.34
80,248,5.0,190,Cardiology,80,0.411,Insights,Insights,0,0,19.0,19.65,0.65,4.0,4.02,0.02
40,350,4.2,152,Neurology,82,0.491,Insights,Insights,1,1,16.0,19.89,3.89,6.0,6.71,0.71
13,456,7.9,51,Cardiology,75,0.223,Call,Call,0,0,19.0,19.04,0.04,3.0,3.26,0.26
1,314,18.1,130,Primary Care,80,0.738,Insights,Insights,0,0,11.0,12.6,1.6,3.0,3.02,0.02
17,419,14.5,38,Cardiology,81,0.451,All,Insights,1,1,8.0,13.73,5.73,1.0,1.36,0.36
56,401,12.0,85,Primary Care,88,0.017,Email,Email,1,3,16.0,26.67,10.67,6.0,7.29,1.29
44,407,18.7,26,Primary Care,87,0.244,All,All,1,6,9.0,18.61,9.61,3.0,5.33,2.33
28,427,19.3,22,Oncology,85,0.282,Email,Email,1,6,13.0,21.24,8.24,2.0,4.97,2.97
39,113,16.9,55,Neurology,73,0.145,Call,Insights,1,2,14.0,16.82,2.82,2.0,2.43,0.43
68,10,3.4,153,Oncology,62,0.232,Insights,Insights,0,0,14.0,14.93,0.93,2.0,2.15,0.15
46,77,14.6,60,Neurology,75,0.827,Email,Email,1,3,13.0,20.03,7.03,3.0,4.67,1.67
5,125,14.3,123,Neurology,79,0.505,Email,Email,1,6,22.0,33.12,11.12,6.0,8.49,2.49
4,346,15.7,136,Neurology,88,0.173,Email,Email,1,4,16.0,23.97,7.97,3.0,5.93,2.93
39,255,16.9,55,Cardiology,84,0.46,Email,Email,1,4,15.0,23.7,8.7,3.0,4.17,1.17
33,235,7.1,115,Primary Care,72,0.151,Insights,Insights,1,3,15.0,25.53,10.53,4.0,6.11,2.11
69,5,19.6,188,Primary Care,67,0.622,Email,Email,1,4,21.0,27.83,6.83,3.0,4.34,1.34
47,342,19.6,145,Oncology,83,0.431,All,Call,0,0,15.0,15.05,0.05,3.0,3.01,0.01
61,183,5.4,66,Primary Care,68,0.476,All,Insights,0,0,13.0,13.04,0.04,6.0,6.21,0.21
47,381,19.6,145,Oncology,76,0.158,Call,Call,1,2,14.0,23.59,9.59,3.0,4.31,1.31
28,57,19.3,22,Neurology,74,0.438,Email,Call,0,0,14.0,14.35,0.35,4.0,4.15,0.15
53,148,14.4,171,Neurology,80,0.513,Call,Call,1,1,16.0,21.11,5.11,6.0,7.2,1.2
50,28,8.5,157,Oncology,87,0.392,All,All,1,5,10.0,18.72,8.72,2.0,4.21,2.21
58,143,14.5,120,Neurology,88,0.131,Call,Call,0,0,18.0,19.28,1.28,3.0,3.02,0.02
16,462,15.5,62,Primary Care,65,0.088,Email,All,0,0,18.0,18.36,0.36,7.0,7.03,0.03
52,246,18.3,191,Primary Care,86,0.14,All,All,0,0,16.0,16.33,0.33,2.0,2.15,0.15
23,220,8.9,67,Cardiology,75,0.559,Call,Call,1,6,10.0,19.4,9.4,3.0,6.06,3.06
64,137,18.8,49,Cardiology,70,0.134,Call,All,0,0,11.0,11.04,0.04,2.0,2.03,0.03
64,133,18.8,49,Oncology,88,0.176,All,All,1,4,12.0,18.21,6.21,3.0,5.03,2.03
50,334,8.5,157,Oncology,87,0.118,All,All,1,5,19.0,29.18,10.18,3.0,5.79,2.79
76,493,1.2,80,Neurology,73,0.058,Call,Call,0,0,17.0,17.08,0.08,8.0,8.06,0.06
44,374,18.7,26,Oncology,77,0.751,Call,Call,0,0,16.0,17.67,1.67,6.0,6.84,0.84
3,369,1.5,33,Oncology,91,0.499,Call,Call,1,0,17.0,19.03,2.03,7.0,7.49,0.49
49,237,14.2,24,Primary Care,69,0.497,Email,Email,1,2,14.0,16.87,2.87,5.0,6.97,1.97
63,50,15.4,190,Oncology,77,0.192,Call,Call,0,0,14.0,15.38,1.38,3.0,3.73,0.73
9,362,12.2,167,Cardiology,86,0.334,Email,Email,1,2,20.0,27.62,7.62,6.0,7.56,1.56
9,405,12.2,167,Oncology,74,0.549,Insights,Insights,1,1,15.0,19.61,4.61,3.0,4.17,1.17
22,256,19.0,38,Cardiology,82,0.414,All,Insights,1,0,17.0,22.12,5.12,8.0,8.93,0.93
68,46,3.4,153,Neurology,90,0.647,All,Call,1,4,12.0,20.96,8.96,2.0,4.14,2.14
43,357,9.7,154,Primary Care,73,0.27,All,Email,0,0,11.0,11.16,0.16,6.0,6.14,0.14
79,461,19.8,87,Neurology,93,0.205,Email,Email,0,0,26.0,26.72,0.72,2.0,2.15,0.15
70,113,9.1,60,Neurology,73,0.145,Email,Email,1,2,12.0,16.68,4.68,6.0,7.29,1.29
45,80,5.0,150,Neurology,78,0.356,Insights,Insights,0,0,9.0,10.04,1.04,5.0,5.64,0.64
55,370,12.2,128,Neurology,75,0.29,Call,Call,1,6,19.0,25.86,6.86,9.0,10.76,1.76
27,166,14.9,28,Oncology,77,0.605,Email,Email,0,0,10.0,10.26,0.26,7.0,7.06,0.06
8,358,17.0,116,Neurology,85,0.659,All,Call,1,1,16.0,20.59,4.59,7.0,8.78,1.78
32,352,11.7,170,Oncology,76,0.756,Call,Call,0,0,25.0,27.14,2.14,5.0,5.03,0.03
48,134,11.4,109,Neurology,80,0.588,Email,Email,1,2,9.0,14.5,5.5,9.0,9.61,0.61
15,22,5.6,103,Primary Care,76,0.2,Insights,Insights,1,0,17.0,19.82,2.82,5.0,7.36,2.36
18,278,7.3,45,Oncology,76,0.244,All,All,0,0,11.0,11.36,0.36,7.0,7.01,0.01
2,204,6.3,75,Primary Care,73,0.492,Insights,Email,0,0,9.0,9.33,0.33,3.0,3.13,0.13
59,428,17.8,73,Neurology,76,0.716,Email,Email,1,4,16.0,23.02,7.02,3.0,4.22,1.22
72,179,5.3,163,Cardiology,81,0.096,Insights,Insights,0,0,10.0,10.08,0.08,3.0,3.57,0.57
67,125,8.8,42,Neurology,79,0.505,All,All,1,1,13.0,19.21,6.21,4.0,4.56,0.56
31,431,7.9,33,Oncology,61,0.102,Email,Email,0,0,16.0,16.59,0.59,4.0,4.16,0.16
48,368,11.4,109,Cardiology,83,0.162,Insights,Insights,0,0,20.0,20.39,0.39,2.0,2.81,0.81
77,310,5.6,150,Oncology,73,0.198,All,Insights,1,0,15.0,17.83,2.83,2.0,2.0,0.0
48,477,11.4,109,Primary Care,81,0.627,All,Call,0,0,18.0,18.73,0.73,3.0,3.24,0.24
24,392,5.7,177,Primary Care,77,0.126,Email,Email,1,6,10.0,18.07,8.07,1.0,3.2,2.2
28,434,19.3,22,Oncology,69,0.545,All,All,1,3,20.0,25.95,5.95,4.0,6.36,2.36
59,400,17.8,73,Neurology,85,0.085,Call,Call,0,0,15.0,15.46,0.46,5.0,5.33,0.33
36,201,9.2,60,Oncology,77,0.633,Email,Email,0,0,15.0,15.18,0.18,2.0,2.28,0.28
67,32,8.8,42,Cardiology,67,0.366,Email,Email,1,2,20.0,25.04,5.04,2.0,3.51,1.51
70,304,9.1,60,Neurology,89,0.269,Call,Call,0,0,9.0,9.42,0.42,0.0,0.36,0.36
3,383,1.5,33,Cardiology,73,0.163,Email,Email,0,0,14.0,16.04,2.04,7.0,7.01,0.01
58,496,14.5,120,Cardiology,78,0.351,All,Insights,0,0,17.0,17.97,0.97,4.0,4.17,0.17
30,341,12.2,100,Cardiology,79,0.146,All,Call,1,3,20.0,27.93,7.93,5.0,6.98,1.98
42,285,17.0,101,Primary Care,76,0.112,Email,Email,1,4,11.0,19.16,8.16,5.0,5.3,0.3
22,288,19.0,38,Primary Care,84,0.271,All,All,1,0,16.0,21.33,5.33,7.0,7.49,0.49
30,58,12.2,100,Neurology,80,0.07,All,All,0,0,11.0,11.06,0.06,4.0,4.33,0.33
27,4,14.9,28,Cardiology,80,0.464,Email,Email,0,0,14.0,14.12,0.12,4.0,4.24,0.24
5,23,14.3,123,Cardiology,88,0.417,All,Insights,1,1,11.0,19.14,8.14,5.0,5.81,0.81
63,453,15.4,190,Cardiology,81,0.285,All,All,0,0,12.0,12.03,0.03,4.0,4.03,0.03
12,396,13.9,58,Oncology,61,0.217,All,Call,1,4,15.0,21.57,6.57,7.0,7.9,0.9
31,131,7.9,33,Neurology,69,0.687,Insights,Insights,1,0,9.0,10.28,1.28,2.0,2.53,0.53
16,212,15.5,62,Cardiology,70,0.076,All,Email,1,4,11.0,17.03,6.03,4.0,6.28,2.28
13,242,7.9,51,Primary Care,74,0.264,All,All,0,0,20.0,20.71,0.71,2.0,2.0,0.0
30,124,12.2,100,Cardiology,64,0.774,Call,Call,1,3,18.0,24.91,6.91,4.0,4.92,0.92
74,212,19.7,62,Cardiology,70,0.076,Email,Email,1,3,12.0,18.09,6.09,2.0,3.0,1.0
76,174,1.2,80,Neurology,102,0.101,Insights,Insights,0,0,19.0,19.09,0.09,7.0,7.21,0.21
31,348,7.9,33,Oncology,88,0.382,Call,Call,1,2,14.0,21.3,7.3,1.0,2.31,1.31
41,379,8.8,52,Oncology,88,0.243,Call,All,0,0,16.0,16.05,0.05,5.0,5.08,0.08
79,50,19.8,87,Oncology,77,0.192,Email,Email,0,0,12.0,12.68,0.68,4.0,4.29,0.29
19,233,12.9,81,Neurology,77,0.726,All,Email,1,2,10.0,15.92,5.92,4.0,5.0,1.0
76,496,1.2,80,Cardiology,78,0.351,All,Call,1,4,14.0,24.6,10.6,6.0,7.79,1.79
9,435,12.2,167,Oncology,85,0.598,Call,Email,1,1,18.0,24.56,6.56,2.0,2.98,0.98
19,397,12.9,81,Primary Care,90,0.631,Email,Email,0,0,20.0,20.58,0.58,4.0,4.81,0.81
28,368,19.3,22,Cardiology,83,0.162,Email,Email,1,3,13.0,19.78,6.78,3.0,5.7,2.7
3,3,1.5,33,Primary Care,78,0.833,Email,Email,1,2,21.0,26.94,5.94,8.0,9.93,1.93
66,488,3.4,187,Primary Care,76,0.642,Insights,Insights,1,4,16.0,25.57,9.57,1.0,3.55,2.55
69,368,19.6,188,Cardiology,83,0.162,Email,Email,0,0,18.0,18.62,0.62,0.0,0.06,0.06
31,445,7.9,33,Neurology,73,0.19,All,Email,1,0,14.0,15.05,1.05,1.0,1.25,0.25
67,455,8.8,42,Cardiology,81,0.852,Call,Call,1,4,18.0,27.04,9.04,4.0,5.74,1.74
62,128,11.3,183,Primary Care,68,0.624,Email,Email,0,0,18.0,18.01,0.01,0.0,0.19,0.19
65,7,4.0,150,Cardiology,78,0.528,All,Email,1,1,19.0,24.44,5.44,4.0,5.87,1.87
65,330,4.0,150,Oncology,70,0.262,Call,Call,0,0,17.0,18.13,1.13,4.0,4.05,0.05
46,230,14.6,60,Primary Care,92,0.26,Call,Call,0,0,13.0,13.33,0.33,3.0,3.26,0.26
9,11,12.2,167,Primary Care,81,0.098,Email,Email,0,0,11.0,11.57,0.57,7.0,7.05,0.05
74,136,19.7,62,Primary Care,69,0.746,Insights,Insights,1,0,19.0,20.43,1.43,4.0,5.4,1.4
49,496,14.2,24,Cardiology,78,0.351,Call,Call,0,0,12.0,12.34,0.34,3.0,3.01,0.01
73,182,9.5,80,Neurology,70,0.403,All,All,1,2,12.0,17.56,5.56,6.0,7.77,1.77
77,131,5.6,150,Neurology,69,0.687,Insights,Insights,1,1,12.0,16.68,4.68,5.0,6.64,1.64
15,328,5.6,103,Cardiology,83,0.37,All,All,1,3,16.0,23.65,7.65,6.0,7.72,1.72
33,333,7.1,115,Cardiology,78,0.618,Insights,Insights,0,0,17.0,17.23,0.23,9.0,9.25,0.25
16,167,15.5,62,Primary Care,82,0.32,All,Email,1,2,8.0,12.08,4.08,5.0,5.91,0.91
5,425,14.3,123,Cardiology,86,0.128,Insights,Insights,1,1,15.0,21.74,6.74,3.0,4.72,1.72
78,291,19.6,86,Primary Care,79,0.27,Call,Call,1,1,14.0,19.9,5.9,5.0,7.04,2.04
74,81,19.7,62,Cardiology,93,0.439,Insights,Insights,1,1,10.0,14.4,4.4,4.0,4.74,0.74
75,163,10.3,91,Neurology,77,0.341,Insights,All,0,0,9.0,9.86,0.86,3.0,3.26,0.26
71,424,11.1,124,Neurology,81,0.381,Email,Call,1,2,17.0,19.26,2.26,3.0,4.44,1.44
52,45,18.3,191,Primary Care,74,0.138,Insights,Call,0,0,8.0,9.18,1.18,7.0,7.01,0.01
42,7,17.0,101,Cardiology,78,0.528,Call,Call,1,0,16.0,20.38,4.38,7.0,8.34,1.34
80,329,5.0,190,Cardiology,70,0.471,Insights,Insights,0,0,13.0,14.21,1.21,3.0,3.19,0.19
45,221,5.0,150,Neurology,71,0.5,Email,All,1,4,12.0,17.51,5.51,4.0,6.13,2.13
52,127,18.3,191,Cardiology,63,0.593,Email,Email,1,5,16.0,22.37,6.37,4.0,6.43,2.43
17,237,14.5,38,Primary Care,69,0.497,Email,Call,1,0,21.0,23.3,2.3,4.0,5.95,1.95
60,92,13.3,137,Primary Care,81,0.167,Email,Email,0,0,14.0,14.69,0.69,5.0,5.03,0.03
66,188,3.4,187,Cardiology,91,0.228,Email,Email,0,0,13.0,13.43,0.43,1.0,1.2,0.2
55,117,12.2,128,Primary Care,85,0.523,Email,Email,1,4,14.0,23.35,9.35,5.0,7.48,2.48
40,294,4.2,152,Neurology,81,0.318,Insights,Insights,1,2,16.0,23.84,7.84,2.0,3.94,1.94
16,337,15.5,62,Primary Care,80,0.413,Call,All,1,5,19.0,24.56,5.56,3.0,4.83,1.83
3,458,1.5,33,Primary Care,87,0.194,All,Call,1,6,19.0,29.74,10.74,3.0,5.63,2.63
51,34,15.3,66,Primary Care,71,0.112,All,Email,1,1,10.0,14.42,4.42,3.0,4.58,1.58
55,164,12.2,128,Neurology,82,0.635,Email,Email,1,2,14.0,20.05,6.05,4.0,4.78,0.78
62,133,11.3,183,Oncology,88,0.176,Call,Insights,1,4,14.0,18.48,4.48,2.0,2.0,0.0
77,290,5.6,150,Primary Care,89,0.269,Call,Call,0,0,20.0,20.11,0.11,3.0,3.4,0.4
40,267,4.2,152,Primary Care,84,0.157,Call,Call,0,0,13.0,13.09,0.09,4.0,4.03,0.03
67,439,8.8,42,Cardiology,74,0.493,Call,Call,1,0,19.0,25.38,6.38,5.0,6.18,1.18
58,460,14.5,120,Primary Care,77,0.092,Insights,Insights,1,2,16.0,21.67,5.67,5.0,6.0,1.0
23,387,8.9,67,Neurology,69,0.094,Insights,Insights,0,0,14.0,14.34,0.34,3.0,3.05,0.05
68,100,3.4,153,Neurology,73,0.099,Call,Call,0,0,11.0,11.69,0.69,4.0,4.15,0.15
5,21,14.3,123,Cardiology,74,0.415,All,Call,0,0,17.0,18.32,1.32,5.0,5.45,0.45
48,450,11.4,109,Neurology,92,0.263,Call,Call,0,0,17.0,17.17,0.17,5.0,5.28,0.28
76,472,1.2,80,Cardiology,75,0.516,All,Email,1,5,18.0,25.15,7.15,3.0,5.65,2.65
53,126,14.4,171,Oncology,82,0.333,All,All,1,7,14.0,26.26,12.26,4.0,7.4,3.4
75,24,10.3,91,Primary Care,92,0.605,Call,Call,1,6,9.0,20.67,11.67,7.0,9.35,2.35
5,341,14.3,123,Cardiology,79,0.146,All,Call,1,0,15.0,19.05,4.05,3.0,3.0,0.0
43,295,9.7,154,Primary Care,84,0.131,All,Insights,0,0,19.0,19.28,0.28,5.0,5.14,0.14
63,445,15.4,190,Neurology,73,0.19,Call,Call,1,2,11.0,17.61,6.61,3.0,4.18,1.18
52,288,18.3,191,Primary Care,84,0.271,Email,Email,1,3,11.0,20.25,9.25,5.0,7.21,2.21
71,381,11.1,124,Oncology,76,0.158,All,All,1,3,18.0,27.07,9.07,4.0,5.32,1.32
38,394,2.6,161,Oncology,78,0.317,Call,Call,0,0,23.0,23.54,0.54,5.0,5.03,0.03
55,5,12.2,128,Primary Care,67,0.622,Email,Call,1,0,15.0,18.6,3.6,2.0,2.7,0.7
34,75,1.0,82,Oncology,88,0.31,Insights,Insights,0,0,10.0,10.1,0.1,4.0,4.48,0.48
70,391,9.1,60,Cardiology,83,0.754,Call,Call,1,1,18.0,24.07,6.07,3.0,4.1,1.1
10,90,19.4,180,Neurology,69,0.307,Email,Email,0,0,21.0,21.33,0.33,5.0,5.25,0.25
21,104,6.0,31,Neurology,82,0.246,All,Call,0,0,17.0,17.3,0.3,4.0,4.11,0.11
8,377,17.0,116,Primary Care,70,0.168,Email,Email,1,2,21.0,26.9,5.9,5.0,6.29,1.29
57,103,6.8,128,Cardiology,67,0.095,Insights,Insights,0,0,17.0,17.04,0.04,3.0,3.2,0.2
19,75,12.9,81,Oncology,88,0.31,Insights,Insights,1,3,13.0,18.12,5.12,3.0,4.53,1.53
26,7,8.4,99,Cardiology,78,0.528,Email,Email,0,0,16.0,16.08,0.08,2.0,2.03,0.03
67,235,8.8,42,Primary Care,72,0.151,All,All,0,0,15.0,15.47,0.47,6.0,6.12,0.12
29,319,12.2,174,Cardiology,76,0.391,Insights,Insights,1,2,7.0,11.67,4.67,3.0,4.2,1.2
12,366,13.9,58,Primary Care,63,0.338,Call,Call,1,2,15.0,20.65,5.65,2.0,2.97,0.97
2,453,6.3,75,Cardiology,81,0.285,Insights,Insights,1,4,16.0,22.22,6.22,11.0,12.48,1.48
19,326,12.9,81,Cardiology,85,0.18,All,All,0,0,8.0,8.07,0.07,4.0,4.09,0.09
74,379,19.7,62,Oncology,88,0.243,All,All,1,2,19.0,24.43,5.43,5.0,6.46,1.46
44,106,18.7,26,Cardiology,97,0.804,Email,Email,0,0,14.0,14.1,0.1,4.0,4.13,0.13
80,171,5.0,190,Neurology,79,0.107,Call,Call,0,0,9.0,9.8,0.8,3.0,3.08,0.08
18,152,7.3,45,Cardiology,87,0.604,Insights,Insights,1,2,11.0,17.8,6.8,6.0,8.33,2.33
29,33,12.2,174,Oncology,98,0.68,All,Call,1,3,9.0,16.69,7.69,3.0,4.96,1.96
14,485,1.0,123,Oncology,95,0.015,All,Call,1,2,16.0,21.24,5.24,4.0,5.29,1.29
32,121,11.7,170,Primary Care,71,0.265,Call,Call,0,0,15.0,15.16,0.16,4.0,4.08,0.08
46,225,14.6,60,Primary Care,78,0.565,All,Call,1,6,14.0,22.44,8.44,3.0,5.9,2.9
65,179,4.0,150,Cardiology,81,0.096,Call,Call,0,0,14.0,14.17,0.17,5.0,5.23,0.23
30,23,12.2,100,Cardiology,88,0.417,Call,Call,1,5,14.0,23.78,9.78,2.0,5.3,3.3
62,452,11.3,183,Cardiology,71,0.233,Insights,Insights,1,1,17.0,20.31,3.31,4.0,4.75,0.75
51,110,15.3,66,Neurology,78,0.263,Call,Call,0,0,18.0,18.22,0.22,6.0,6.1,0.1
24,51,5.7,177,Primary Care,83,0.092,Insights,Insights,1,1,21.0,25.71,4.71,5.0,6.15,1.15
73,172,9.5,80,Oncology,91,0.343,Call,Call,0,0,9.0,9.55,0.55,3.0,3.06,0.06
35,72,17.5,101,Cardiology,87,0.334,All,Email,1,1,17.0,23.0,6.0,6.0,6.96,0.96
13,500,7.9,51,Neurology,86,0.438,All,All,1,2,10.0,14.81,4.81,2.0,3.77,1.77
78,95,19.6,86,Cardiology,84,0.193,Call,Call,1,3,16.0,24.5,8.5,2.0,3.74,1.74
74,152,19.7,62,Cardiology,87,0.604,Insights,Insights,1,2,15.0,17.58,2.58,1.0,2.59,1.59
4,136,15.7,136,Primary Care,69,0.746,All,All,1,8,26.0,37.66,11.66,1.0,4.43,3.43
73,14,9.5,80,Neurology,97,0.519,Email,Email,0,0,10.0,10.64,0.64,7.0,7.05,0.05
76,7,1.2,80,Cardiology,78,0.528,All,All,1,4,16.0,24.24,8.24,8.0,9.33,1.33
67,257,8.8,42,Neurology,92,0.677,Insights,Insights,1,2,13.0,21.36,8.36,6.0,8.25,2.25
21,117,6.0,31,Primary Care,85,0.523,Email,Email,0,0,19.0,19.03,0.03,4.0,4.01,0.01
51,42,15.3,66,Oncology,78,0.55,All,Insights,0,0,14.0,14.05,0.05,4.0,4.07,0.07
44,146,18.7,26,Primary Care,89,0.01,Call,Call,0,0,21.0,21.63,0.63,7.0,7.14,0.14
50,138,8.5,157,Neurology,74,0.142,Email,Email,1,2,17.0,24.99,7.99,9.0,10.63,1.63
50,213,8.5,157,Cardiology,83,0.393,Email,Email,1,1,7.0,14.51,7.51,5.0,6.7,1.7
52,497,18.3,191,Oncology,60,0.533,All,All,0,0,13.0,13.58,0.58,3.0,3.06,0.06
42,154,17.0,101,Oncology,88,0.42,All,Insights,1,2,12.0,19.53,7.53,3.0,4.53,1.53
56,353,12.0,85,Primary Care,74,0.284,Call,Call,1,2,17.0,24.09,7.09,3.0,4.5,1.5
43,385,9.7,154,Primary Care,88,0.763,Email,Insights,0,0,15.0,15.85,0.85,3.0,3.03,0.03
2,26,6.3,75,Oncology,78,0.357,Email,Email,0,0,15.0,15.72,0.72,3.0,3.05,0.05
3,251,1.5,33,Primary Care,90,0.67,Insights,Insights,1,0,5.0,9.38,4.38,4.0,5.34,1.34
77,225,5.6,150,Primary Care,78,0.565,Call,Call,0,0,11.0,11.6,0.6,0.0,0.45,0.45
73,254,9.5,80,Oncology,81,0.098,Call,Call,0,0,17.0,17.31,0.31,4.0,4.21,0.21
47,86,19.6,145,Oncology,83,0.564,Call,Call,0,0,19.0,19.18,0.18,1.0,1.35,0.35
14,233,1.0,123,Neurology,77,0.726,Call,Insights,1,1,15.0,15.46,0.46,2.0,2.27,0.27
63,62,15.4,190,Neurology,83,0.649,Insights,All,0,0,21.0,21.22,0.22,3.0,3.32,0.32
12,473,13.9,58,Oncology,95,0.199,Insights,Insights,0,0,18.0,18.66,0.66,5.0,5.06,0.06
31,294,7.9,33,Neurology,81,0.318,Email,All,1,3,15.0,20.39,5.39,2.0,2.98,0.98
27,18,14.9,28,Neurology,84,0.29,Call,Call,1,2,16.0,20.69,4.69,8.0,9.63,1.63
1,253,18.1,130,Oncology,86,0.74,Call,Call,0,0,12.0,12.14,0.14,2.0,2.18,0.18
65,464,4.0,150,Cardiology,85,0.058,Insights,Insights,1,5,14.0,22.42,8.42,5.0,7.22,2.22
41,372,8.8,52,Neurology,80,0.372,Email,All,1,4,15.0,18.55,3.55,5.0,6.59,1.59
26,137,8.4,99,Cardiology,70,0.134,Email,Email,0,0,14.0,14.05,0.05,4.0,4.32,0.32
41,447,8.8,52,Cardiology,89,0.063,Insights,Call,0,0,18.0,18.39,0.39,5.0,5.14,0.14
1,93,18.1,130,Primary Care,92,0.396,Call,Insights,1,2,10.0,14.04,4.04,4.0,4.24,0.24
35,124,17.5,101,Cardiology,64,0.774,Insights,All,1,6,18.0,21.08,3.08,4.0,5.69,1.69
42,78,17.0,101,Oncology,75,0.333,Call,Call,0,0,10.0,11.48,1.48,7.0,7.13,0.13
28,462,19.3,22,Primary Care,65,0.088,Email,Insights,0,0,18.0,18.06,0.06,5.0,5.42,0.42
67,359,8.8,42,Cardiology,90,0.489,Insights,Insights,1,1,13.0,18.55,5.55,7.0,7.07,0.07
20,259,4.7,153,Cardiology,78,0.458,Call,Call,1,4,15.0,22.47,7.47,3.0,5.22,2.22
12,334,13.9,58,Oncology,87,0.118,Email,Email,0,0,18.0,19.66,1.66,8.0,8.04,0.04
43,130,9.7,154,Oncology,88,0.424,All,Call,1,1,11.0,16.2,5.2,8.0,10.1,2.1
71,36,11.1,124,Oncology,95,0.734,Call,Call,1,3,18.0,26.97,8.97,5.0,6.8,1.8
31,423,7.9,33,Neurology,84,0.471,All,Insights,1,3,11.0,18.07,7.07,3.0,4.09,1.09
4,483,15.7,136,Oncology,85,0.557,Email,Email,1,3,18.0,25.3,7.3,6.0,7.27,1.27
78,18,19.6,86,Neurology,84,0.29,All,Call,1,7,27.0,37.97,10.97,3.0,6.21,3.21
36,26,9.2,60,Oncology,78,0.357,All,All,1,2,12.0,18.07,6.07,5.0,6.23,1.23
14,280,1.0,123,Cardiology,73,0.54,Email,Email,1,2,10.0,15.16,5.16,7.0,8.46,1.46
50,22,8.5,157,Primary Care,76,0.2,Insights,Insights,0,0,16.0,16.22,0.22,4.0,4.24,0.24
26,361,8.4,99,Primary Care,77,0.116,Insights,Insights,1,0,20.0,23.19,3.19,4.0,4.14,0.14
76,473,1.2,80,Oncology,95,0.199,Call,Call,0,0,11.0,11.78,0.78,4.0,4.02,0.02
24,140,5.7,177,Primary Care,79,0.139,Call,Insights,0,0,12.0,12.01,0.01,3.0,3.08,0.08
45,148,5.0,150,Neurology,80,0.513,All,All,1,3,16.0,24.04,8.04,4.0,6.48,2.48
44,432,18.7,26,Cardiology,82,0.379,All,Insights,0,0,16.0,16.1,0.1,4.0,4.02,0.02
20,179,4.7,153,Cardiology,81,0.096,All,Insights,0,0,16.0,16.05,0.05,5.0,5.27,0.27
40,121,4.2,152,Primary Care,71,0.265,All,Email,0,0,14.0,14.76,0.76,3.0,3.16,0.16
9,43,12.2,167,Neurology,74,0.559,All,Insights,1,3,11.0,17.67,6.67,2.0,4.2,2.2
52,420,18.3,191,Neurology,87,0.385,All,Insights,0,0,20.0,21.05,1.05,0.0,0.05,0.05
61,463,5.4,66,Neurology,64,0.253,Insights,Insights,0,0,9.0,9.21,0.21,5.0,5.11,0.11
77,40,5.6,150,Oncology,81,0.522,All,Email,1,6,17.0,27.57,10.57,7.0,10.58,3.58
27,402,14.9,28,Cardiology,76,0.552,Insights,Insights,0,0,7.0,8.27,1.27,4.0,4.28,0.28
23,80,8.9,67,Neurology,78,0.356,Email,Email,1,1,13.0,22.04,9.04,6.0,7.23,1.23
44,70,18.7,26,Primary Care,76,0.115,Insights,Insights,0,0,10.0,10.33,0.33,4.0,4.23,0.23
56,191,12.0,85,Cardiology,92,0.145,Email,Email,0,0,8.0,8.03,0.03,3.0,3.06,0.06
80,219,5.0,190,Neurology,73,0.039,All,Call,1,2,9.0,14.34,5.34,6.0,7.07,1.07
3,428,1.5,33,Neurology,76,0.716,Insights,Insights,1,0,10.0,15.09,5.09,5.0,6.03,1.03
20,350,4.7,153,Neurology,82,0.491,Insights,Insights,1,3,14.0,20.91,6.91,3.0,5.13,2.13
21,73,6.0,31,Primary Care,83,0.365,Email,All,0,0,17.0,17.03,0.03,3.0,3.15,0.15
21,293,6.0,31,Neurology,74,0.229,Insights,Insights,0,0,15.0,17.23,2.23,2.0,2.08,0.08
38,438,2.6,161,Cardiology,88,0.581,Call,Call,0,0,12.0,12.74,0.74,6.0,6.41,0.41
70,332,9.1,60,Primary Care,88,0.31,Insights,Insights,1,3,15.0,20.33,5.33,2.0,3.83,1.83
3,115,1.5,33,Oncology,61,0.56,Insights,Email,0,0,17.0,19.26,2.26,3.0,3.04,0.04
66,65,3.4,187,Cardiology,87,0.215,Call,Call,0,0,19.0,19.38,0.38,3.0,3.02,0.02
50,227,8.5,157,Cardiology,83,0.278,Call,Call,0,0,11.0,11.3,0.3,4.0,4.18,0.18
50,237,8.5,157,Primary Care,69,0.497,Insights,Email,1,2,10.0,12.65,2.65,1.0,2.43,1.43
55,177,12.2,128,Neurology,75,0.61,Call,Insights,1,2,11.0,15.97,4.97,2.0,2.47,0.47
10,55,19.4,180,Primary Care,85,0.307,All,All,1,3,17.0,26.29,9.29,7.0,10.05,3.05
60,60,13.3,137,Neurology,96,0.578,All,All,0,0,4.0,4.7,0.7,3.0,3.03,0.03
20,265,4.7,153,Cardiology,79,0.42,All,Insights,1,1,18.0,21.83,3.83,6.0,7.41,1.41
42,473,17.0,101,Oncology,95,0.199,Call,Call,1,2,15.0,24.98,9.98,1.0,2.88,1.88
55,299,12.2,128,Oncology,81,0.553,Email,Email,1,3,24.0,31.89,7.89,6.0,8.14,2.14
49,220,14.2,24,Cardiology,75,0.559,All,All,1,5,21.0,31.04,10.04,3.0,5.64,2.64
26,466,8.4,99,Neurology,82,0.66,All,Insights,1,1,13.0,16.15,3.15,6.0,7.19,1.19
32,346,11.7,170,Neurology,88,0.173,Email,Email,0,0,15.0,15.22,0.22,3.0,3.13,0.13
39,359,16.9,55,Cardiology,90,0.489,Insights,Email,0,0,12.0,12.61,0.61,3.0,3.66,0.66
4,288,15.7,136,Primary Care,84,0.271,Call,Call,1,1,22.0,26.66,4.66,5.0,5.96,0.96
59,382,17.8,73,Cardiology,72,0.608,Email,Email,1,7,19.0,28.25,9.25,2.0,5.08,3.08
8,251,17.0,116,Primary Care,90,0.67,All,All,1,4,22.0,31.06,9.06,3.0,5.12,2.12
37,312,10.3,187,Neurology,66,0.714,All,All,0,0,10.0,10.61,0.61,3.0,3.83,0.83
53,309,14.4,171,Primary Care,92,0.488,All,Insights,0,0,9.0,9.3,0.3,4.0,4.38,0.38
7,377,16.5,42,Primary Care,70,0.168,Email,Email,1,4,22.0,28.38,6.38,1.0,3.2,2.2
80,450,5.0,190,Neurology,92,0.263,Call,Call,1,3,18.0,26.71,8.71,4.0,6.89,2.89
31,148,7.9,33,Neurology,80,0.513,All,Email,0,0,15.0,16.36,1.36,1.0,1.12,0.12
2,350,6.3,75,Neurology,82,0.491,Insights,Insights,1,1,14.0,19.97,5.97,4.0,5.8,1.8
53,16,14.4,171,Oncology,92,0.61,Call,Call,1,1,13.0,20.47,7.47,3.0,4.82,1.82
45,267,5.0,150,Primary Care,84,0.157,Insights,Insights,1,0,14.0,17.18,3.18,3.0,3.22,0.22
52,450,18.3,191,Neurology,92,0.263,Email,Email,1,3,18.0,24.18,6.18,5.0,6.68,1.68
61,323,5.4,66,Cardiology,79,0.305,Insights,All,1,8,8.0,17.32,9.32,3.0,4.91,1.91
39,134,16.9,55,Neurology,80,0.588,All,Call,1,0,11.0,17.63,6.63,2.0,3.5,1.5
67,304,8.8,42,Neurology,89,0.269,Email,Call,0,0,15.0,15.07,0.07,1.0,1.15,0.15
30,179,12.2,100,Cardiology,81,0.096,Email,Email,1,2,15.0,17.68,2.68,1.0,2.51,1.51
44,217,18.7,26,Cardiology,87,0.479,Insights,Insights,1,2,11.0,18.28,7.28,3.0,4.51,1.51
13,115,7.9,51,Oncology,61,0.56,Insights,Call,1,3,13.0,15.54,2.54,4.0,5.69,1.69
50,313,8.5,157,Primary Care,78,0.792,Call,Call,1,4,10.0,19.44,9.44,10.0,11.55,1.55
21,100,6.0,31,Neurology,73,0.099,Email,Insights,1,1,12.0,14.65,2.65,8.0,8.73,0.73
56,222,12.0,85,Primary Care,88,0.782,All,All,1,2,11.0,16.91,5.91,2.0,4.45,2.45
65,470,4.0,150,Neurology,73,0.115,Email,Email,0,0,20.0,20.83,0.83,3.0,3.18,0.18
69,379,19.6,188,Oncology,88,0.243,Insights,Insights,1,2,10.0,15.52,5.52,3.0,4.33,1.33
75,208,10.3,91,Cardiology,66,0.907,Insights,Insights,1,1,16.0,18.8,2.8,2.0,3.29,1.29
10,485,19.4,180,Oncology,95,0.015,Call,Email,0,0,16.0,16.02,0.02,1.0,1.18,0.18
12,7,13.9,58,Cardiology,78,0.528,Insights,Insights,1,1,11.0,16.26,5.26,7.0,7.78,0.78
75,480,10.3,91,Primary Care,86,0.362,Insights,Email,1,3,21.0,27.8,6.8,3.0,3.97,0.97
31,177,7.9,33,Neurology,75,0.61,Insights,Insights,1,2,11.0,17.74,6.74,5.0,5.83,0.83
3,411,1.5,33,Cardiology,82,0.642,Insights,Insights,1,3,14.0,20.81,6.81,5.0,7.26,2.26
23,474,8.9,67,Primary Care,65,0.287,Call,All,1,5,20.0,24.65,4.65,3.0,3.74,0.74
67,301,8.8,42,Oncology,79,0.068,Call,Call,0,0,15.0,15.66,0.66,3.0,3.02,0.02
29,306,12.2,174,Oncology,78,0.227,Call,Call,1,3,16.0,22.5,6.5,4.0,6.15,2.15
7,375,16.5,42,Cardiology,77,0.043,Call,Call,1,4,15.0,23.26,8.26,3.0,4.76,1.76
58,120,14.5,120,Primary Care,76,0.259,Call,Call,0,0,20.0,20.15,0.15,9.0,9.39,0.39
16,90,15.5,62,Neurology,69,0.307,Email,Email,1,5,14.0,21.86,7.86,0.0,2.39,2.39
29,172,12.2,174,Oncology,91,0.343,All,Call,1,1,6.0,7.71,1.71,7.0,8.77,1.77
1,240,18.1,130,Primary Care,61,0.169,Email,Email,1,6,17.0,24.07,7.07,1.0,3.59,2.59
49,372,14.2,24,Neurology,80,0.372,All,Email,1,1,12.0,15.47,3.47,4.0,5.79,1.79
36,129,9.2,60,Primary Care,88,0.726,Insights,Call,1,6,13.0,18.5,5.5,3.0,4.78,1.78
70,283,9.1,60,Oncology,79,0.265,Email,Insights,1,2,21.0,21.0,0.0,5.0,6.31,1.31
27,2,14.9,28,Neurology,86,0.643,Insights,Insights,1,0,28.0,31.95,3.95,4.0,5.75,1.75
17,16,14.5,38,Oncology,92,0.61,Call,Email,1,3,18.0,22.57,4.57,2.0,3.31,1.31
14,484,1.0,123,Oncology,81,0.394,All,Call,0,0,13.0,13.88,0.88,4.0,4.06,0.06
17,426,14.5,38,Cardiology,80,0.166,All,Insights,1,4,8.0,15.55,7.55,1.0,3.06,2.06
37,432,10.3,187,Cardiology,82,0.379,All,All,1,2,17.0,24.45,7.45,3.0,5.69,2.69
7,165,16.5,42,Primary Care,74,0.219,Insights,Call,1,4,22.0,29.55,7.55,0.0,1.0,1.0
33,257,7.1,115,Neurology,92,0.677,All,All,1,2,14.0,18.44,4.44,3.0,3.48,0.48
69,338,19.6,188,Neurology,80,0.149,Insights,Insights,1,0,18.0,20.22,2.22,10.0,10.29,0.29
62,128,11.3,183,Primary Care,68,0.624,All,Email,1,1,18.0,23.28,5.28,4.0,4.99,0.99
51,373,15.3,66,Neurology,92,0.427,Email,Email,1,3,12.0,20.52,8.52,8.0,10.21,2.21
72,347,5.3,163,Primary Care,75,0.174,All,All,0,0,18.0,18.4,0.4,6.0,6.53,0.53
63,204,15.4,190,Primary Care,73,0.492,Insights,Insights,0,0,14.0,14.39,0.39,5.0,5.1,0.1
53,218,14.4,171,Cardiology,77,0.354,Call,Call,1,0,8.0,10.61,2.61,4.0,5.65,1.65
70,154,9.1,60,Oncology,88,0.42,All,All,0,0,15.0,15.04,0.04,6.0,6.46,0.46
10,402,19.4,180,Cardiology,76,0.552,Insights,Insights,1,3,20.0,28.01,8.01,5.0,7.45,2.45
66,494,3.4,187,Oncology,64,0.439,All,Email,0,0,9.0,9.15,0.15,4.0,4.08,0.08
24,500,5.7,177,Neurology,86,0.438,Email,Email,1,4,16.0,22.97,6.97,3.0,4.99,1.99
59,386,17.8,73,Cardiology,87,0.372,Insights,Insights,0,0,16.0,16.2,0.2,2.0,2.04,0.04
74,175,19.7,62,Oncology,86,0.074,All,Insights,1,2,16.0,22.18,6.18,4.0,6.34,2.34
40,391,4.2,152,Cardiology,83,0.754,Email,Email,0,0,16.0,16.3,0.3,7.0,7.18,0.18
8,123,17.0,116,Cardiology,74,0.458,All,All,1,9,15.0,26.95,11.95,1.0,5.57,4.57
30,449,12.2,100,Oncology,71,0.266,Insights,All,0,0,16.0,16.3,0.3,8.0,8.19,0.19
33,134,7.1,115,Neurology,80,0.588,Call,Call,1,1,15.0,21.14,6.14,7.0,8.79,1.79
75,202,10.3,91,Oncology,69,0.55,Insights,Insights,1,3,16.0,20.59,4.59,0.0,0.63,0.63
76,47,1.2,80,Neurology,98,0.51,Email,Email,0,0,18.0,18.44,0.44,3.0,3.08,0.08
46,41,14.6,60,Oncology,79,0.401,All,Call,1,2,14.0,20.08,6.08,3.0,4.7,1.7
77,198,5.6,150,Oncology,69,0.558,All,All,1,5,14.0,23.15,9.15,1.0,2.87,1.87
35,276,17.5,101,Neurology,76,0.252,Call,Call,1,2,15.0,21.0,6.0,5.0,6.07,1.07
33,9,7.1,115,Oncology,79,0.443,Insights,Insights,1,1,9.0,12.77,3.77,4.0,5.34,1.34
67,424,8.8,42,Neurology,81,0.381,Call,Email,1,4,12.0,17.63,5.63,2.0,3.13,1.13
54,58,18.8,54,Neurology,80,0.07,Call,Email,1,5,19.0,24.85,5.85,5.0,7.07,2.07
42,500,17.0,101,Neurology,86,0.438,All,All,1,3,8.0,14.62,6.62,3.0,5.49,2.49
37,136,10.3,187,Primary Care,69,0.746,Call,Call,0,0,22.0,22.98,0.98,8.0,8.01,0.01
57,190,6.8,128,Primary Care,84,0.621,Call,Call,1,4,17.0,23.59,6.59,3.0,5.39,2.39
61,80,5.4,66,Neurology,78,0.356,Call,Call,0,0,15.0,15.12,0.12,4.0,4.0,0.0
40,413,4.2,152,Neurology,79,0.576,Insights,Insights,1,2,19.0,25.99,6.99,3.0,4.96,1.96
3,367,1.5,33,Primary Care,96,0.438,All,All,1,4,12.0,20.48,8.48,4.0,6.18,2.18
9,40,12.2,167,Oncology,81,0.522,Email,Email,1,1,15.0,20.51,5.51,4.0,5.77,1.77
12,53,13.9,58,Cardiology,81,0.762,Call,Call,1,3,13.0,20.87,7.87,3.0,4.82,1.82
37,305,10.3,187,Primary Care,80,0.047,Email,Call,0,0,18.0,18.32,0.32,6.0,6.06,0.06
50,433,8.5,157,Cardiology,83,0.355,Email,Email,1,3,15.0,21.44,6.44,6.0,8.04,2.04
65,55,4.0,150,Primary Care,85,0.307,Call,Email,1,2,17.0,20.76,3.76,7.0,7.04,0.04
19,111,12.9,81,Cardiology,80,0.346,All,Email,1,2,19.0,24.23,5.23,6.0,7.87,1.87
63,273,15.4,190,Neurology,77,0.662,Insights,Insights,0,0,11.0,11.41,0.41,2.0,2.09,0.09
54,55,18.8,54,Primary Care,85,0.307,Email,Email,1,1,12.0,18.57,6.57,3.0,3.01,0.01
5,153,14.3,123,Oncology,81,0.134,Insights,Call,1,3,14.0,18.54,4.54,10.0,10.95,0.95
29,6,12.2,174,Primary Care,70,0.138,All,All,0,0,15.0,16.65,1.65,7.0,7.14,0.14
25,250,10.3,198,Cardiology,91,0.692,Call,All,1,2,16.0,19.53,3.53,5.0,6.44,1.44
71,358,11.1,124,Neurology,85,0.659,Email,Email,1,4,7.0,14.53,7.53,6.0,8.62,2.62
74,206,19.7,62,Oncology,91,0.39,All,Email,0,0,7.0,7.7,0.7,3.0,3.58,0.58
66,129,3.4,187,Primary Care,88,0.726,Email,Insights,0,0,13.0,13.24,0.24,4.0,4.07,0.07
43,213,9.7,154,Cardiology,83,0.393,All,All,0,0,12.0,13.28,1.28,1.0,1.45,0.45
40,255,4.2,152,Cardiology,84,0.46,All,All,0,0,18.0,18.61,0.61,7.0,7.03,0.03
25,83,10.3,198,Oncology,83,0.469,All,Email,0,0,19.0,19.13,0.13,4.0,4.07,0.07
62,56,11.3,183,Cardiology,82,0.258,Email,Insights,1,2,9.0,15.56,6.56,6.0,6.59,0.59
7,91,16.5,42,Neurology,80,0.394,Email,All,0,0,13.0,13.17,0.17,4.0,4.48,0.48
22,493,19.0,38,Neurology,73,0.058,All,Insights,0,0,14.0,14.09,0.09,3.0,3.18,0.18
11,362,14.7,189,Cardiology,86,0.334,Call,Call,1,0,14.0,17.89,3.89,3.0,4.44,1.44
40,63,4.2,152,Neurology,69,0.409,Call,All,1,7,12.0,19.44,7.44,3.0,4.86,1.86
24,151,5.7,177,Primary Care,77,0.376,Insights,Insights,0,0,16.0,16.5,0.5,4.0,4.12,0.12
16,206,15.5,62,Oncology,91,0.39,Email,Call,1,2,15.0,18.18,3.18,4.0,4.49,0.49
31,91,7.9,33,Neurology,80,0.394,Insights,Insights,0,0,12.0,12.03,0.03,7.0,7.16,0.16
69,426,19.6,188,Cardiology,80,0.166,All,All,0,0,15.0,15.29,0.29,4.0,4.33,0.33
45,471,5.0,150,Primary Care,92,0.141,Insights,Insights,0,0,16.0,17.74,1.74,5.0,5.61,0.61
66,123,3.4,187,Cardiology,74,0.458,Call,All,1,6,12.0,18.66,6.66,2.0,4.22,2.22
74,9,19.7,62,Oncology,79,0.443,All,Insights,1,3,17.0,23.2,6.2,3.0,5.6,2.6
73,134,9.5,80,Neurology,80,0.588,Insights,Insights,0,0,11.0,11.21,0.21,2.0,2.02,0.02
29,292,12.2,174,Cardiology,67,0.446,Email,Insights,1,1,19.0,23.64,4.64,5.0,6.43,1.43
71,405,11.1,124,Oncology,74,0.549,Insights,Insights,1,2,13.0,17.87,4.87,2.0,3.74,1.74
73,170,9.5,80,Oncology,85,0.258,Email,Email,0,0,12.0,12.94,0.94,2.0,2.13,0.13
77,137,5.6,150,Cardiology,70,0.134,Call,Call,1,5,25.0,33.71,8.71,1.0,3.51,2.51
29,125,12.2,174,Neurology,79,0.505,Insights,Insights,1,0,16.0,18.92,2.92,1.0,2.52,1.52
19,2,12.9,81,Neurology,86,0.643,Email,Email,1,3,20.0,26.66,6.66,5.0,6.49,1.49
47,8,19.6,145,Oncology,84,0.211,Email,Call,1,4,12.0,16.41,4.41,4.0,5.29,1.29
75,214,10.3,91,Primary Care,80,0.677,Insights,Insights,1,0,12.0,15.87,3.87,2.0,2.25,0.25
73,309,9.5,80,Primary Care,92,0.488,Call,Call,1,4,10.0,23.33,13.33,6.0,8.67,2.67
46,7,14.6,60,Cardiology,78,0.528,Insights,Email,1,4,15.0,18.63,3.63,3.0,5.33,2.33
12,101,13.9,58,Cardiology,69,0.507,Call,Call,0,0,13.0,13.8,0.8,2.0,2.25,0.25
34,455,1.0,82,Cardiology,81,0.852,Insights,Insights,1,2,14.0,21.64,7.64,2.0,2.55,0.55
58,496,14.5,120,Cardiology,78,0.351,All,Call,1,2,15.0,21.35,6.35,5.0,6.49,1.49
45,321,5.0,150,Oncology,80,0.224,Email,Email,1,2,10.0,15.68,5.68,4.0,5.72,1.72
28,261,19.3,22,Primary Care,92,0.673,All,All,1,7,18.0,31.31,13.31,6.0,9.21,3.21
28,292,19.3,22,Cardiology,67,0.446,Email,Email,1,3,13.0,17.81,4.81,3.0,4.05,1.05
5,186,14.3,123,Cardiology,82,0.35,Call,Call,0,0,15.0,15.05,0.05,5.0,5.43,0.43
24,101,5.7,177,Cardiology,69,0.507,Call,Call,0,0,14.0,15.04,1.04,2.0,2.3,0.3
54,188,18.8,54,Cardiology,91,0.228,Email,Email,1,6,13.0,23.91,10.91,2.0,6.03,4.03
20,350,4.7,153,Neurology,82,0.491,Email,Insights,1,2,11.0,14.9,3.9,6.0,7.53,1.53
80,332,5.0,190,Primary Care,88,0.31,All,All,0,0,12.0,12.4,0.4,1.0,1.33,0.33
7,339,16.5,42,Primary Care,82,0.594,All,All,0,0,15.0,15.09,0.09,6.0,6.43,0.43
48,305,11.4,109,Primary Care,80,0.047,All,Call,0,0,16.0,16.7,0.7,6.0,6.27,0.27
40,31,4.2,152,Cardiology,78,0.376,All,Call,0,0,13.0,14.13,1.13,4.0,4.25,0.25
67,314,8.8,42,Primary Care,80,0.738,Call,Call,1,3,23.0,31.7,8.7,7.0,8.51,1.51
72,441,5.3,163,Oncology,82,0.069,Email,Email,0,0,18.0,18.3,0.3,3.0,3.41,0.41
44,325,18.7,26,Neurology,75,0.759,Email,Email,1,3,18.0,25.55,7.55,3.0,4.84,1.84
51,290,15.3,66,Primary Care,89,0.269,Insights,Insights,1,0,19.0,21.55,2.55,4.0,4.78,0.78
56,112,12.0,85,Neurology,67,0.565,All,Call,1,2,11.0,14.67,3.67,2.0,3.33,1.33
42,397,17.0,101,Primary Care,90,0.631,Call,Call,1,4,14.0,22.31,8.31,2.0,4.46,2.46
15,226,5.6,103,Primary Care,76,0.391,Email,Email,1,5,17.0,25.01,8.01,7.0,7.79,0.79
35,132,17.5,101,Oncology,73,0.254,Call,Call,1,4,17.0,22.94,5.94,5.0,6.45,1.45
20,245,4.7,153,Cardiology,73,0.766,All,All,1,10,17.0,29.5,12.5,5.0,9.12,4.12
38,62,2.6,161,Neurology,83,0.649,Call,Call,1,6,14.0,23.63,9.63,5.0,7.82,2.82
50,464,8.5,157,Cardiology,85,0.058,All,All,0,0,17.0,17.04,0.04,3.0,3.0,0.0
17,352,14.5,38,Oncology,76,0.756,Call,Call,1,0,17.0,19.53,2.53,4.0,4.87,0.87
20,164,4.7,153,Neurology,82,0.635,Call,Call,1,2,19.0,25.32,6.32,3.0,3.73,0.73
66,397,3.4,187,Primary Care,90,0.631,Call,All,0,0,12.0,12.26,0.26,7.0,7.87,0.87
31,28,7.9,33,Oncology,87,0.392,All,All,1,8,10.0,22.43,12.43,3.0,7.18,4.18
16,194,15.5,62,Oncology,77,0.095,All,Email,0,0,10.0,10.41,0.41,2.0,2.02,0.02
58,326,14.5,120,Cardiology,85,0.18,Call,Call,1,3,27.0,33.65,6.65,6.0,6.67,0.67
58,12,14.5,120,Neurology,80,0.218,Call,All,0,0,15.0,16.53,1.53,2.0,2.02,0.02
67,355,8.8,42,Cardiology,79,0.655,Email,Email,0,0,14.0,14.42,0.42,3.0,3.18,0.18
61,410,5.4,66,Neurology,93,0.263,Email,Email,0,0,21.0,21.01,0.01,4.0,4.11,0.11
80,298,5.0,190,Oncology,79,0.701,Email,Email,1,1,17.0,22.93,5.93,6.0,6.87,0.87
46,104,14.6,60,Neurology,82,0.246,Email,Email,0,0,14.0,14.14,0.14,6.0,6.29,0.29
23,375,8.9,67,Cardiology,77,0.043,Insights,Insights,1,2,9.0,17.84,8.84,6.0,6.32,0.32
70,170,9.1,60,Oncology,85,0.258,All,All,0,0,15.0,15.0,0.0,5.0,5.06,0.06
22,368,19.0,38,Cardiology,83,0.162,All,Email,1,1,19.0,25.94,6.94,8.0,9.24,1.24
24,315,5.7,177,Primary Care,75,0.354,All,All,1,2,17.0,21.53,4.53,4.0,6.03,2.03
67,47,8.8,42,Neurology,98,0.51,All,All,1,6,14.0,25.25,11.25,5.0,7.34,2.34
71,50,11.1,124,Oncology,77,0.192,All,Call,0,0,16.0,17.75,1.75,1.0,1.05,0.05
28,8,19.3,22,Oncology,84,0.211,Call,Call,1,5,17.0,28.05,11.05,3.0,6.13,3.13
59,36,17.8,73,Oncology,95,0.734,Email,Insights,1,3,14.0,18.34,4.34,5.0,6.53,1.53
74,150,19.7,62,Neurology,72,0.618,Email,Call,1,2,19.0,23.34,4.34,1.0,1.0,0.0
64,13,18.8,49,Cardiology,82,0.227,All,Insights,0,0,10.0,10.37,0.37,1.0,1.63,0.63
1,470,18.1,130,Neurology,73,0.115,Email,Email,0,0,12.0,12.22,0.22,4.0,4.6,0.6
54,459,18.8,54,Oncology,84,0.196,Call,Call,1,3,11.0,20.97,9.97,3.0,5.14,2.14
14,87,1.0,123,Oncology,82,0.544,Insights,Call,0,0,8.0,8.52,0.52,2.0,2.04,0.04
68,156,3.4,153,Cardiology,82,0.277,Insights,Insights,0,0,7.0,7.37,0.37,8.0,8.01,0.01
6,372,11.4,159,Neurology,80,0.372,Insights,Email,1,1,16.0,21.47,5.47,4.0,4.81,0.81
80,331,5.0,190,Oncology,80,0.49,All,All,1,5,10.0,18.11,8.11,7.0,8.45,1.45
15,291,5.6,103,Primary Care,79,0.27,Insights,All,0,0,19.0,19.08,0.08,1.0,1.0,0.0
34,495,1.0,82,Oncology,68,0.358,All,Call,1,5,16.0,27.08,11.08,2.0,5.33,3.33
19,315,12.9,81,Primary Care,75,0.354,Email,Email,0,0,11.0,11.09,0.09,5.0,5.05,0.05
66,335,3.4,187,Neurology,87,0.039,All,All,1,4,13.0,21.19,8.19,2.0,4.38,2.38
32,252,11.7,170,Cardiology,74,0.789,Insights,Email,1,2,13.0,19.15,6.15,4.0,4.0,0.0
60,263,13.3,137,Neurology,68,0.33,Email,Email,1,1,14.0,18.26,4.26,4.0,5.47,1.47
6,146,11.4,159,Primary Care,89,0.01,All,Insights,0,0,17.0,18.18,1.18,5.0,5.49,0.49
37,261,10.3,187,Primary Care,92,0.673,All,Email,1,2,11.0,15.47,4.47,5.0,7.97,2.97
73,460,9.5,80,Primary Care,77,0.092,All,All,1,3,13.0,20.04,7.04,2.0,4.32,2.32
75,189,10.3,91,Neurology,77,0.106,All,All,1,4,13.0,22.36,9.36,5.0,7.74,2.74
17,67,14.5,38,Oncology,87,0.465,Call,Call,1,3,13.0,20.01,7.01,4.0,4.81,0.81
32,300,11.7,170,Cardiology,75,0.621,Email,All,1,3,8.0,12.12,4.12,5.0,5.79,0.79
33,393,7.1,115,Neurology,84,0.408,Email,Email,1,5,13.0,21.25,8.25,4.0,7.82,3.82
46,480,14.6,60,Primary Care,86,0.362,All,All,1,4,19.0,26.69,7.69,3.0,5.77,2.77
43,272,9.7,154,Cardiology,76,0.329,All,Call,1,3,24.0,33.36,9.36,8.0,10.12,2.12
9,395,12.2,167,Primary Care,82,0.363,All,All,1,5,18.0,27.11,9.11,0.0,3.63,3.63
62,126,11.3,183,Oncology,82,0.333,All,Email,1,0,15.0,17.98,2.98,5.0,5.38,0.38
19,213,12.9,81,Cardiology,83,0.393,Insights,Insights,1,1,16.0,23.67,7.67,3.0,4.45,1.45
26,210,8.4,99,Neurology,81,0.65,Email,Email,1,4,22.0,29.81,7.81,5.0,7.49,2.49
68,167,3.4,153,Primary Care,82,0.32,Email,Email,1,0,12.0,15.87,3.87,5.0,5.8,0.8
56,359,12.0,85,Cardiology,90,0.489,Call,Call,1,2,13.0,19.09,6.09,4.0,4.73,0.73
32,442,11.7,170,Neurology,86,0.281,All,Insights,0,0,20.0,21.23,1.23,8.0,8.08,0.08
73,164,9.5,80,Neurology,82,0.635,Email,Email,0,0,8.0,8.08,0.08,4.0,4.06,0.06
32,68,11.7,170,Primary Care,67,0.536,All,Insights,1,4,14.0,21.9,7.9,9.0,11.35,2.35
46,413,14.6,60,Neurology,79,0.576,Insights,Insights,1,4,8.0,15.49,7.49,7.0,8.77,1.77
20,425,4.7,153,Cardiology,86,0.128,Call,Call,1,3,16.0,24.86,8.86,2.0,3.46,1.46
15,468,5.6,103,Primary Care,86,0.101,All,Email,1,1,11.0,14.77,3.77,4.0,5.03,1.03
40,128,4.2,152,Primary Care,68,0.624,Insights,All,0,0,14.0,15.0,1.0,3.0,3.04,0.04
46,360,14.6,60,Oncology,81,0.298,All,Insights,0,0,12.0,12.08,0.08,6.0,6.28,0.28
65,358,4.0,150,Neurology,85,0.659,Call,Call,1,2,13.0,20.7,7.7,6.0,7.79,1.79
32,396,11.7,170,Oncology,61,0.217,Call,Call,0,0,17.0,17.0,0.0,2.0,2.14,0.14
72,404,5.3,163,Primary Care,83,0.092,Email,Email,1,4,23.0,33.14,10.14,5.0,6.31,1.31
49,477,14.2,24,Primary Care,81,0.627,Insights,Insights,1,0,18.0,22.21,4.21,4.0,5.44,1.44
6,239,11.4,159,Cardiology,88,0.392,All,Insights,1,4,9.0,17.48,8.48,5.0,7.87,2.87
60,38,13.3,137,Oncology,84,0.363,All,Call,1,4,11.0,19.2,8.2,2.0,4.03,2.03
46,97,14.6,60,Primary Care,81,0.428,All,All,1,2,14.0,18.54,4.54,5.0,6.16,1.16
32,444,11.7,170,Oncology,81,0.234,Email,Email,0,0,13.0,14.16,1.16,5.0,5.03,0.03
38,423,2.6,161,Neurology,84,0.471,All,Insights,1,1,17.0,19.02,2.02,3.0,4.25,1.25
25,6,10.3,198,Primary Care,70,0.138,Email,Email,0,0,8.0,8.14,0.14,11.0,11.06,0.06
50,184,8.5,157,Neurology,88,0.178,Email,Email,0,0,21.0,21.73,0.73,5.0,5.1,0.1
46,123,14.6,60,Cardiology,74,0.458,All,All,1,9,12.0,22.39,10.39,4.0,8.33,4.33
36,161,9.2,60,Primary Care,69,0.591,All,Call,0,0,20.0,20.16,0.16,3.0,3.04,0.04
23,320,8.9,67,Neurology,76,0.818,All,Email,1,5,12.0,22.12,10.12,3.0,4.87,1.87
32,256,11.7,170,Cardiology,82,0.414,All,All,0,0,15.0,15.17,0.17,7.0,7.07,0.07
40,241,4.2,152,Cardiology,79,0.319,Email,Email,0,0,8.0,9.02,1.02,2.0,2.17,0.17
38,218,2.6,161,Cardiology,77,0.354,Email,Email,0,0,10.0,12.55,2.55,3.0,3.64,0.64
25,321,10.3,198,Oncology,80,0.224,Email,Email,1,5,20.0,28.48,8.48,3.0,5.29,2.29
47,342,19.6,145,Oncology,83,0.431,Insights,Insights,0,0,11.0,11.1,0.1,2.0,2.0,0.0
19,22,12.9,81,Primary Care,76,0.2,Call,Call,0,0,11.0,12.43,1.43,6.0,6.02,0.02
41,69,8.8,52,Oncology,71,0.226,Email,Email,1,2,20.0,27.29,7.29,3.0,4.12,1.12
10,171,19.4,180,Neurology,79,0.107,Call,Call,1,3,11.0,16.79,5.79,4.0,5.91,1.91
38,218,2.6,161,Cardiology,77,0.354,Insights,Call,1,1,10.0,13.75,3.75,4.0,4.48,0.48
63,499,15.4,190,Oncology,68,0.052,All,Call,0,0,19.0,19.25,0.25,4.0,4.03,0.03
66,446,3.4,187,Primary Care,98,0.446,Call,Call,1,1,21.0,27.4,6.4,1.0,2.72,1.72
56,325,12.0,85,Neurology,75,0.759,Call,Call,1,2,15.0,21.25,6.25,2.0,2.72,0.72
60,19,13.3,137,Primary Care,65,0.675,Insights,Insights,1,0,13.0,18.27,5.27,8.0,8.31,0.31
6,51,11.4,159,Primary Care,83,0.092,Insights,Insights,0,0,16.0,17.3,1.3,3.0,3.48,0.48
28,229,19.3,22,Primary Care,81,0.425,Call,Call,0,0,16.0,16.1,0.1,4.0,4.1,0.1
53,294,14.4,171,Neurology,81,0.318,Email,Email,1,6,17.0,28.64,11.64,5.0,6.12,1.12
65,331,4.0,150,Oncology,80,0.49,All,All,1,6,10.0,19.23,9.23,4.0,7.69,3.69
47,71,19.6,145,Neurology,87,0.283,All,Call,0,0,16.0,16.81,0.81,5.0,5.07,0.07
69,444,19.6,188,Oncology,81,0.234,Email,Email,1,3,8.0,15.99,7.99,7.0,8.84,1.84
22,247,19.0,38,Oncology,76,0.846,Insights,Insights,1,1,10.0,14.52,4.52,3.0,3.65,0.65
13,297,7.9,51,Primary Care,72,0.511,Insights,Insights,0,0,12.0,12.04,0.04,6.0,6.12,0.12
7,20,16.5,42,Primary Care,75,0.121,Email,Email,1,4,15.0,22.75,7.75,4.0,6.46,2.46
47,413,19.6,145,Neurology,79,0.576,Email,Email,0,0,9.0,9.39,0.39,4.0,4.15,0.15
54,272,18.8,54,Cardiology,76,0.329,All,All,1,3,11.0,15.91,4.91,7.0,7.19,0.19
23,112,8.9,67,Neurology,67,0.565,Insights,Call,0,0,16.0,16.02,0.02,5.0,5.32,0.32
63,160,15.4,190,Primary Care,88,0.064,Email,Email,0,0,19.0,19.93,0.93,8.0,8.02,0.02
60,177,13.3,137,Neurology,75,0.61,All,All,1,5,17.0,25.45,8.45,6.0,8.23,2.23
29,14,12.2,174,Neurology,97,0.519,Call,Call,0,0,17.0,17.16,0.16,2.0,2.0,0.0
20,472,4.7,153,Cardiology,75,0.516,Insights,Insights,0,0,11.0,11.05,0.05,4.0,4.57,0.57
60,402,13.3,137,Cardiology,76,0.552,Call,Call,1,4,13.0,21.7,8.7,4.0,7.08,3.08
54,443,18.8,54,Primary Care,86,0.185,Email,Email,1,0,13.0,16.27,3.27,3.0,3.85,0.85
14,177,1.0,123,Neurology,75,0.61,Email,Email,0,0,17.0,17.42,0.42,6.0,6.35,0.35
21,279,6.0,31,Cardiology,75,0.657,All,All,0,0,16.0,16.4,0.4,3.0,3.12,0.12
39,230,16.9,55,Primary Care,92,0.26,Insights,Email,0,0,18.0,18.33,0.33,2.0,2.15,0.15
41,238,8.8,52,Cardiology,63,0.275,All,All,1,7,9.0,18.13,9.13,3.0,6.92,3.92
14,295,1.0,123,Primary Care,84,0.131,Email,All,0,0,17.0,17.23,0.23,7.0,7.06,0.06
76,226,1.2,80,Primary Care,76,0.391,All,Insights,0,0,12.0,12.12,0.12,2.0,2.52,0.52
32,387,11.7,170,Neurology,69,0.094,Call,Call,1,3,24.0,29.84,5.84,5.0,5.93,0.93
31,30,7.9,33,Neurology,91,0.336,Insights,Call,0,0,20.0,20.38,0.38,8.0,8.03,0.03
5,97,14.3,123,Primary Care,81,0.428,Call,Call,0,0,17.0,17.12,0.12,4.0,4.26,0.26
71,447,11.1,124,Cardiology,89,0.063,Insights,Insights,0,0,9.0,9.01,0.01,4.0,4.22,0.22
19,442,12.9,81,Neurology,86,0.281,Email,Email,1,3,9.0,15.66,6.66,3.0,5.2,2.2
79,410,19.8,87,Neurology,93,0.263,Email,Email,1,6,13.0,23.68,10.68,6.0,8.07,2.07
40,185,4.2,152,Cardiology,94,0.671,All,Insights,1,1,24.0,31.67,7.67,3.0,3.93,0.93
70,229,9.1,60,Primary Care,81,0.425,Email,Insights,0,0,15.0,15.24,0.24,5.0,5.25,0.25
15,13,5.6,103,Cardiology,82,0.227,Email,All,0,0,15.0,15.35,0.35,11.0,11.03,0.03
14,140,1.0,123,Primary Care,79,0.139,All,All,0,0,21.0,21.38,0.38,4.0,4.12,0.12
65,364,4.0,150,Oncology,79,0.603,Call,Call,0,0,18.0,18.63,0.63,6.0,6.44,0.44
66,172,3.4,187,Oncology,91,0.343,Insights,Insights,0,0,12.0,12.12,0.12,3.0,3.16,0.16
44,241,18.7,26,Cardiology,79,0.319,All,Call,1,5,21.0,29.77,8.77,5.0,8.1,3.1
3,62,1.5,33,Neurology,83,0.649,All,All,1,3,14.0,22.95,8.95,2.0,2.92,0.92
76,249,1.2,80,Oncology,95,0.217,Email,Email,0,0,18.0,18.06,0.06,4.0,4.0,0.0
32,361,11.7,170,Primary Care,77,0.116,Insights,Call,1,2,17.0,21.22,4.22,7.0,7.92,0.92
75,287,10.3,91,Neurology,72,0.386,Insights,Insights,1,2,19.0,24.05,5.05,5.0,6.6,1.6
70,279,9.1,60,Cardiology,75,0.657,Call,Insights,0,0,13.0,13.24,0.24,5.0,5.15,0.15
69,458,19.6,188,Primary Care,87,0.194,All,Call,1,4,21.0,28.9,7.9,5.0,6.9,1.9
56,118,12.0,85,Oncology,79,0.377,All,All,1,6,17.0,26.0,9.0,6.0,8.89,2.89
54,150,18.8,54,Neurology,72,0.618,Email,Email,1,5,18.0,25.72,7.72,8.0,12.16,4.16
43,312,9.7,154,Neurology,66,0.714,Email,Email,0,0,14.0,14.64,0.64,5.0,5.05,0.05
2,241,6.3,75,Cardiology,79,0.319,All,All,1,6,15.0,25.06,10.06,8.0,9.9,1.9
32,490,11.7,170,Cardiology,85,0.564,Call,Call,0,0,14.0,14.16,0.16,1.0,1.16,0.16
59,30,17.8,73,Neurology,91,0.336,All,Insights,1,2,17.0,23.99,6.99,1.0,3.58,2.58
65,62,4.0,150,Neurology,83,0.649,Email,Email,1,2,15.0,22.11,7.11,5.0,7.04,2.04
45,171,5.0,150,Neurology,79,0.107,Email,Email,1,5,18.0,26.55,8.55,3.0,6.28,3.28
57,230,6.8,128,Primary Care,92,0.26,Insights,Email,1,1,10.0,13.14,3.14,10.0,12.17,2.17
2,446,6.3,75,Primary Care,98,0.446,All,All,1,3,19.0,25.24,6.24,3.0,5.15,2.15
38,248,2.6,161,Cardiology,80,0.411,Email,Email,1,1,16.0,19.56,3.56,5.0,6.84,1.84
41,219,8.8,52,Neurology,73,0.039,All,Email,0,0,20.0,20.65,0.65,6.0,6.02,0.02
72,84,5.3,163,Cardiology,89,0.343,Call,Email,1,4,16.0,20.73,4.73,4.0,4.93,0.93
25,218,10.3,198,Cardiology,77,0.354,Email,Email,1,1,14.0,18.76,4.76,2.0,4.09,2.09
19,266,12.9,81,Neurology,93,0.138,Insights,All,1,3,14.0,19.83,5.83,3.0,4.32,1.32
29,292,12.2,174,Cardiology,67,0.446,Call,Call,0,0,16.0,16.09,0.09,5.0,5.4,0.4
14,303,1.0,123,Neurology,71,0.161,Insights,All,0,0,15.0,15.25,0.25,2.0,2.09,0.09
45,215,5.0,150,Oncology,88,0.42,Call,Call,0,0,8.0,8.9,0.9,1.0,1.09,0.09
52,79,18.3,191,Neurology,91,0.237,Call,Call,0,0,9.0,9.53,0.53,3.0,3.07,0.07
65,77,4.0,150,Neurology,75,0.827,Email,Email,1,3,13.0,17.42,4.42,6.0,7.56,1.56
78,78,19.6,86,Oncology,75,0.333,All,Call,1,5,13.0,25.44,12.44,3.0,5.63,2.63
6,310,11.4,159,Oncology,73,0.198,All,Insights,1,1,10.0,14.75,4.75,0.0,1.67,1.67
20,429,4.7,153,Oncology,91,0.722,Call,Call,0,0,18.0,18.14,0.14,1.0,1.07,0.07
25,442,10.3,198,Neurology,86,0.281,Call,Call,0,0,20.0,20.66,0.66,2.0,2.18,0.18
20,156,4.7,153,Cardiology,82,0.277,All,Email,1,2,15.0,24.76,9.76,4.0,4.77,0.77
67,40,8.8,42,Oncology,81,0.522,Email,Email,1,5,13.0,22.66,9.66,6.0,8.03,2.03
12,316,13.9,58,Oncology,78,0.34,All,Call,1,2,11.0,20.82,9.82,2.0,3.95,1.95
3,20,1.5,33,Primary Care,75,0.121,Insights,Insights,1,3,11.0,17.89,6.89,0.0,2.15,2.15
69,314,19.6,188,Primary Care,80,0.738,All,Insights,0,0,14.0,14.22,0.22,5.0,5.31,0.31
77,192,5.6,150,Neurology,63,0.339,Call,Call,1,0,17.0,19.44,2.44,4.0,4.68,0.68
19,420,12.9,81,Neurology,87,0.385,Call,Call,1,2,19.0,24.13,5.13,4.0,5.38,1.38
27,313,14.9,28,Primary Care,78,0.792,Call,Call,1,1,18.0,23.48,5.48,4.0,4.54,0.54
41,370,8.8,52,Neurology,75,0.29,Email,Email,0,0,10.0,10.73,0.73,6.0,6.01,0.01
43,203,9.7,154,Cardiology,81,0.321,Email,Email,1,5,13.0,21.48,8.48,4.0,5.86,1.86
80,421,5.0,190,Primary Care,82,0.174,All,Call,1,5,16.0,26.68,10.68,3.0,5.6,2.6
33,263,7.1,115,Neurology,68,0.33,Email,Email,1,7,16.0,27.04,11.04,5.0,8.79,3.79
1,313,18.1,130,Primary Care,78,0.792,Email,Email,1,3,8.0,14.64,6.64,2.0,3.82,1.82
34,181,1.0,82,Primary Care,69,0.282,Call,Call,1,2,23.0,29.83,6.83,0.0,2.42,2.42
45,225,5.0,150,Primary Care,78,0.565,Call,Call,0,0,17.0,17.06,0.06,1.0,2.37,1.37
42,421,17.0,101,Primary Care,82,0.174,Insights,Insights,0,0,19.0,19.28,0.28,6.0,6.52,0.52
41,197,8.8,52,Primary Care,70,0.318,Email,Email,0,0,15.0,15.06,0.06,3.0,3.03,0.03
74,11,19.7,62,Primary Care,81,0.098,All,Call,1,6,20.0,31.37,11.37,2.0,5.3,3.3
65,190,4.0,150,Primary Care,84,0.621,All,All,1,4,11.0,19.68,8.68,6.0,7.03,1.03
21,196,6.0,31,Primary Care,70,0.377,Email,Email,0,0,23.0,23.12,0.12,2.0,2.32,0.32
29,210,12.2,174,Neurology,81,0.65,All,Call,1,1,6.0,6.07,0.07,5.0,7.25,2.25
54,36,18.8,54,Oncology,95,0.734,Call,All,1,4,13.0,17.61,4.61,5.0,6.58,1.58
33,65,7.1,115,Cardiology,87,0.215,Call,Call,1,7,8.0,18.21,10.21,0.0,2.76,2.76
35,163,17.5,101,Neurology,77,0.341,All,Insights,1,3,13.0,20.87,7.87,5.0,5.72,0.72
14,212,1.0,123,Cardiology,70,0.076,All,Email,1,4,13.0,20.39,7.39,7.0,9.35,2.35
21,15,6.0,31,Primary Care,71,0.274,Call,Insights,0,0,21.0,21.52,0.52,9.0,9.14,0.14
60,195,13.3,137,Primary Care,84,0.33,Call,Call,0,0,14.0,14.16,0.16,5.0,5.64,0.64
68,161,3.4,153,Primary Care,69,0.591,Call,Call,1,2,18.0,23.52,5.52,5.0,6.79,1.79
63,18,15.4,190,Neurology,84,0.29,Insights,Insights,1,1,17.0,22.14,5.14,2.0,2.56,0.56
25,126,10.3,198,Oncology,82,0.333,Insights,Insights,0,0,17.0,17.22,0.22,2.0,2.07,0.07
11,138,14.7,189,Neurology,74,0.142,Email,Email,0,0,16.0,16.83,0.83,4.0,4.11,0.11
13,72,7.9,51,Cardiology,87,0.334,All,Insights,1,1,16.0,24.34,8.34,8.0,10.6,2.6
32,376,11.7,170,Primary Care,85,0.101,All,Email,0,0,12.0,13.05,1.05,4.0,4.22,0.22
42,37,17.0,101,Cardiology,84,0.317,Email,Email,0,0,15.0,15.84,0.84,3.0,3.11,0.11
72,289,5.3,163,Neurology,87,0.352,All,All,1,1,17.0,22.81,5.81,3.0,3.62,0.62
72,333,5.3,163,Cardiology,78,0.618,All,Insights,1,1,15.0,19.74,4.74,5.0,6.96,1.96
1,404,18.1,130,Primary Care,83,0.092,Call,Call,1,3,18.0,24.56,6.56,2.0,4.89,2.89
57,273,6.8,128,Neurology,77,0.662,Insights,Insights,0,0,10.0,10.09,0.09,4.0,4.18,0.18
24,272,5.7,177,Cardiology,76,0.329,All,Insights,0,0,13.0,13.27,0.27,3.0,3.08,0.08
16,381,15.5,62,Oncology,76,0.158,All,Call,0,0,8.0,8.63,0.63,8.0,8.5,0.5
45,428,5.0,150,Neurology,76,0.716,Call,Call,0,0,19.0,19.78,0.78,2.0,2.1,0.1
3,106,1.5,33,Cardiology,97,0.804,Insights,Insights,0,0,8.0,8.12,0.12,3.0,3.09,0.09
27,399,14.9,28,Cardiology,77,0.525,All,Call,1,4,16.0,25.02,9.02,4.0,5.48,1.48
45,232,5.0,150,Neurology,78,0.439,All,All,1,2,12.0,16.69,4.69,2.0,2.95,0.95
22,50,19.0,38,Oncology,77,0.192,Email,Email,0,0,10.0,10.11,0.11,6.0,6.13,0.13
48,307,11.4,109,Neurology,69,0.321,Insights,All,1,7,8.0,15.18,7.18,7.0,8.27,1.27
37,489,10.3,187,Primary Care,80,0.863,All,All,0,0,8.0,8.66,0.66,4.0,4.14,0.14
64,71,18.8,49,Neurology,87,0.283,Email,Email,1,1,16.0,18.23,2.23,2.0,2.32,0.32
15,8,5.6,103,Oncology,84,0.211,Call,Call,0,0,13.0,14.47,1.47,3.0,3.84,0.84
5,459,14.3,123,Oncology,84,0.196,Insights,Call,0,0,15.0,15.4,0.4,1.0,1.03,0.03
43,299,9.7,154,Oncology,81,0.553,Insights,Insights,1,3,13.0,21.0,8.0,4.0,5.54,1.54
21,110,6.0,31,Neurology,78,0.263,All,Call,1,5,20.0,28.65,8.65,1.0,3.63,2.63
57,397,6.8,128,Primary Care,90,0.631,Email,Email,0,0,19.0,19.17,0.17,4.0,4.01,0.01
8,197,17.0,116,Primary Care,70,0.318,All,Email,1,2,18.0,26.64,8.64,3.0,3.86,0.86
47,166,19.6,145,Oncology,77,0.605,Call,Call,1,2,10.0,15.64,5.64,1.0,1.4,0.4
80,145,5.0,190,Primary Care,81,0.259,All,All,0,0,16.0,16.14,0.14,9.0,9.23,0.23
8,300,17.0,116,Cardiology,75,0.621,Call,Call,0,0,17.0,17.28,0.28,3.0,3.12,0.12
25,68,10.3,198,Primary Care,67,0.536,Email,Email,0,0,18.0,18.64,0.64,6.0,6.04,0.04
68,182,3.4,153,Neurology,70,0.403,All,All,1,2,18.0,24.98,6.98,2.0,4.1,2.1
43,153,9.7,154,Oncology,81,0.134,All,Call,1,5,17.0,26.3,9.3,3.0,5.69,2.69
14,31,1.0,123,Cardiology,78,0.376,Call,Call,0,0,11.0,11.34,0.34,5.0,5.07,0.07
18,382,7.3,45,Cardiology,72,0.608,Call,Call,0,0,12.0,12.17,0.17,5.0,5.3,0.3
62,5,11.3,183,Primary Care,67,0.622,Insights,Insights,0,0,19.0,19.29,0.29,5.0,5.63,0.63
69,480,19.6,188,Primary Care,86,0.362,All,Insights,1,4,8.0,16.18,8.18,4.0,6.82,2.82
29,48,12.2,174,Neurology,89,0.023,Call,Call,1,3,15.0,19.68,4.68,5.0,7.01,2.01
38,180,2.6,161,Primary Care,79,0.23,All,All,0,0,18.0,18.43,0.43,3.0,3.04,0.04
63,50,15.4,190,Oncology,77,0.192,Call,Call,1,5,6.0,13.41,7.41,2.0,4.43,2.43
15,184,5.6,103,Neurology,88,0.178,All,All,1,5,15.0,25.02,10.02,5.0,7.56,2.56
17,306,14.5,38,Oncology,78,0.227,Call,Call,1,1,11.0,17.37,6.37,3.0,3.0,0.0
62,44,11.3,183,Oncology,88,0.174,Email,Call,0,0,18.0,18.23,0.23,1.0,1.02,0.02
15,263,5.6,103,Neurology,68,0.33,All,All,1,5,12.0,18.39,6.39,4.0,6.7,2.7
62,386,11.3,183,Cardiology,87,0.372,Email,Email,1,5,16.0,25.01,9.01,4.0,6.66,2.66
40,228,4.2,152,Cardiology,78,0.41,All,Email,0,0,17.0,17.02,0.02,1.0,1.07,0.07
80,57,5.0,190,Neurology,74,0.438,Email,Call,0,0,15.0,15.73,0.73,6.0,6.0,0.0
3,346,1.5,33,Neurology,88,0.173,Call,Call,1,1,11.0,17.51,6.51,12.0,12.7,0.7
76,94,1.2,80,Cardiology,64,0.307,All,Call,1,2,13.0,18.76,5.76,6.0,7.0,1.0
19,9,12.9,81,Oncology,79,0.443,Insights,Call,0,0,6.0,6.69,0.69,6.0,6.16,0.16
3,219,1.5,33,Neurology,73,0.039,Email,Email,1,4,16.0,26.26,10.26,4.0,6.44,2.44
58,136,14.5,120,Primary Care,69,0.746,Insights,Insights,1,3,19.0,24.41,5.41,1.0,2.46,1.46
43,15,9.7,154,Primary Care,71,0.274,Email,Email,0,0,9.0,10.19,1.19,2.0,2.07,0.07
67,389,8.8,42,Oncology,80,0.152,All,Call,1,3,16.0,22.75,6.75,2.0,4.48,2.48
9,300,12.2,167,Cardiology,75,0.621,Email,Email,1,4,14.0,25.75,11.75,3.0,5.44,2.44
7,455,16.5,42,Cardiology,81,0.852,Insights,All,1,4,17.0,22.51,5.51,3.0,4.08,1.08
46,241,14.6,60,Cardiology,79,0.319,Email,Email,1,4,14.0,19.47,5.47,6.0,8.83,2.83
71,220,11.1,124,Cardiology,75,0.559,Insights,Insights,1,0,10.0,13.44,3.44,5.0,5.86,0.86
33,422,7.1,115,Cardiology,88,0.557,All,All,0,0,11.0,11.59,0.59,7.0,7.02,0.02
64,41,18.8,49,Oncology,79,0.401,All,Call,1,4,13.0,24.37,11.37,5.0,6.02,1.02
73,181,9.5,80,Primary Care,69,0.282,Call,Call,1,0,17.0,19.8,2.8,7.0,8.07,1.07
70,400,9.1,60,Neurology,85,0.085,Email,Email,1,3,16.0,25.26,9.26,3.0,4.92,1.92
41,147,8.8,52,Cardiology,86,0.24,Email,Call,1,2,20.0,25.35,5.35,1.0,1.89,0.89
56,443,12.0,85,Primary Care,86,0.185,All,All,0,0,12.0,12.42,0.42,2.0,2.18,0.18
43,143,9.7,154,Neurology,88,0.131,Email,Email,0,0,19.0,20.64,1.64,2.0,2.26,0.26
54,207,18.8,54,Oncology,63,0.411,Insights,Insights,0,0,13.0,13.13,0.13,6.0,6.08,0.08
46,449,14.6,60,Oncology,71,0.266,Call,Call,1,1,24.0,28.36,4.36,3.0,3.0,0.0
43,122,9.7,154,Neurology,82,0.76,All,Insights,1,2,19.0,25.24,6.24,2.0,3.4,1.4
35,485,17.5,101,Oncology,95,0.015,Insights,Insights,0,0,16.0,16.45,0.45,6.0,6.22,0.22
53,22,14.4,171,Primary Care,76,0.2,Insights,Insights,1,3,20.0,22.63,2.63,4.0,6.62,2.62
61,133,5.4,66,Oncology,88,0.176,All,Call,0,0,10.0,10.12,0.12,3.0,3.07,0.07
74,296,19.7,62,Oncology,68,0.223,All,Email,1,6,23.0,34.28,11.28,5.0,6.8,1.8
50,298,8.5,157,Oncology,79,0.701,Insights,All,1,4,6.0,8.37,2.37,1.0,2.81,1.81
9,455,12.2,167,Cardiology,81,0.852,All,All,0,0,24.0,24.8,0.8,2.0,2.05,0.05
47,480,19.6,145,Primary Care,86,0.362,Insights,Insights,0,0,11.0,11.11,0.11,4.0,4.04,0.04
26,339,8.4,99,Primary Care,82,0.594,Call,Call,0,0,9.0,9.21,0.21,10.0,10.11,0.11
3,330,1.5,33,Oncology,70,0.262,Email,Email,1,3,13.0,20.29,7.29,2.0,4.57,2.57
6,159,11.4,159,Cardiology,86,0.338,All,Call,1,4,15.0,23.44,8.44,6.0,8.16,2.16
48,403,11.4,109,Primary Care,85,0.41,All,Insights,1,1,15.0,22.31,7.31,2.0,3.47,1.47
76,322,1.2,80,Oncology,79,0.407,Email,Email,0,0,17.0,17.11,0.11,2.0,2.44,0.44
41,13,8.8,52,Cardiology,82,0.227,Email,Email,0,0,14.0,14.71,0.71,3.0,3.27,0.27
36,417,9.2,60,Oncology,73,0.794,All,Email,1,2,17.0,22.85,5.85,6.0,7.16,1.16
8,180,17.0,116,Primary Care,79,0.23,Email,Email,0,0,9.0,9.36,0.36,1.0,1.55,0.55
55,238,12.2,128,Cardiology,63,0.275,Insights,Insights,1,3,22.0,27.96,5.96,2.0,4.14,2.14
5,244,14.3,123,Oncology,85,0.513,All,Call,0,0,12.0,12.79,0.79,2.0,2.4,0.4
68,410,3.4,153,Neurology,93,0.263,Call,Call,1,4,12.0,22.2,10.2,5.0,8.12,3.12
66,134,3.4,187,Neurology,80,0.588,Call,Call,1,2,22.0,28.07,6.07,8.0,9.36,1.36
80,196,5.0,190,Primary Care,70,0.377,Call,Call,1,2,17.0,22.31,5.31,3.0,4.06,1.06
23,20,8.9,67,Primary Care,75,0.121,Call,Email,1,2,15.0,20.17,5.17,5.0,6.44,1.44
13,175,7.9,51,Oncology,86,0.074,Insights,Insights,0,0,16.0,16.11,0.11,8.0,8.2,0.2
24,45,5.7,177,Primary Care,74,0.138,All,Call,1,6,15.0,24.1,9.1,2.0,3.7,1.7
64,292,18.8,49,Cardiology,67,0.446,All,All,1,4,14.0,24.06,10.06,7.0,10.03,3.03
18,447,7.3,45,Cardiology,89,0.063,Email,Email,0,0,15.0,15.0,0.0,3.0,3.23,0.23
71,233,11.1,124,Neurology,77,0.726,All,Insights,1,1,16.0,21.35,5.35,3.0,4.06,1.06
13,457,7.9,51,Neurology,105,0.438,Call,Call,1,3,18.0,27.45,9.45,1.0,2.49,1.49
4,489,15.7,136,Primary Care,80,0.863,All,All,1,5,9.0,13.05,4.05,7.0,9.25,2.25
18,27,7.3,45,Cardiology,98,0.116,Email,Email,0,0,17.0,17.02,0.02,2.0,2.01,0.01
61,259,5.4,66,Cardiology,78,0.458,Insights,Insights,1,1,14.0,18.42,4.42,3.0,4.36,1.36
49,265,14.2,24,Cardiology,79,0.42,Insights,Insights,1,1,21.0,26.49,5.49,6.0,6.81,0.81
29,193,12.2,174,Cardiology,65,0.598,Call,Call,0,0,10.0,10.13,0.13,4.0,4.03,0.03
53,416,14.4,171,Oncology,93,0.209,All,Email,1,2,10.0,12.88,2.88,4.0,6.18,2.18
52,198,18.3,191,Oncology,69,0.558,Email,Insights,0,0,14.0,14.54,0.54,7.0,7.05,0.05
45,28,5.0,150,Oncology,87,0.392,Email,All,1,3,13.0,15.23,2.23,2.0,3.16,1.16
42,274,17.0,101,Primary Care,79,0.327,Insights,Insights,1,0,15.0,18.14,3.14,6.0,8.04,2.04
9,101,12.2,167,Cardiology,69,0.507,Insights,Insights,1,1,15.0,19.28,4.28,1.0,1.44,0.44
21,178,6.0,31,Oncology,75,0.326,Call,Call,1,4,15.0,23.27,8.27,6.0,8.17,2.17
43,251,9.7,154,Primary Care,90,0.67,Call,Call,1,3,20.0,26.88,6.88,3.0,5.67,2.67
11,362,14.7,189,Cardiology,86,0.334,Email,All,1,3,18.0,22.59,4.59,5.0,7.07,2.07
39,140,16.9,55,Primary Care,79,0.139,All,All,1,2,17.0,22.28,5.28,4.0,4.63,0.63
10,191,19.4,180,Cardiology,92,0.145,Insights,Insights,0,0,13.0,13.12,0.12,2.0,2.21,0.21
63,34,15.4,190,Primary Care,71,0.112,Email,Call,0,0,7.0,7.49,0.49,3.0,3.08,0.08
9,193,12.2,167,Cardiology,65,0.598,Call,Call,1,2,16.0,21.51,5.51,7.0,8.16,1.16
8,291,17.0,116,Primary Care,79,0.27,All,All,1,4,17.0,23.41,6.41,2.0,4.2,2.2
52,309,18.3,191,Primary Care,92,0.488,All,Insights,0,0,12.0,12.67,0.67,1.0,1.06,0.06
18,147,7.3,45,Cardiology,86,0.24,Email,Email,1,2,17.0,23.64,6.64,5.0,6.55,1.55
29,31,12.2,174,Cardiology,78,0.376,Insights,Insights,0,0,13.0,14.11,1.11,3.0,3.4,0.4
26,289,8.4,99,Neurology,87,0.352,Email,Email,0,0,20.0,20.56,0.56,8.0,8.29,0.29
18,328,7.3,45,Cardiology,83,0.37,Email,Email,1,8,14.0,25.93,11.93,5.0,8.49,3.49
61,43,5.4,66,Neurology,74,0.559,All,Email,1,3,16.0,25.99,9.99,6.0,7.54,1.54
56,253,12.0,85,Oncology,86,0.74,All,All,0,0,12.0,12.44,0.44,6.0,6.06,0.06
20,48,4.7,153,Neurology,89,0.023,Email,Email,0,0,17.0,17.29,0.29,1.0,1.02,0.02
55,227,12.2,128,Cardiology,83,0.278,All,Call,0,0,17.0,17.05,0.05,2.0,2.25,0.25
58,321,14.5,120,Oncology,80,0.224,All,All,0,0,12.0,12.09,0.09,5.0,5.46,0.46
44,360,18.7,26,Oncology,81,0.298,All,Insights,1,1,15.0,19.2,4.2,5.0,6.98,1.98
47,357,19.6,145,Primary Care,73,0.27,All,All,0,0,18.0,18.59,0.59,2.0,2.86,0.86
75,380,10.3,91,Oncology,73,0.049,Insights,Insights,1,2,13.0,19.2,6.2,4.0,5.65,1.65
37,121,10.3,187,Primary Care,71,0.265,All,Email,0,0,15.0,15.31,0.31,8.0,8.26,0.26
31,424,7.9,33,Neurology,81,0.381,Email,Call,1,2,22.0,26.07,4.07,4.0,4.65,0.65
44,175,18.7,26,Oncology,86,0.074,Insights,Call,1,1,21.0,24.1,3.1,6.0,7.27,1.27
67,188,8.8,42,Cardiology,91,0.228,Call,Call,0,0,19.0,19.16,0.16,2.0,2.07,0.07
57,394,6.8,128,Oncology,78,0.317,All,All,0,0,12.0,12.07,0.07,4.0,4.25,0.25
7,164,16.5,42,Neurology,82,0.635,Email,Email,1,3,22.0,29.82,7.82,1.0,1.82,0.82
37,38,10.3,187,Oncology,84,0.363,Call,Call,0,0,10.0,11.04,1.04,2.0,2.09,0.09
60,358,13.3,137,Neurology,85,0.659,All,Email,0,0,14.0,14.07,0.07,9.0,9.51,0.51
18,332,7.3,45,Primary Care,88,0.31,Call,Email,1,3,14.0,19.11,5.11,5.0,6.64,1.64
80,291,5.0,190,Primary Care,79,0.27,Email,Email,0,0,12.0,12.82,0.82,8.0,8.15,0.15
65,72,4.0,150,Cardiology,87,0.334,Call,Call,1,1,16.0,21.25,5.25,5.0,5.46,0.46
68,316,3.4,153,Oncology,78,0.34,All,Insights,1,1,21.0,24.61,3.61,3.0,3.39,0.39
7,100,16.5,42,Neurology,73,0.099,Call,Insights,1,1,12.0,15.55,3.55,3.0,3.26,0.26
47,278,19.6,145,Oncology,76,0.244,Call,Call,0,0,12.0,12.29,0.29,7.0,7.09,0.09
43,254,9.7,154,Oncology,81,0.098,Insights,Call,1,0,17.0,20.85,3.85,1.0,1.8,0.8
51,387,15.3,66,Neurology,69,0.094,All,Insights,1,4,19.0,26.98,7.98,3.0,4.12,1.12
69,489,19.6,188,Primary Care,80,0.863,All,Call,1,3,19.0,23.27,4.27,7.0,9.03,2.03
29,96,12.2,174,Oncology,78,0.538,Email,Email,1,2,10.0,13.75,3.75,3.0,4.61,1.61
43,58,9.7,154,Neurology,80,0.07,All,All,0,0,17.0,17.72,0.72,7.0,7.0,0.0
55,278,12.2,128,Oncology,76,0.244,All,All,1,4,12.0,19.48,7.48,3.0,5.51,2.51
61,476,5.4,66,Cardiology,89,0.053,All,All,0,0,15.0,15.54,0.54,2.0,2.29,0.29
62,80,11.3,183,Neurology,78,0.356,Insights,Insights,0,0,12.0,12.84,0.84,3.0,3.06,0.06
27,244,14.9,28,Oncology,85,0.513,Email,Email,1,4,13.0,19.53,6.53,2.0,4.92,2.92
80,204,5.0,190,Primary Care,73,0.492,All,Call,1,1,13.0,16.98,3.98,6.0,8.09,2.09
1,160,18.1,130,Primary Care,88,0.064,Insights,Insights,0,0,19.0,19.22,0.22,3.0,3.1,0.1
40,332,4.2,152,Primary Care,88,0.31,Call,Call,0,0,13.0,13.65,0.65,2.0,2.27,0.27
49,148,14.2,24,Neurology,80,0.513,Email,Email,1,3,14.0,22.91,8.91,6.0,8.26,2.26
5,247,14.3,123,Oncology,76,0.846,Email,Email,1,5,11.0,20.54,9.54,5.0,7.36,2.36
37,423,10.3,187,Neurology,84,0.471,Insights,Insights,1,3,20.0,27.14,7.14,3.0,5.3,2.3
48,190,11.4,109,Primary Care,84,0.621,Email,Email,1,3,17.0,24.55,7.55,1.0,2.96,1.96
49,11,14.2,24,Primary Care,81,0.098,Insights,Insights,1,1,19.0,24.7,5.7,5.0,6.67,1.67
10,443,19.4,180,Primary Care,86,0.185,All,Insights,0,0,11.0,12.34,1.34,3.0,3.26,0.26
23,138,8.9,67,Neurology,74,0.142,Call,Call,0,0,20.0,20.27,0.27,2.0,2.44,0.44
20,387,4.7,153,Neurology,69,0.094,Email,Email,1,1,12.0,18.71,6.71,3.0,4.69,1.69
52,382,18.3,191,Cardiology,72,0.608,Email,Email,1,2,14.0,20.24,6.24,3.0,4.91,1.91
27,264,14.9,28,Primary Care,85,0.184,Call,Call,0,0,14.0,14.85,0.85,5.0,5.45,0.45
46,44,14.6,60,Oncology,88,0.174,All,Call,1,0,18.0,22.95,4.95,4.0,4.0,0.0
59,476,17.8,73,Cardiology,89,0.053,Insights,Insights,1,0,11.0,18.57,7.57,1.0,2.3,1.3
64,341,18.8,49,Cardiology,79,0.146,All,Insights,1,1,15.0,19.02,4.02,4.0,5.82,1.82
15,213,5.6,103,Cardiology,83,0.393,All,All,1,1,14.0,21.63,7.63,6.0,8.55,2.55
73,427,9.5,80,Oncology,85,0.282,Email,Email,1,7,20.0,30.28,10.28,7.0,9.91,2.91
14,395,1.0,123,Primary Care,82,0.363,Insights,Insights,1,2,16.0,23.03,7.03,0.0,1.61,1.61
2,381,6.3,75,Oncology,76,0.158,Call,Call,1,1,9.0,15.6,6.6,3.0,3.91,0.91
4,84,15.7,136,Cardiology,89,0.343,Call,Call,1,0,15.0,19.33,4.33,3.0,4.97,1.97
17,317,14.5,38,Neurology,72,0.135,Call,Call,0,0,18.0,18.61,0.61,3.0,3.08,0.08
70,143,9.1,60,Neurology,88,0.131,Call,Call,1,8,14.0,27.03,13.03,6.0,9.3,3.3
17,40,14.5,38,Oncology,81,0.522,Insights,Insights,1,3,16.0,22.5,6.5,5.0,5.99,0.99
56,170,12.0,85,Oncology,85,0.258,Insights,Insights,0,0,21.0,22.52,1.52,2.0,2.41,0.41
34,53,1.0,82,Cardiology,81,0.762,Call,Call,0,0,19.0,19.0,0.0,2.0,2.12,0.12
4,53,15.7,136,Cardiology,81,0.762,Email,Email,0,0,11.0,11.26,0.26,5.0,5.26,0.26
36,364,9.2,60,Oncology,79,0.603,Insights,Insights,1,1,9.0,13.08,4.08,4.0,5.06,1.06
3,251,1.5,33,Primary Care,90,0.67,All,Insights,1,4,14.0,22.18,8.18,3.0,5.63,2.63
39,199,16.9,55,Primary Care,88,0.233,Insights,Email,0,0,15.0,15.04,0.04,2.0,2.16,0.16
45,97,5.0,150,Primary Care,81,0.428,Email,Email,0,0,10.0,10.28,0.28,3.0,3.16,0.16
42,386,17.0,101,Cardiology,87,0.372,Call,Insights,0,0,22.0,22.76,0.76,3.0,3.06,0.06
23,318,8.9,67,Oncology,73,0.571,All,Insights,1,1,18.0,21.0,3.0,3.0,4.1,1.1
62,293,11.3,183,Neurology,74,0.229,All,All,0,0,12.0,12.69,0.69,3.0,3.03,0.03
48,96,11.4,109,Oncology,78,0.538,Email,Email,1,3,21.0,27.21,6.21,6.0,8.74,2.74
21,62,6.0,31,Neurology,83,0.649,Call,Call,0,0,18.0,18.67,0.67,3.0,3.22,0.22
35,62,17.5,101,Neurology,83,0.649,Call,Call,1,2,8.0,12.95,4.95,9.0,11.17,2.17
9,13,12.2,167,Cardiology,82,0.227,Insights,All,1,4,15.0,18.97,3.97,4.0,5.23,1.23
74,485,19.7,62,Oncology,95,0.015,Email,Email,1,1,29.0,36.49,7.49,3.0,3.58,0.58
61,184,5.4,66,Neurology,88,0.178,Insights,Email,1,3,23.0,28.07,5.07,8.0,9.82,1.82
24,330,5.7,177,Oncology,70,0.262,All,Insights,1,3,18.0,23.11,5.11,6.0,8.23,2.23
54,492,18.8,54,Primary Care,84,0.109,Call,Call,1,3,13.0,20.93,7.93,9.0,10.6,1.6
55,469,12.2,128,Cardiology,82,0.326,Call,Call,1,2,9.0,14.59,5.59,2.0,3.43,1.43
49,161,14.2,24,Primary Care,69,0.591,Email,All,1,1,19.0,24.73,5.73,9.0,10.04,1.04
5,245,14.3,123,Cardiology,73,0.766,Email,Insights,1,0,9.0,10.48,1.48,4.0,4.74,0.74
71,232,11.1,124,Neurology,78,0.439,All,Call,1,5,14.0,22.37,8.37,8.0,10.42,2.42
77,17,5.6,150,Primary Care,85,0.339,All,All,0,0,6.0,6.46,0.46,4.0,4.17,0.17
78,385,19.6,86,Primary Care,88,0.763,Email,Email,1,2,13.0,17.76,4.76,1.0,3.72,2.72
79,288,19.8,87,Primary Care,84,0.271,All,All,1,5,17.0,27.11,10.11,2.0,4.54,2.54
75,186,10.3,91,Cardiology,82,0.35,Email,Email,0,0,19.0,19.73,0.73,2.0,2.2,0.2
60,280,13.3,137,Cardiology,73,0.54,Insights,Insights,0,0,18.0,18.15,0.15,3.0,3.05,0.05
5,368,14.3,123,Cardiology,83,0.162,Insights,Insights,1,0,10.0,14.21,4.21,1.0,1.14,0.14
38,8,2.6,161,Oncology,84,0.211,Call,Call,0,0,9.0,9.71,0.71,1.0,1.13,0.13
20,324,4.7,153,Neurology,72,0.393,Insights,Insights,1,1,15.0,22.32,7.32,2.0,3.06,1.06
18,431,7.3,45,Oncology,61,0.102,Insights,Insights,1,2,17.0,23.32,6.32,3.0,5.06,2.06
67,364,8.8,42,Oncology,79,0.603,Email,Email,1,3,8.0,12.43,4.43,0.0,1.5,1.5
66,310,3.4,187,Oncology,73,0.198,All,Call,0,0,14.0,14.31,0.31,3.0,3.0,0.0
42,46,17.0,101,Neurology,90,0.647,Email,Email,0,0,16.0,16.08,0.08,2.0,2.11,0.11
59,373,17.8,73,Neurology,92,0.427,Email,Email,0,0,10.0,10.88,0.88,4.0,4.22,0.22
11,376,14.7,189,Primary Care,85,0.101,All,Call,0,0,17.0,18.23,1.23,2.0,2.28,0.28
18,247,7.3,45,Oncology,76,0.846,Call,Insights,0,0,17.0,17.19,0.19,2.0,2.12,0.12
69,292,19.6,188,Cardiology,67,0.446,Call,Call,0,0,11.0,11.03,0.03,2.0,2.37,0.37
37,310,10.3,187,Oncology,73,0.198,Call,Call,0,0,17.0,17.26,0.26,2.0,2.43,0.43
44,61,18.7,26,Neurology,81,0.304,Email,Email,0,0,16.0,17.82,1.82,3.0,3.07,0.07
38,129,2.6,161,Primary Care,88,0.726,Call,Call,1,3,16.0,25.54,9.54,7.0,8.6,1.6
17,397,14.5,38,Primary Care,90,0.631,Call,Call,1,4,20.0,27.87,7.87,2.0,5.45,3.45
67,487,8.8,42,Primary Care,69,0.447,Insights,Insights,1,0,9.0,11.43,2.43,4.0,4.77,0.77
61,136,5.4,66,Primary Care,69,0.746,Call,Call,1,3,18.0,24.35,6.35,6.0,7.64,1.64
55,201,12.2,128,Oncology,77,0.633,All,Email,1,3,18.0,25.31,7.31,3.0,4.17,1.17
29,458,12.2,174,Primary Care,87,0.194,All,Insights,1,0,21.0,25.73,4.73,4.0,4.56,0.56
52,82,18.3,191,Cardiology,85,0.329,Call,Call,0,0,15.0,15.69,0.69,4.0,4.7,0.7
77,131,5.6,150,Neurology,69,0.687,All,All,0,0,15.0,15.56,0.56,7.0,7.1,0.1
52,28,18.3,191,Oncology,87,0.392,All,Call,0,0,12.0,12.31,0.31,4.0,4.08,0.08
40,118,4.2,152,Oncology,79,0.377,All,All,1,1,11.0,14.21,3.21,9.0,9.98,0.98
22,319,19.0,38,Cardiology,76,0.391,All,Call,1,3,18.0,23.85,5.85,2.0,4.29,2.29
42,175,17.0,101,Oncology,86,0.074,Email,Email,1,4,19.0,27.67,8.67,2.0,4.25,2.25
30,492,12.2,100,Primary Care,84,0.109,Email,Email,1,3,13.0,22.51,9.51,3.0,4.23,1.23
49,446,14.2,24,Primary Care,98,0.446,All,Email,1,6,18.0,30.24,12.24,3.0,6.95,3.95
4,448,15.7,136,Neurology,81,0.512,Insights,Insights,1,4,15.0,21.9,6.9,3.0,4.86,1.86
16,364,15.5,62,Oncology,79,0.603,All,All,1,0,18.0,21.1,3.1,2.0,3.04,1.04
63,352,15.4,190,Oncology,76,0.756,All,All,1,3,17.0,23.57,6.57,5.0,7.1,2.1
31,255,7.9,33,Cardiology,84,0.46,Email,Email,1,2,12.0,18.39,6.39,2.0,2.23,0.23
35,496,17.5,101,Cardiology,78,0.351,Call,Call,0,0,13.0,13.33,0.33,2.0,2.22,0.22
44,48,18.7,26,Neurology,89,0.023,All,Email,0,0,19.0,19.03,0.03,3.0,3.15,0.15
36,362,9.2,60,Cardiology,86,0.334,Email,Call,0,0,20.0,20.08,0.08,3.0,3.09,0.09
61,71,5.4,66,Neurology,87,0.283,All,Call,1,3,14.0,21.33,7.33,2.0,3.83,1.83
20,170,4.7,153,Oncology,85,0.258,All,Email,1,1,17.0,22.58,5.58,4.0,5.29,1.29
61,128,5.4,66,Primary Care,68,0.624,Email,Call,1,1,13.0,14.48,1.48,3.0,4.03,1.03
17,301,14.5,38,Oncology,79,0.068,Call,Call,0,0,16.0,16.73,0.73,8.0,8.36,0.36
30,394,12.2,100,Oncology,78,0.317,Insights,Insights,0,0,23.0,24.44,1.44,6.0,6.27,0.27
48,40,11.4,109,Oncology,81,0.522,All,All,0,0,17.0,17.01,0.01,4.0,4.33,0.33
71,301,11.1,124,Oncology,79,0.068,Insights,Insights,1,0,21.0,25.48,4.48,4.0,4.66,0.66
19,111,12.9,81,Cardiology,80,0.346,Email,All,0,0,13.0,13.15,0.15,5.0,5.11,0.11
47,39,19.6,145,Oncology,77,0.367,Email,Email,0,0,11.0,12.44,1.44,0.0,0.12,0.12
6,209,11.4,159,Primary Care,77,0.116,Call,All,1,7,13.0,18.95,5.95,3.0,5.6,2.6
7,291,16.5,42,Primary Care,79,0.27,Call,Call,1,4,9.0,18.75,9.75,6.0,8.05,2.05
62,101,11.3,183,Cardiology,69,0.507,Email,Insights,1,0,13.0,18.07,5.07,8.0,8.0,0.0
58,195,14.5,120,Primary Care,84,0.33,All,Insights,1,3,16.0,22.31,6.31,6.0,8.32,2.32
31,477,7.9,33,Primary Care,81,0.627,Email,Email,1,4,14.0,21.27,7.27,6.0,9.13,3.13
50,174,8.5,157,Neurology,102,0.101,All,All,1,4,12.0,21.99,9.99,4.0,6.24,2.24
31,498,7.9,33,Oncology,69,0.581,All,All,1,5,16.0,22.75,6.75,3.0,5.8,2.8
23,418,8.9,67,Cardiology,83,0.342,Insights,Insights,0,0,13.0,13.41,0.41,3.0,3.12,0.12
35,186,17.5,101,Cardiology,82,0.35,Insights,Insights,1,2,12.0,17.78,5.78,6.0,8.79,2.79
25,289,10.3,198,Neurology,87,0.352,Email,Email,0,0,11.0,11.58,0.58,4.0,4.25,0.25
66,355,3.4,187,Cardiology,79,0.655,Insights,Call,1,2,16.0,16.73,0.73,4.0,4.91,0.91
33,233,7.1,115,Neurology,77,0.726,Call,Call,0,0,19.0,19.74,0.74,2.0,2.6,0.6
26,204,8.4,99,Primary Care,73,0.492,Email,Email,1,3,14.0,24.57,10.57,5.0,5.51,0.51
43,165,9.7,154,Primary Care,74,0.219,Insights,Insights,0,0,11.0,11.92,0.92,1.0,1.06,0.06
61,70,5.4,66,Primary Care,76,0.115,Email,Email,0,0,14.0,14.13,0.13,4.0,4.23,0.23
22,13,19.0,38,Cardiology,82,0.227,Call,Call,1,3,16.0,24.45,8.45,6.0,9.45,3.45
76,169,1.2,80,Neurology,85,0.207,Insights,Insights,0,0,14.0,14.03,0.03,5.0,5.01,0.01
38,398,2.6,161,Cardiology,83,0.425,Call,Call,1,1,13.0,18.25,5.25,4.0,5.08,1.08
53,117,14.4,171,Primary Care,85,0.523,Email,Email,1,5,19.0,27.41,8.41,5.0,7.81,2.81
77,90,5.6,150,Neurology,69,0.307,Email,Call,0,0,12.0,13.27,1.27,3.0,3.02,0.02
35,165,17.5,101,Primary Care,74,0.219,Call,Call,1,5,19.0,28.37,9.37,4.0,5.96,1.96
16,300,15.5,62,Cardiology,75,0.621,Insights,Call,1,2,12.0,14.64,2.64,2.0,2.66,0.66
60,108,13.3,137,Primary Care,76,0.337,Insights,Insights,1,3,14.0,18.61,4.61,8.0,9.85,1.85
1,111,18.1,130,Cardiology,80,0.346,Email,Email,1,4,13.0,21.63,8.63,7.0,9.28,2.28
37,57,10.3,187,Neurology,74,0.438,Insights,Insights,1,1,11.0,20.26,9.26,6.0,7.31,1.31
79,167,19.8,87,Primary Care,82,0.32,All,Insights,1,4,14.0,23.81,9.81,2.0,4.45,2.45
34,109,1.0,82,Neurology,75,0.083,Insights,Insights,1,3,18.0,24.91,6.91,9.0,11.19,2.19
55,416,12.2,128,Oncology,93,0.209,Insights,Insights,1,0,15.0,23.94,8.94,0.0,1.14,1.14
43,453,9.7,154,Cardiology,81,0.285,Insights,Insights,1,1,12.0,14.51,2.51,1.0,2.23,1.23
18,186,7.3,45,Cardiology,82,0.35,All,Email,1,3,20.0,28.11,8.11,3.0,4.07,1.07
26,43,8.4,99,Neurology,74,0.559,All,Email,0,0,17.0,17.25,0.25,3.0,3.48,0.48
42,44,17.0,101,Oncology,88,0.174,Email,Email,1,1,28.0,31.82,3.82,8.0,8.81,0.81
9,163,12.2,167,Neurology,77,0.341,Email,Email,1,2,12.0,18.49,6.49,4.0,6.22,2.22
34,232,1.0,82,Neurology,78,0.439,Email,Email,0,0,16.0,16.02,0.02,4.0,4.12,0.12
34,265,1.0,82,Cardiology,79,0.42,All,All,0,0,10.0,10.03,0.03,3.0,3.02,0.02
67,153,8.8,42,Oncology,81,0.134,Email,Call,1,2,16.0,20.42,4.42,6.0,7.54,1.54
10,178,19.4,180,Oncology,75,0.326,All,Call,0,0,14.0,14.1,0.1,5.0,5.02,0.02
68,142,3.4,153,Cardiology,86,0.277,Email,Email,1,2,11.0,15.84,4.84,5.0,6.96,1.96
33,259,7.1,115,Cardiology,78,0.458,Insights,Insights,0,0,15.0,15.2,0.2,2.0,2.15,0.15
53,349,14.4,171,Primary Care,63,0.195,Call,Call,1,2,18.0,20.93,2.93,4.0,4.18,0.18
45,22,5.0,150,Primary Care,76,0.2,Call,Call,1,1,15.0,19.45,4.45,0.0,0.61,0.61
24,240,5.7,177,Primary Care,61,0.169,Call,Call,0,0,17.0,17.22,0.22,4.0,4.65,0.65
75,325,10.3,91,Neurology,75,0.759,All,All,1,4,10.0,15.77,5.77,6.0,8.44,2.44
18,337,7.3,45,Primary Care,80,0.413,Call,Call,1,5,15.0,25.6,10.6,9.0,11.52,2.52
3,282,1.5,33,Primary Care,95,0.199,Call,Insights,0,0,17.0,18.46,1.46,6.0,6.09,0.09
61,263,5.4,66,Neurology,68,0.33,All,All,0,0,14.0,14.96,0.96,6.0,6.01,0.01
50,341,8.5,157,Cardiology,79,0.146,All,Insights,0,0,13.0,13.01,0.01,2.0,2.05,0.05
72,190,5.3,163,Primary Care,84,0.621,All,All,0,0,16.0,16.79,0.79,3.0,3.17,0.17
37,284,10.3,187,Primary Care,71,0.228,All,All,1,4,12.0,19.06,7.06,5.0,7.46,2.46
2,160,6.3,75,Primary Care,88,0.064,Call,All,0,0,22.0,23.34,1.34,4.0,4.22,0.22
2,219,6.3,75,Neurology,73,0.039,All,Insights,1,1,11.0,17.49,6.49,6.0,7.53,1.53
35,63,17.5,101,Neurology,69,0.409,Call,Call,1,1,11.0,14.88,3.88,5.0,6.49,1.49
20,176,4.7,153,Primary Care,83,0.723,All,Insights,0,0,20.0,20.5,0.5,5.0,5.4,0.4
74,72,19.7,62,Cardiology,87,0.334,All,All,1,2,18.0,23.55,5.55,4.0,6.82,2.82
10,114,19.4,180,Neurology,81,0.42,Email,All,1,2,18.0,22.93,4.93,4.0,4.49,0.49
71,210,11.1,124,Neurology,81,0.65,Email,Email,1,4,11.0,19.62,8.62,3.0,5.17,2.17
18,251,7.3,45,Primary Care,90,0.67,All,All,1,5,13.0,23.57,10.57,5.0,6.32,1.32
10,471,19.4,180,Primary Care,92,0.141,Insights,Insights,1,2,12.0,18.99,6.99,3.0,4.23,1.23
22,14,19.0,38,Neurology,97,0.519,Insights,Insights,0,0,14.0,14.22,0.22,4.0,4.21,0.21
12,450,13.9,58,Neurology,92,0.263,All,All,1,6,20.0,33.1,13.1,5.0,7.9,2.9
33,165,7.1,115,Primary Care,74,0.219,Insights,Call,1,1,16.0,17.72,1.72,3.0,4.37,1.37
27,363,14.9,28,Neurology,69,0.139,Call,Call,1,4,19.0,28.92,9.92,1.0,3.24,2.24
43,339,9.7,154,Primary Care,82,0.594,Insights,Insights,1,2,16.0,21.76,5.76,4.0,5.86,1.86
43,486,9.7,154,Neurology,83,0.187,Email,Email,1,3,15.0,19.57,4.57,3.0,5.5,2.5
1,55,18.1,130,Primary Care,85,0.307,Insights,Insights,1,0,22.0,27.23,5.23,5.0,5.0,0.0
10,484,19.4,180,Oncology,81,0.394,All,Call,1,2,23.0,30.42,7.42,1.0,3.06,2.06
13,32,7.9,51,Cardiology,67,0.366,Email,All,0,0,13.0,13.59,0.59,4.0,4.32,0.32
16,439,15.5,62,Cardiology,74,0.493,All,Call,1,5,19.0,27.4,8.4,5.0,7.19,2.19
8,327,17.0,116,Neurology,80,0.283,All,All,1,8,10.0,20.88,10.88,2.0,4.86,2.86
26,241,8.4,99,Cardiology,79,0.319,Email,Email,0,0,18.0,18.06,0.06,5.0,5.26,0.26
44,199,18.7,26,Primary Care,88,0.233,All,Email,1,4,13.0,21.8,8.8,5.0,7.34,2.34
25,47,10.3,198,Neurology,98,0.51,All,All,1,5,21.0,30.72,9.72,3.0,6.2,3.2
27,401,14.9,28,Primary Care,88,0.017,Call,Call,0,0,22.0,22.22,0.22,3.0,3.02,0.02
38,364,2.6,161,Oncology,79,0.603,Email,Email,0,0,12.0,12.15,0.15,1.0,1.21,0.21
44,469,18.7,26,Cardiology,82,0.326,Call,Insights,1,3,17.0,20.21,3.21,4.0,5.47,1.47
27,366,14.9,28,Primary Care,63,0.338,Insights,Insights,1,0,17.0,19.7,2.7,3.0,3.3,0.3
18,479,7.3,45,Neurology,91,0.661,Email,Email,0,0,11.0,11.96,0.96,6.0,6.8,0.8
33,444,7.1,115,Oncology,81,0.234,Call,Call,1,4,14.0,20.45,6.45,11.0,13.44,2.44
2,213,6.3,75,Cardiology,83,0.393,All,All,0,0,9.0,9.24,0.24,5.0,5.03,0.03
40,352,4.2,152,Oncology,76,0.756,All,Call,1,3,16.0,22.2,6.2,5.0,6.94,1.94
76,133,1.2,80,Oncology,88,0.176,All,Call,1,5,30.0,40.03,10.03,5.0,6.07,1.07
32,398,11.7,170,Cardiology,83,0.425,All,Insights,1,1,17.0,20.82,3.82,2.0,3.63,1.63
9,305,12.2,167,Primary Care,80,0.047,Email,Email,0,0,18.0,18.51,0.51,2.0,2.76,0.76
57,221,6.8,128,Neurology,71,0.5,Email,Call,0,0,7.0,8.49,1.49,3.0,3.09,0.09
11,315,14.7,189,Primary Care,75,0.354,Insights,All,0,0,26.0,26.45,0.45,3.0,3.02,0.02
16,139,15.5,62,Primary Care,72,0.319,Call,Call,1,5,12.0,18.06,6.06,4.0,6.62,2.62
12,312,13.9,58,Neurology,66,0.714,Email,Email,0,0,15.0,15.15,0.15,7.0,7.05,0.05
71,238,11.1,124,Cardiology,63,0.275,All,All,0,0,14.0,15.1,1.1,5.0,5.15,0.15
79,161,19.8,87,Primary Care,69,0.591,Email,Email,1,2,19.0,23.78,4.78,2.0,3.62,1.62
46,488,14.6,60,Primary Care,76,0.642,Insights,Insights,1,2,18.0,23.49,5.49,6.0,7.51,1.51
50,32,8.5,157,Cardiology,67,0.366,Insights,Insights,1,6,10.0,20.56,10.56,2.0,5.15,3.15
52,379,18.3,191,Oncology,88,0.243,Insights,Email,0,0,19.0,19.76,0.76,9.0,9.09,0.09
49,106,14.2,24,Cardiology,97,0.804,Call,Call,1,5,11.0,18.26,7.26,3.0,5.38,2.38
44,112,18.7,26,Neurology,67,0.565,Email,Email,1,5,16.0,26.21,10.21,4.0,6.12,2.12
79,78,19.8,87,Oncology,75,0.333,All,All,1,7,22.0,32.41,10.41,3.0,6.24,3.24
59,52,17.8,73,Cardiology,70,0.308,All,All,0,0,14.0,15.5,1.5,2.0,2.12,0.12
8,62,17.0,116,Neurology,83,0.649,Call,Call,1,2,13.0,18.59,5.59,4.0,5.19,1.19
32,417,11.7,170,Oncology,73,0.794,Email,Insights,1,0,12.0,13.69,1.69,4.0,4.24,0.24
78,464,19.6,86,Cardiology,85,0.058,Insights,Email,0,0,13.0,13.6,0.6,7.0,7.18,0.18
33,293,7.1,115,Neurology,74,0.229,Call,Call,1,1,19.0,24.27,5.27,5.0,6.37,1.37
17,7,14.5,38,Cardiology,78,0.528,Email,Email,1,3,15.0,19.52,4.52,3.0,4.28,1.28
70,433,9.1,60,Cardiology,83,0.355,Email,Email,1,3,15.0,22.32,7.32,8.0,9.11,1.11
50,301,8.5,157,Oncology,79,0.068,Email,Insights,0,0,18.0,18.36,0.36,3.0,3.07,0.07
46,261,14.6,60,Primary Care,92,0.673,Call,Call,1,3,10.0,17.52,7.52,4.0,6.22,2.22
34,474,1.0,82,Primary Care,65,0.287,Call,Insights,0,0,20.0,20.24,0.24,2.0,2.05,0.05
10,205,19.4,180,Cardiology,72,0.143,All,Insights,1,1,12.0,18.37,6.37,2.0,2.33,0.33
31,181,7.9,33,Primary Care,69,0.282,Call,Call,1,2,12.0,20.11,8.11,4.0,5.67,1.67
35,390,17.5,101,Primary Care,60,0.288,Call,Insights,1,0,13.0,13.0,0.0,6.0,7.02,1.02
75,264,10.3,91,Primary Care,85,0.184,Email,All,1,6,9.0,15.97,6.97,4.0,5.52,1.52
25,359,10.3,198,Cardiology,90,0.489,All,Insights,0,0,16.0,16.99,0.99,3.0,3.04,0.04
12,348,13.9,58,Oncology,88,0.382,Email,Email,0,0,23.0,23.2,0.2,2.0,2.08,0.08
35,420,17.5,101,Neurology,87,0.385,Email,Email,1,1,14.0,19.23,5.23,5.0,6.87,1.87
80,159,5.0,190,Cardiology,86,0.338,Insights,Insights,0,0,14.0,14.86,0.86,5.0,5.02,0.02
39,37,16.9,55,Cardiology,84,0.317,All,All,1,2,14.0,19.92,5.92,0.0,1.67,1.67
31,239,7.9,33,Cardiology,88,0.392,All,Call,1,3,12.0,21.38,9.38,3.0,4.25,1.25
54,324,18.8,54,Neurology,72,0.393,Call,Call,1,4,11.0,18.7,7.7,3.0,5.38,2.38
52,409,18.3,191,Primary Care,87,0.647,Call,Call,0,0,12.0,12.05,0.05,1.0,1.06,0.06
24,134,5.7,177,Neurology,80,0.588,Call,Call,0,0,13.0,13.62,0.62,3.0,3.06,0.06
78,373,19.6,86,Neurology,92,0.427,Insights,Insights,0,0,14.0,14.14,0.14,9.0,9.03,0.03
48,417,11.4,109,Oncology,73,0.794,Call,All,1,3,10.0,14.83,4.83,5.0,6.86,1.86
5,405,14.3,123,Oncology,74,0.549,Call,Call,0,0,17.0,18.26,1.26,9.0,9.25,0.25
33,405,7.1,115,Oncology,74,0.549,Email,Email,0,0,20.0,20.07,0.07,2.0,2.01,0.01
74,494,19.7,62,Oncology,64,0.439,All,All,1,6,12.0,20.82,8.82,8.0,11.53,3.53
32,331,11.7,170,Oncology,80,0.49,Email,Email,1,4,9.0,16.66,7.66,4.0,6.96,2.96
46,186,14.6,60,Cardiology,82,0.35,Call,Call,0,0,10.0,10.92,0.92,0.0,0.07,0.07
50,219,8.5,157,Neurology,73,0.039,All,Email,0,0,13.0,13.57,0.57,6.0,6.15,0.15
57,374,6.8,128,Oncology,77,0.751,All,All,1,0,13.0,17.82,4.82,2.0,2.0,0.0
70,119,9.1,60,Primary Care,75,0.352,Insights,Insights,1,3,10.0,17.05,7.05,7.0,9.11,2.11
12,302,13.9,58,Primary Care,86,0.283,Insights,Insights,1,1,11.0,19.59,8.59,6.0,7.19,1.19
42,287,17.0,101,Neurology,72,0.386,Email,Email,1,1,18.0,22.21,4.21,9.0,11.06,2.06
43,334,9.7,154,Oncology,87,0.118,All,Email,0,0,22.0,22.85,0.85,8.0,8.05,0.05
13,211,7.9,51,Cardiology,92,0.527,Call,Call,1,2,20.0,26.35,6.35,1.0,2.88,1.88
54,370,18.8,54,Neurology,75,0.29,All,Email,1,2,16.0,22.48,6.48,10.0,11.52,1.52
10,36,19.4,180,Oncology,95,0.734,Email,All,1,4,15.0,18.55,3.55,4.0,5.4,1.4
37,375,10.3,187,Cardiology,77,0.043,Insights,All,0,0,14.0,14.07,0.07,1.0,1.53,0.53
27,406,14.9,28,Primary Care,83,0.594,Insights,Insights,1,0,22.0,25.78,3.78,3.0,4.18,1.18
13,443,7.9,51,Primary Care,86,0.185,Email,Email,0,0,16.0,16.07,0.07,8.0,8.06,0.06
66,462,3.4,187,Primary Care,65,0.088,Call,Insights,0,0,16.0,16.77,0.77,2.0,2.05,0.05
20,175,4.7,153,Oncology,86,0.074,All,Call,1,1,13.0,19.28,6.28,4.0,5.45,1.45
21,24,6.0,31,Primary Care,92,0.605,Email,Email,1,3,19.0,26.61,7.61,8.0,9.49,1.49
69,327,19.6,188,Neurology,80,0.283,All,All,0,0,15.0,15.04,0.04,4.0,4.07,0.07
71,46,11.1,124,Neurology,90,0.647,Call,Insights,0,0,18.0,18.66,0.66,6.0,6.04,0.04
3,141,1.5,33,Cardiology,68,0.434,Insights,Insights,1,1,12.0,15.16,3.16,9.0,9.97,0.97
23,352,8.9,67,Oncology,76,0.756,Insights,Insights,1,1,13.0,16.33,3.33,1.0,2.45,1.45
57,298,6.8,128,Oncology,79,0.701,Call,All,0,0,14.0,14.15,0.15,3.0,3.07,0.07
63,304,15.4,190,Neurology,89,0.269,Insights,Insights,0,0,17.0,17.29,0.29,8.0,8.22,0.22
80,376,5.0,190,Primary Care,85,0.101,All,Call,0,0,8.0,8.25,0.25,2.0,2.06,0.06
45,83,5.0,150,Oncology,83,0.469,Insights,Insights,1,2,12.0,17.51,5.51,3.0,4.46,1.46
1,396,18.1,130,Oncology,61,0.217,Insights,Email,0,0,26.0,26.16,0.16,2.0,2.04,0.04
70,294,9.1,60,Neurology,81,0.318,Insights,Email,0,0,11.0,11.99,0.99,7.0,7.05,0.05
13,211,7.9,51,Cardiology,92,0.527,Call,Call,0,0,21.0,22.52,1.52,1.0,1.04,0.04
10,232,19.4,180,Neurology,78,0.439,Email,Email,1,2,15.0,23.95,8.95,5.0,6.46,1.46
54,255,18.8,54,Cardiology,84,0.46,Email,Email,1,4,15.0,24.24,9.24,2.0,3.8,1.8
49,276,14.2,24,Neurology,76,0.252,Insights,All,1,3,18.0,18.47,0.47,6.0,6.97,0.97
5,167,14.3,123,Primary Care,82,0.32,All,Email,1,1,15.0,19.21,4.21,4.0,5.67,1.67
14,112,1.0,123,Neurology,67,0.565,Email,Email,0,0,17.0,17.38,0.38,4.0,4.24,0.24
48,85,11.4,109,Primary Care,100,0.396,Insights,Insights,0,0,15.0,15.06,0.06,4.0,4.25,0.25
21,171,6.0,31,Neurology,79,0.107,Call,Call,0,0,20.0,20.52,0.52,2.0,2.28,0.28
55,131,12.2,128,Neurology,69,0.687,Insights,Insights,0,0,13.0,13.22,0.22,3.0,3.0,0.0
33,259,7.1,115,Cardiology,78,0.458,All,Call,1,5,12.0,20.48,8.48,3.0,6.21,3.21
48,457,11.4,109,Neurology,105,0.438,All,All,0,0,20.0,20.37,0.37,2.0,2.11,0.11
38,55,2.6,161,Primary Care,85,0.307,All,Call,0,0,16.0,16.01,0.01,2.0,2.01,0.01
30,155,12.2,100,Primary Care,70,0.546,All,Call,0,0,16.0,16.38,0.38,1.0,1.14,0.14
28,25,19.3,22,Primary Care,87,0.422,Email,Email,1,5,16.0,26.63,10.63,1.0,4.47,3.47
56,488,12.0,85,Primary Care,76,0.642,Insights,Insights,1,1,19.0,24.88,5.88,2.0,2.9,0.9
42,351,17.0,101,Cardiology,67,0.51,Call,Call,0,0,17.0,17.19,0.19,1.0,1.06,0.06
48,121,11.4,109,Primary Care,71,0.265,All,All,0,0,9.0,10.09,1.09,2.0,2.05,0.05
47,208,19.6,145,Cardiology,66,0.907,All,All,1,3,15.0,21.26,6.26,5.0,7.51,2.51
17,362,14.5,38,Cardiology,86,0.334,Email,Email,1,1,14.0,19.25,5.25,7.0,9.02,2.02
74,479,19.7,62,Neurology,91,0.661,Email,Email,1,1,15.0,23.64,8.64,2.0,3.09,1.09
46,287,14.6,60,Neurology,72,0.386,Call,All,0,0,10.0,10.11,0.11,7.0,7.0,0.0
58,136,14.5,120,Primary Care,69,0.746,All,Insights,1,2,15.0,20.45,5.45,3.0,3.75,0.75
71,349,11.1,124,Primary Care,63,0.195,Email,Email,0,0,14.0,14.31,0.31,5.0,5.04,0.04
74,343,19.7,62,Neurology,73,0.188,Insights,Insights,1,4,26.0,34.59,8.59,4.0,5.61,1.61
54,322,18.8,54,Oncology,79,0.407,Call,Call,1,3,13.0,19.56,6.56,5.0,6.95,1.95
63,23,15.4,190,Cardiology,88,0.417,Insights,Insights,1,4,14.0,21.0,7.0,3.0,5.04,2.04
38,354,2.6,161,Cardiology,77,0.52,Insights,Insights,1,5,17.0,25.05,8.05,2.0,3.86,1.86
60,10,13.3,137,Oncology,62,0.232,Email,Email,1,3,17.0,22.12,5.12,9.0,10.94,1.94
26,453,8.4,99,Cardiology,81,0.285,All,All,0,0,14.0,14.32,0.32,5.0,5.76,0.76
57,441,6.8,128,Oncology,82,0.069,Email,Email,1,8,16.0,27.5,11.5,3.0,6.95,3.95
7,282,16.5,42,Primary Care,95,0.199,All,All,1,5,9.0,18.71,9.71,4.0,7.09,3.09
74,324,19.7,62,Neurology,72,0.393,Email,Call,1,2,20.0,23.38,3.38,11.0,11.98,0.98
20,34,4.7,153,Primary Care,71,0.112,Insights,Insights,1,0,15.0,19.29,4.29,4.0,4.66,0.66
53,438,14.4,171,Cardiology,88,0.581,Call,Call,1,1,17.0,20.9,3.9,3.0,4.67,1.67
1,136,18.1,130,Primary Care,69,0.746,Insights,Insights,0,0,19.0,19.54,0.54,6.0,6.43,0.43
13,132,7.9,51,Oncology,73,0.254,Call,All,1,5,17.0,24.32,7.32,7.0,8.22,1.22
79,355,19.8,87,Cardiology,79,0.655,Insights,Insights,1,3,15.0,22.94,7.94,4.0,5.96,1.96
67,470,8.8,42,Neurology,73,0.115,Email,Call,1,1,14.0,18.13,4.13,8.0,8.48,0.48
18,248,7.3,45,Cardiology,80,0.411,Call,Call,1,1,15.0,18.42,3.42,4.0,5.48,1.48
11,254,14.7,189,Oncology,81,0.098,All,Call,1,2,23.0,28.3,5.3,6.0,7.09,1.09
66,275,3.4,187,Cardiology,94,0.648,Call,Call,0,0,9.0,10.36,1.36,6.0,6.05,0.05
80,146,5.0,190,Primary Care,89,0.01,Call,Call,1,4,16.0,22.47,6.47,3.0,5.19,2.19
14,299,1.0,123,Oncology,81,0.553,Insights,Insights,0,0,15.0,17.0,2.0,3.0,3.06,0.06
54,481,18.8,54,Oncology,78,0.757,Call,Call,1,1,19.0,27.47,8.47,3.0,3.87,0.87
23,192,8.9,67,Neurology,63,0.339,All,Call,1,3,13.0,19.65,6.65,5.0,6.91,1.91
60,387,13.3,137,Neurology,69,0.094,Call,Call,1,0,18.0,24.14,6.14,2.0,2.59,0.59
34,387,1.0,82,Neurology,69,0.094,All,Email,1,2,12.0,19.96,7.96,2.0,2.55,0.55
11,426,14.7,189,Cardiology,80,0.166,All,Email,1,2,9.0,13.73,4.73,3.0,4.38,1.38
26,362,8.4,99,Cardiology,86,0.334,Call,Call,0,0,6.0,6.14,0.14,6.0,6.13,0.13
44,461,18.7,26,Neurology,93,0.205,Call,Call,1,2,16.0,21.99,5.99,4.0,6.0,2.0
64,358,18.8,49,Neurology,85,0.659,Insights,Call,1,3,21.0,26.93,5.93,7.0,7.79,0.79
2,489,6.3,75,Primary Care,80,0.863,All,All,1,1,16.0,21.82,5.82,3.0,4.79,1.79
77,358,5.6,150,Neurology,85,0.659,Email,Email,0,0,6.0,6.06,0.06,3.0,3.12,0.12
52,419,18.3,191,Cardiology,81,0.451,Email,All,1,2,9.0,13.11,4.11,5.0,5.39,0.39
71,446,11.1,124,Primary Care,98,0.446,Email,Email,1,2,21.0,29.0,8.0,5.0,6.71,1.71
75,492,10.3,91,Primary Care,84,0.109,All,Email,1,3,14.0,20.36,6.36,3.0,5.52,2.52
13,298,7.9,51,Oncology,79,0.701,All,Email,0,0,14.0,14.21,0.21,5.0,5.44,0.44
8,356,17.0,116,Oncology,83,0.094,Email,Email,1,6,15.0,26.41,11.41,5.0,8.0,3.0
63,484,15.4,190,Oncology,81,0.394,Insights,Insights,1,1,21.0,26.37,5.37,3.0,4.87,1.87
16,191,15.5,62,Cardiology,92,0.145,All,Email,1,5,13.0,23.66,10.66,2.0,5.4,3.4
12,60,13.9,58,Neurology,96,0.578,All,Email,1,6,12.0,25.27,13.27,4.0,7.34,3.34
38,443,2.6,161,Primary Care,86,0.185,Email,Insights,1,1,18.0,21.76,3.76,3.0,3.59,0.59
74,316,19.7,62,Oncology,78,0.34,Call,Call,0,0,13.0,13.26,0.26,3.0,3.01,0.01
64,215,18.8,49,Oncology,88,0.42,Call,Insights,1,3,16.0,22.14,6.14,4.0,4.77,0.77
42,359,17.0,101,Cardiology,90,0.489,Insights,Insights,0,0,11.0,11.47,0.47,1.0,1.28,0.28
16,17,15.5,62,Primary Care,85,0.339,Email,Email,0,0,21.0,22.14,1.14,2.0,2.08,0.08
27,239,14.9,28,Cardiology,88,0.392,Email,Email,1,6,25.0,38.66,13.66,5.0,8.45,3.45
56,133,12.0,85,Oncology,88,0.176,All,Call,0,0,13.0,13.17,0.17,3.0,3.05,0.05
13,145,7.9,51,Primary Care,81,0.259,Insights,All,1,5,17.0,23.13,6.13,4.0,4.42,0.42
42,485,17.0,101,Oncology,95,0.015,Email,Email,1,2,19.0,24.18,5.18,1.0,2.33,1.33
1,276,18.1,130,Neurology,76,0.252,Call,Call,1,6,15.0,25.38,10.38,3.0,5.43,2.43
27,71,14.9,28,Neurology,87,0.283,Email,Email,0,0,13.0,13.05,0.05,5.0,5.06,0.06
20,183,4.7,153,Primary Care,68,0.476,Call,Call,1,3,16.0,21.28,5.28,3.0,4.77,1.77
55,122,12.2,128,Neurology,82,0.76,Call,Email,1,3,12.0,17.57,5.57,6.0,7.54,1.54
74,455,19.7,62,Cardiology,81,0.852,Email,Email,1,2,21.0,26.79,5.79,5.0,6.55,1.55
12,146,13.9,58,Primary Care,89,0.01,Email,Email,1,3,21.0,25.21,4.21,3.0,5.08,2.08
64,179,18.8,49,Cardiology,81,0.096,All,Call,1,1,18.0,22.36,4.36,2.0,3.23,1.23
53,168,14.4,171,Oncology,67,0.519,All,Call,0,0,13.0,13.07,0.07,4.0,4.23,0.23
78,88,19.6,86,Neurology,81,0.53,Email,Email,1,1,13.0,16.8,3.8,2.0,2.61,0.61
73,391,9.5,80,Cardiology,83,0.754,Insights,Insights,1,2,16.0,25.87,9.87,2.0,3.09,1.09
9,289,12.2,167,Neurology,87,0.352,Email,Email,1,3,24.0,32.16,8.16,5.0,6.38,1.38
60,219,13.3,137,Neurology,73,0.039,All,Email,0,0,14.0,14.19,0.19,5.0,5.06,0.06
48,198,11.4,109,Oncology,69,0.558,All,All,1,3,16.0,21.07,5.07,6.0,6.8,0.8
10,334,19.4,180,Oncology,87,0.118,Insights,Insights,1,1,17.0,20.5,3.5,6.0,6.07,0.07
21,48,6.0,31,Neurology,89,0.023,Insights,Insights,1,0,18.0,21.94,3.94,2.0,3.31,1.31
75,466,10.3,91,Neurology,82,0.66,Call,Call,1,3,14.0,19.34,5.34,6.0,7.04,1.04
44,283,18.7,26,Oncology,79,0.265,Email,All,1,3,16.0,19.7,3.7,7.0,7.6,0.6
28,114,19.3,22,Neurology,81,0.42,Call,Email,0,0,21.0,22.46,1.46,1.0,1.04,0.04
26,269,8.4,99,Neurology,94,0.513,Email,Email,0,0,11.0,11.59,0.59,3.0,3.06,0.06
68,427,3.4,153,Oncology,85,0.282,Insights,Insights,1,4,16.0,22.03,6.03,4.0,7.98,3.98
23,87,8.9,67,Oncology,82,0.544,Call,Call,1,0,12.0,16.59,4.59,5.0,5.68,0.68
13,262,7.9,51,Neurology,80,0.027,Email,Email,1,3,14.0,23.15,9.15,2.0,3.84,1.84
46,299,14.6,60,Oncology,81,0.553,Insights,Email,1,4,12.0,14.26,2.26,4.0,4.74,0.74
80,406,5.0,190,Primary Care,83,0.594,All,Call,1,3,9.0,14.26,5.26,7.0,8.81,1.81
15,284,5.6,103,Primary Care,71,0.228,Insights,All,0,0,14.0,14.22,0.22,2.0,2.05,0.05
21,369,6.0,31,Oncology,91,0.499,Insights,Insights,1,1,15.0,18.64,3.64,2.0,3.31,1.31
38,387,2.6,161,Neurology,69,0.094,All,Call,1,2,17.0,22.52,5.52,8.0,10.67,2.67
16,446,15.5,62,Primary Care,98,0.446,Email,All,1,3,15.0,22.01,7.01,4.0,4.75,0.75
53,181,14.4,171,Primary Care,69,0.282,Insights,Insights,1,1,13.0,17.24,4.24,6.0,6.0,0.0
21,352,6.0,31,Oncology,76,0.756,Call,Call,1,1,13.0,18.69,5.69,7.0,8.43,1.43
11,125,14.7,189,Neurology,79,0.505,Email,Email,0,0,13.0,13.08,0.08,5.0,5.12,0.12
21,423,6.0,31,Neurology,84,0.471,All,All,1,9,16.0,28.41,12.41,5.0,8.92,3.92
75,476,10.3,91,Cardiology,89,0.053,Call,Call,0,0,12.0,12.03,0.03,10.0,10.05,0.05
75,148,10.3,91,Neurology,80,0.513,Call,Call,0,0,8.0,8.45,0.45,6.0,6.01,0.01
41,281,8.8,52,Primary Care,65,0.633,Email,Insights,1,2,15.0,18.54,3.54,4.0,5.01,1.01
33,412,7.1,115,Neurology,76,0.38,All,Email,1,5,18.0,27.32,9.32,3.0,5.63,2.63
66,14,3.4,187,Neurology,97,0.519,All,All,1,2,17.0,23.67,6.67,5.0,7.02,2.02
16,353,15.5,62,Primary Care,74,0.284,Email,Email,1,5,19.0,27.71,8.71,4.0,5.86,1.86
53,411,14.4,171,Cardiology,82,0.642,Insights,Insights,0,0,9.0,10.17,1.17,5.0,5.12,0.12
55,436,12.2,128,Neurology,80,0.202,Email,Email,0,0,21.0,21.18,0.18,3.0,3.04,0.04
57,99,6.8,128,Neurology,72,0.758,All,Call,1,3,16.0,23.43,7.43,6.0,8.18,2.18
18,379,7.3,45,Oncology,88,0.243,Call,Email,0,0,17.0,17.92,0.92,6.0,6.11,0.11
58,394,14.5,120,Oncology,78,0.317,Email,Insights,1,1,12.0,18.6,6.6,5.0,6.69,1.69
49,2,14.2,24,Neurology,86,0.643,Insights,All,0,0,17.0,17.15,0.15,4.0,4.52,0.52
71,353,11.1,124,Primary Care,74,0.284,All,All,0,0,17.0,18.93,1.93,2.0,2.17,0.17
14,314,1.0,123,Primary Care,80,0.738,Call,Call,0,0,20.0,21.98,1.98,3.0,3.11,0.11
50,485,8.5,157,Oncology,95,0.015,Email,Email,1,1,14.0,21.2,7.2,2.0,2.29,0.29
67,22,8.8,42,Primary Care,76,0.2,All,Call,1,3,12.0,18.3,6.3,2.0,4.12,2.12
23,483,8.9,67,Oncology,85,0.557,Email,Email,0,0,15.0,15.23,0.23,1.0,1.01,0.01
60,286,13.3,137,Neurology,85,0.161,Call,Call,1,3,12.0,18.36,6.36,3.0,4.62,1.62
8,138,17.0,116,Neurology,74,0.142,Insights,Insights,1,1,16.0,18.08,2.08,3.0,5.35,2.35
58,194,14.5,120,Oncology,77,0.095,Email,Email,0,0,21.0,21.49,0.49,4.0,4.09,0.09
49,384,14.2,24,Oncology,93,0.521,Email,Email,0,0,13.0,13.02,0.02,3.0,3.14,0.14
16,499,15.5,62,Oncology,68,0.052,Email,Email,0,0,14.0,14.06,0.06,3.0,3.2,0.2
6,159,11.4,159,Cardiology,86,0.338,Email,Email,1,4,17.0,28.41,11.41,7.0,8.28,1.28
60,492,13.3,137,Primary Care,84,0.109,Insights,Insights,0,0,11.0,11.88,0.88,6.0,6.58,0.58
20,315,4.7,153,Primary Care,75,0.354,All,All,0,0,16.0,16.33,0.33,6.0,6.02,0.02
40,97,4.2,152,Primary Care,81,0.428,Email,Email,1,7,10.0,18.87,8.87,1.0,4.01,3.01
5,299,14.3,123,Oncology,81,0.553,All,All,1,4,14.0,21.74,7.74,2.0,4.4,2.4
78,401,19.6,86,Primary Care,88,0.017,Call,Call,0,0,19.0,19.2,0.2,5.0,5.17,0.17
44,28,18.7,26,Oncology,87,0.392,Email,Email,1,3,14.0,19.96,5.96,5.0,7.57,2.57
75,40,10.3,91,Oncology,81,0.522,Insights,Insights,1,2,19.0,23.85,4.85,3.0,4.77,1.77
13,3,7.9,51,Primary Care,78,0.833,Call,Call,1,0,13.0,17.27,4.27,5.0,5.53,0.53
17,286,14.5,38,Neurology,85,0.161,Insights,All,0,0,16.0,16.15,0.15,7.0,7.27,0.27
49,29,14.2,24,Oncology,75,0.618,Call,Call,1,3,14.0,20.67,6.67,7.0,8.97,1.97
49,467,14.2,24,Neurology,82,0.399,Insights,Call,1,3,17.0,20.69,3.69,5.0,5.77,0.77
64,64,18.8,49,Primary Care,89,0.343,All,Call,1,1,17.0,23.91,6.91,6.0,7.47,1.47
75,36,10.3,91,Oncology,95,0.734,Email,Email,1,5,20.0,28.11,8.11,2.0,4.16,2.16
66,129,3.4,187,Primary Care,88,0.726,All,All,1,4,19.0,27.63,8.63,5.0,7.24,2.24
12,382,13.9,58,Cardiology,72,0.608,Email,Call,1,1,16.0,18.33,2.33,6.0,6.36,0.36
25,454,10.3,198,Cardiology,84,0.267,Email,Email,1,2,15.0,20.48,5.48,4.0,5.27,1.27
74,126,19.7,62,Oncology,82,0.333,Email,Email,1,3,20.0,23.98,3.98,3.0,5.42,2.42
44,260,18.7,26,Cardiology,90,0.209,All,Call,1,1,14.0,19.34,5.34,2.0,3.79,1.79
70,387,9.1,60,Neurology,69,0.094,Insights,Insights,1,2,12.0,16.85,4.85,6.0,7.37,1.37
46,399,14.6,60,Cardiology,77,0.525,All,All,1,2,14.0,20.46,6.46,3.0,5.27,2.27
4,77,15.7,136,Neurology,75,0.827,All,All,1,2,12.0,22.58,10.58,3.0,4.95,1.95
38,420,2.6,161,Neurology,87,0.385,Call,Email,1,3,17.0,21.84,4.84,3.0,4.53,1.53
66,434,3.4,187,Oncology,69,0.545,All,Insights,1,2,11.0,17.46,6.46,3.0,4.43,1.43
53,368,14.4,171,Cardiology,83,0.162,All,Call,1,4,14.0,21.15,7.15,5.0,7.61,2.61
11,264,14.7,189,Primary Care,85,0.184,All,All,1,5,12.0,21.73,9.73,3.0,5.3,2.3
17,196,14.5,38,Primary Care,70,0.377,Insights,Insights,1,0,16.0,19.7,3.7,5.0,5.98,0.98
69,445,19.6,188,Neurology,73,0.19,All,Email,0,0,17.0,17.24,0.24,2.0,2.67,0.67
79,432,19.8,87,Cardiology,82,0.379,Email,Call,1,2,17.0,19.46,2.46,3.0,4.5,1.5
61,260,5.4,66,Cardiology,90,0.209,All,All,0,0,20.0,20.9,0.9,5.0,5.01,0.01
8,372,17.0,116,Neurology,80,0.372,All,All,1,2,19.0,24.13,5.13,1.0,3.19,2.19
50,200,8.5,157,Primary Care,89,0.329,Insights,Insights,1,0,22.0,24.89,2.89,5.0,5.17,0.17
67,372,8.8,42,Neurology,80,0.372,Email,Email,1,2,15.0,23.12,8.12,4.0,5.51,1.51
52,45,18.3,191,Primary Care,74,0.138,Email,Insights,1,1,15.0,20.34,5.34,1.0,2.41,1.41
48,451,11.4,109,Neurology,74,0.702,All,Email,1,2,14.0,18.54,4.54,5.0,6.02,1.02
38,258,2.6,161,Oncology,69,0.395,All,All,1,4,21.0,30.28,9.28,2.0,4.3,2.3
20,300,4.7,153,Cardiology,75,0.621,All,Insights,0,0,15.0,15.17,0.17,2.0,2.04,0.04
23,95,8.9,67,Cardiology,84,0.193,All,All,0,0,14.0,15.35,1.35,9.0,9.18,0.18
60,265,13.3,137,Cardiology,79,0.42,Insights,Insights,0,0,18.0,18.04,0.04,8.0,8.08,0.08
6,2,11.4,159,Neurology,86,0.643,All,Call,1,4,21.0,28.71,7.71,5.0,7.74,2.74
7,446,16.5,42,Primary Care,98,0.446,Email,Email,1,3,10.0,17.88,7.88,0.0,1.56,1.56
32,375,11.7,170,Cardiology,77,0.043,Email,All,0,0,15.0,16.22,1.22,5.0,5.56,0.56
62,228,11.3,183,Cardiology,78,0.41,Insights,Email,1,1,15.0,17.46,2.46,2.0,2.74,0.74
53,418,14.4,171,Cardiology,83,0.342,Call,Call,0,0,17.0,17.13,0.13,7.0,7.02,0.02
48,406,11.4,109,Primary Care,83,0.594,Call,Call,1,1,18.0,23.55,5.55,2.0,3.8,1.8
43,60,9.7,154,Neurology,96,0.578,All,Call,1,1,8.0,13.75,5.75,1.0,3.73,2.73
9,27,12.2,167,Cardiology,98,0.116,Email,Email,0,0,12.0,12.3,0.3,4.0,4.06,0.06
27,127,14.9,28,Cardiology,63,0.593,All,Insights,1,3,14.0,17.86,3.86,2.0,3.77,1.77
7,1,16.5,42,Primary Care,84,0.555,Email,Email,0,0,13.0,13.05,0.05,5.0,5.03,0.03
61,287,5.4,66,Neurology,72,0.386,All,All,0,0,14.0,14.68,0.68,5.0,5.13,0.13
61,265,5.4,66,Cardiology,79,0.42,Email,Email,1,2,18.0,23.3,5.3,3.0,4.44,1.44
21,269,6.0,31,Neurology,94,0.513,All,Call,1,3,11.0,18.17,7.17,0.0,2.15,2.15
24,37,5.7,177,Cardiology,84,0.317,Insights,Insights,0,0,17.0,17.19,0.19,3.0,3.03,0.03
26,460,8.4,99,Primary Care,77,0.092,Call,Call,0,0,16.0,16.03,0.03,4.0,4.06,0.06
72,489,5.3,163,Primary Care,80,0.863,Call,Call,0,0,15.0,15.06,0.06,7.0,7.43,0.43
40,296,4.2,152,Oncology,68,0.223,Email,Email,0,0,14.0,14.01,0.01,5.0,5.21,0.21
61,3,5.4,66,Primary Care,78,0.833,Call,Call,1,3,11.0,18.73,7.73,6.0,8.85,2.85
36,198,9.2,60,Oncology,69,0.558,Email,Email,1,2,13.0,18.87,5.87,5.0,5.95,0.95
56,360,12.0,85,Oncology,81,0.298,Email,All,1,1,17.0,20.2,3.2,8.0,8.37,0.37
43,375,9.7,154,Cardiology,77,0.043,All,Email,1,3,16.0,20.6,4.6,6.0,8.12,2.12
23,122,8.9,67,Neurology,82,0.76,Email,Email,0,0,15.0,15.07,0.07,2.0,2.09,0.09
71,412,11.1,124,Neurology,76,0.38,Email,Email,0,0,14.0,14.19,0.19,6.0,6.03,0.03
57,484,6.8,128,Oncology,81,0.394,Call,Call,0,0,19.0,19.8,0.8,3.0,3.42,0.42
62,255,11.3,183,Cardiology,84,0.46,Call,Call,0,0,16.0,17.13,1.13,5.0,5.57,0.57
76,191,1.2,80,Cardiology,92,0.145,Insights,Insights,0,0,15.0,15.03,0.03,6.0,6.24,0.24
20,264,4.7,153,Primary Care,85,0.184,Insights,Insights,0,0,13.0,13.26,0.26,6.0,6.12,0.12
8,14,17.0,116,Neurology,97,0.519,Insights,Email,1,2,14.0,21.07,7.07,2.0,2.93,0.93
47,262,19.6,145,Neurology,80,0.027,Call,Call,1,3,17.0,24.84,7.84,5.0,6.79,1.79
27,14,14.9,28,Neurology,97,0.519,Call,All,0,0,13.0,13.33,0.33,2.0,2.49,0.49
35,18,17.5,101,Neurology,84,0.29,Call,Call,1,2,14.0,20.08,6.08,1.0,3.9,2.9
19,277,12.9,81,Neurology,67,0.525,All,Call,0,0,22.0,22.07,0.07,3.0,3.09,0.09
32,256,11.7,170,Cardiology,82,0.414,Call,Call,0,0,14.0,14.33,0.33,9.0,9.18,0.18
32,494,11.7,170,Oncology,64,0.439,All,All,1,6,17.0,24.57,7.57,3.0,4.85,1.85
29,254,12.2,174,Oncology,81,0.098,Insights,Insights,1,0,15.0,18.61,3.61,5.0,6.69,1.69
60,490,13.3,137,Cardiology,85,0.564,Insights,All,1,1,14.0,14.96,0.96,3.0,3.76,0.76
48,404,11.4,109,Primary Care,83,0.092,Insights,Insights,1,2,16.0,23.59,7.59,5.0,7.31,2.31
38,169,2.6,161,Neurology,85,0.207,All,All,1,8,16.0,27.62,11.62,3.0,7.18,4.18
10,464,19.4,180,Cardiology,85,0.058,Call,All,1,3,11.0,16.82,5.82,1.0,2.0,1.0
46,242,14.6,60,Primary Care,74,0.264,Call,Call,1,6,13.0,21.64,8.64,9.0,11.88,2.88
15,298,5.6,103,Oncology,79,0.701,All,Email,1,3,13.0,20.71,7.71,1.0,2.5,1.5
26,51,8.4,99,Primary Care,83,0.092,Insights,Insights,0,0,18.0,20.08,2.08,2.0,2.36,0.36
34,107,1.0,82,Primary Care,71,0.345,Call,Call,0,0,21.0,21.15,0.15,3.0,3.08,0.08
12,262,13.9,58,Neurology,80,0.027,Call,Call,1,0,14.0,17.31,3.31,5.0,6.61,1.61
32,136,11.7,170,Primary Care,69,0.746,Email,Email,0,0,19.0,20.11,1.11,3.0,3.34,0.34
22,300,19.0,38,Cardiology,75,0.621,All,All,1,1,22.0,25.09,3.09,2.0,3.02,1.02
68,40,3.4,153,Oncology,81,0.522,Call,Call,0,0,23.0,23.02,0.02,5.0,5.04,0.04
69,126,19.6,188,Oncology,82,0.333,Email,Email,0,0,22.0,22.75,0.75,6.0,6.26,0.26
1,333,18.1,130,Cardiology,78,0.618,Email,Email,1,2,14.0,19.98,5.98,2.0,3.5,1.5
49,307,14.2,24,Neurology,69,0.321,All,Call,1,2,19.0,22.58,3.58,4.0,5.41,1.41
52,492,18.3,191,Primary Care,84,0.109,Insights,Insights,0,0,14.0,14.54,0.54,7.0,7.35,0.35
31,450,7.9,33,Neurology,92,0.263,Call,Call,1,3,16.0,25.29,9.29,4.0,6.64,2.64
38,406,2.6,161,Primary Care,83,0.594,All,Insights,1,2,11.0,15.84,4.84,2.0,5.34,3.34
64,1,18.8,49,Primary Care,84,0.555,Call,Call,1,1,14.0,18.32,4.32,6.0,8.73,2.73
31,302,7.9,33,Primary Care,86,0.283,All,Call,1,3,15.0,22.01,7.01,1.0,3.32,2.32
6,115,11.4,159,Oncology,61,0.56,All,Email,1,1,10.0,14.09,4.09,5.0,5.55,0.55
30,134,12.2,100,Neurology,80,0.588,Call,Call,0,0,13.0,13.21,0.21,4.0,4.11,0.11
21,105,6.0,31,Cardiology,70,0.342,All,Call,1,3,16.0,23.36,7.36,0.0,1.97,1.97
31,228,7.9,33,Cardiology,78,0.41,All,Call,1,0,28.0,33.81,5.81,6.0,6.0,0.0
19,62,12.9,81,Neurology,83,0.649,Email,Email,1,3,21.0,28.18,7.18,5.0,6.49,1.49
12,266,13.9,58,Neurology,93,0.138,Email,Email,1,2,13.0,18.23,5.23,5.0,7.12,2.12
79,84,19.8,87,Cardiology,89,0.343,All,All,0,0,15.0,15.98,0.98,2.0,2.07,0.07
11,251,14.7,189,Primary Care,90,0.67,Call,Call,0,0,14.0,14.23,0.23,3.0,3.25,0.25
57,313,6.8,128,Primary Care,78,0.792,Insights,Insights,0,0,13.0,13.23,0.23,5.0,5.26,0.26
58,90,14.5,120,Neurology,69,0.307,Email,Email,0,0,16.0,16.88,0.88,5.0,5.52,0.52
50,52,8.5,157,Cardiology,70,0.308,All,Insights,0,0,18.0,19.06,1.06,3.0,3.01,0.01
73,404,9.5,80,Primary Care,83,0.092,All,All,1,3,12.0,18.15,6.15,6.0,8.82,2.82
1,370,18.1,130,Neurology,75,0.29,All,All,1,8,9.0,22.56,13.56,6.0,9.39,3.39
25,131,10.3,198,Neurology,69,0.687,Call,Call,1,2,12.0,16.44,4.44,4.0,6.29,2.29
15,444,5.6,103,Oncology,81,0.234,All,Call,1,1,13.0,16.91,3.91,5.0,6.4,1.4
47,111,19.6,145,Cardiology,80,0.346,Insights,Insights,0,0,18.0,18.09,0.09,1.0,1.08,0.08
51,464,15.3,66,Cardiology,85,0.058,Insights,Email,0,0,15.0,15.6,0.6,6.0,6.44,0.44
72,57,5.3,163,Neurology,74,0.438,Insights,Insights,1,0,11.0,15.77,4.77,4.0,5.64,1.64
31,331,7.9,33,Oncology,80,0.49,Call,Call,1,3,13.0,19.17,6.17,4.0,6.09,2.09
19,10,12.9,81,Oncology,62,0.232,Insights,All,0,0,9.0,9.93,0.93,2.0,2.14,0.14
74,99,19.7,62,Neurology,72,0.758,Email,Email,0,0,16.0,16.08,0.08,2.0,2.87,0.87
54,203,18.8,54,Cardiology,81,0.321,Call,Call,0,0,11.0,11.36,0.36,2.0,2.22,0.22
62,43,11.3,183,Neurology,74,0.559,All,All,0,0,15.0,15.26,0.26,7.0,7.23,0.23
36,229,9.2,60,Primary Care,81,0.425,Email,Email,1,0,13.0,16.46,3.46,5.0,6.3,1.3
36,117,9.2,60,Primary Care,85,0.523,All,Email,1,2,14.0,18.82,4.82,9.0,9.24,0.24
32,50,11.7,170,Oncology,77,0.192,Call,Call,1,0,11.0,14.28,3.28,4.0,4.34,0.34
60,481,13.3,137,Oncology,78,0.757,Call,Call,1,0,12.0,16.06,4.06,5.0,5.52,0.52
17,491,14.5,38,Oncology,61,0.387,Insights,Insights,1,1,14.0,18.58,4.58,3.0,4.76,1.76
79,482,19.8,87,Oncology,82,0.164,Email,Email,0,0,17.0,17.03,0.03,6.0,6.52,0.52
15,78,5.6,103,Oncology,75,0.333,All,All,0,0,16.0,17.58,1.58,6.0,6.1,0.1
37,191,10.3,187,Cardiology,92,0.145,All,Insights,1,2,19.0,25.52,6.52,3.0,4.0,1.0
26,164,8.4,99,Neurology,82,0.635,Call,Call,1,2,14.0,22.26,8.26,5.0,5.43,0.43
52,163,18.3,191,Neurology,77,0.341,Call,Call,1,4,18.0,26.54,8.54,5.0,7.67,2.67
55,209,12.2,128,Primary Care,77,0.116,Email,Email,1,1,17.0,23.45,6.45,3.0,4.06,1.06
74,256,19.7,62,Cardiology,82,0.414,All,Call,0,0,18.0,18.26,0.26,6.0,6.13,0.13
64,243,18.8,49,Oncology,79,0.327,Email,Email,0,0,11.0,12.34,1.34,4.0,4.03,0.03
20,146,4.7,153,Primary Care,89,0.01,All,Call,0,0,19.0,19.37,0.37,2.0,2.42,0.42
17,490,14.5,38,Cardiology,85,0.564,All,Insights,1,0,17.0,19.09,2.09,4.0,5.02,1.02
71,490,11.1,124,Cardiology,85,0.564,Email,Email,1,1,13.0,19.23,6.23,2.0,3.24,1.24
40,166,4.2,152,Oncology,77,0.605,Insights,Insights,0,0,20.0,20.52,0.52,3.0,3.05,0.05
8,111,17.0,116,Cardiology,80,0.346,Call,Call,0,0,15.0,15.35,0.35,7.0,7.09,0.09
66,267,3.4,187,Primary Care,84,0.157,Insights,Insights,1,3,11.0,16.9,5.9,6.0,8.64,2.64
52,185,18.3,191,Cardiology,94,0.671,Email,Email,1,3,11.0,21.06,10.06,8.0,9.99,1.99
3,494,1.5,33,Oncology,64,0.439,All,All,1,2,11.0,17.79,6.79,7.0,9.46,2.46
63,215,15.4,190,Oncology,88,0.42,Email,Email,1,1,13.0,17.39,4.39,5.0,5.47,0.47
49,20,14.2,24,Primary Care,75,0.121,All,All,1,2,18.0,26.1,8.1,7.0,9.07,2.07
50,63,8.5,157,Neurology,69,0.409,Call,Call,0,0,17.0,17.15,0.15,6.0,6.14,0.14
70,38,9.1,60,Oncology,84,0.363,Insights,Insights,1,3,16.0,23.02,7.02,4.0,5.82,1.82
40,192,4.2,152,Neurology,63,0.339,All,Email,1,1,17.0,20.35,3.35,2.0,2.86,0.86
37,159,10.3,187,Cardiology,86,0.338,All,Email,1,3,11.0,19.11,8.11,6.0,8.23,2.23
50,429,8.5,157,Oncology,91,0.722,Insights,Insights,0,0,13.0,13.87,0.87,4.0,4.08,0.08
16,446,15.5,62,Primary Care,98,0.446,Call,Call,1,1,15.0,24.67,9.67,5.0,7.07,2.07
13,71,7.9,51,Neurology,87,0.283,Call,Call,1,4,20.0,26.96,6.96,6.0,8.78,2.78
68,473,3.4,153,Oncology,95,0.199,Call,Call,0,0,15.0,15.42,0.42,2.0,2.04,0.04
18,293,7.3,45,Neurology,74,0.229,All,Call,1,5,17.0,25.3,8.3,5.0,8.44,3.44
41,154,8.8,52,Oncology,88,0.42,Call,Call,1,2,18.0,24.06,6.06,9.0,10.83,1.83
22,204,19.0,38,Primary Care,73,0.492,Call,Call,1,0,14.0,16.67,2.67,3.0,3.23,0.23
19,221,12.9,81,Neurology,71,0.5,All,All,1,4,12.0,19.96,7.96,2.0,3.63,1.63
48,86,11.4,109,Oncology,83,0.564,Call,Call,1,5,13.0,21.06,8.06,6.0,9.51,3.51
65,434,4.0,150,Oncology,69,0.545,All,Call,0,0,10.0,10.65,0.65,1.0,1.04,0.04
36,7,9.2,60,Cardiology,78,0.528,Email,Email,1,2,10.0,14.18,4.18,4.0,6.28,2.28
12,35,13.9,58,Oncology,84,0.572,Email,Call,1,5,16.0,18.8,2.8,5.0,6.67,1.67
20,137,4.7,153,Cardiology,70,0.134,Insights,Insights,0,0,17.0,17.86,0.86,6.0,6.6,0.6
14,72,1.0,123,Cardiology,87,0.334,Insights,Insights,1,3,8.0,17.4,9.4,5.0,5.84,0.84
71,31,11.1,124,Cardiology,78,0.376,All,Email,1,2,10.0,16.44,6.44,4.0,5.02,1.02
26,192,8.4,99,Neurology,63,0.339,Call,Call,1,1,20.0,24.37,4.37,7.0,7.25,0.25
30,189,12.2,100,Neurology,77,0.106,Email,Email,1,1,13.0,21.95,8.95,5.0,7.59,2.59
6,63,11.4,159,Neurology,69,0.409,Call,Call,0,0,9.0,9.26,0.26,3.0,3.14,0.14
36,406,9.2,60,Primary Care,83,0.594,Call,Call,1,2,12.0,18.66,6.66,2.0,3.21,1.21
74,442,19.7,62,Neurology,86,0.281,Insights,Insights,0,0,17.0,17.41,0.41,3.0,3.85,0.85
33,360,7.1,115,Oncology,81,0.298,Call,Insights,1,1,21.0,24.22,3.22,10.0,10.0,0.0
53,262,14.4,171,Neurology,80,0.027,Insights,All,1,3,19.0,22.22,3.22,6.0,6.05,0.05
15,474,5.6,103,Primary Care,65,0.287,All,All,1,3,14.0,19.55,5.55,4.0,6.73,2.73
12,176,13.9,58,Primary Care,83,0.723,Call,Call,1,3,14.0,21.68,7.68,4.0,6.95,2.95
59,214,17.8,73,Primary Care,80,0.677,Insights,Insights,1,0,19.0,22.8,3.8,4.0,5.59,1.59
6,8,11.4,159,Oncology,84,0.211,Email,Email,1,2,14.0,19.17,5.17,2.0,3.86,1.86
36,354,9.2,60,Cardiology,77,0.52,All,All,0,0,13.0,13.77,0.77,1.0,1.07,0.07
26,47,8.4,99,Neurology,98,0.51,Call,Call,1,4,10.0,20.14,10.14,7.0,10.1,3.1
2,333,6.3,75,Cardiology,78,0.618,Insights,Insights,1,6,15.0,24.75,9.75,3.0,5.83,2.83
43,392,9.7,154,Primary Care,77,0.126,Call,Call,0,0,12.0,12.26,0.26,5.0,6.29,1.29
78,109,19.6,86,Neurology,75,0.083,Email,Email,1,8,17.0,26.38,9.38,3.0,6.61,3.61
6,307,11.4,159,Neurology,69,0.321,Call,Call,0,0,18.0,18.45,0.45,7.0,7.12,0.12
66,152,3.4,187,Cardiology,87,0.604,Email,Email,0,0,15.0,15.48,0.48,3.0,3.19,0.19
44,200,18.7,26,Primary Care,89,0.329,All,Insights,1,1,15.0,20.61,5.61,5.0,6.16,1.16
58,265,14.5,120,Cardiology,79,0.42,Call,Call,1,5,10.0,22.95,12.95,3.0,6.13,3.13
8,125,17.0,116,Neurology,79,0.505,All,All,0,0,14.0,14.35,0.35,7.0,7.06,0.06
70,399,9.1,60,Cardiology,77,0.525,Call,Call,0,0,13.0,13.76,0.76,4.0,4.12,0.12
1,198,18.1,130,Oncology,69,0.558,Email,Email,0,0,15.0,15.25,0.25,4.0,4.18,0.18
73,231,9.5,80,Oncology,78,0.528,Call,Call,1,3,13.0,22.51,9.51,4.0,4.83,0.83
53,408,14.4,171,Cardiology,85,0.605,Email,Email,1,3,13.0,20.46,7.46,7.0,8.92,1.92
27,114,14.9,28,Neurology,81,0.42,All,Call,1,0,6.0,13.77,7.77,4.0,4.0,0.0
1,227,18.1,130,Cardiology,83,0.278,Email,All,1,1,13.0,14.97,1.97,4.0,4.0,0.0
49,497,14.2,24,Oncology,60,0.533,All,Call,1,1,12.0,14.6,2.6,4.0,5.16,1.16
7,200,16.5,42,Primary Care,89,0.329,Email,Call,0,0,11.0,12.12,1.12,5.0,5.0,0.0
49,58,14.2,24,Neurology,80,0.07,Call,Call,1,4,11.0,19.55,8.55,3.0,5.03,2.03
62,143,11.3,183,Neurology,88,0.131,Email,Email,0,0,13.0,14.5,1.5,2.0,2.1,0.1
22,478,19.0,38,Cardiology,95,0.507,Insights,Insights,1,0,15.0,17.59,2.59,1.0,1.7,0.7
20,380,4.7,153,Oncology,73,0.049,Insights,Insights,0,0,9.0,9.52,0.52,2.0,2.08,0.08
18,405,7.3,45,Oncology,74,0.549,All,Call,1,2,16.0,20.39,4.39,3.0,3.58,0.58
18,127,7.3,45,Cardiology,63,0.593,Call,Call,0,0,18.0,18.03,0.03,6.0,6.13,0.13
10,420,19.4,180,Neurology,87,0.385,Email,Insights,0,0,10.0,11.2,1.2,4.0,4.06,0.06
20,197,4.7,153,Primary Care,70,0.318,All,All,1,7,11.0,18.83,7.83,3.0,5.61,2.61
53,398,14.4,171,Cardiology,83,0.425,Insights,Insights,0,0,18.0,18.26,0.26,6.0,6.26,0.26
25,441,10.3,198,Oncology,82,0.069,All,All,0,0,17.0,17.14,0.14,2.0,2.11,0.11
63,105,15.4,190,Cardiology,70,0.342,Call,Call,1,3,22.0,27.42,5.42,6.0,7.18,1.18
66,470,3.4,187,Neurology,73,0.115,All,Insights,1,1,17.0,22.68,5.68,4.0,5.68,1.68
61,317,5.4,66,Neurology,72,0.135,Email,Email,0,0,22.0,25.0,3.0,4.0,4.11,0.11
44,366,18.7,26,Primary Care,63,0.338,All,Email,0,0,10.0,10.48,0.48,0.0,0.3,0.3
26,379,8.4,99,Oncology,88,0.243,Email,Email,1,3,13.0,23.26,10.26,3.0,5.68,2.68
75,85,10.3,91,Primary Care,100,0.396,All,All,1,2,12.0,19.02,7.02,4.0,6.27,2.27
17,373,14.5,38,Neurology,92,0.427,Email,Email,1,6,18.0,29.57,11.57,3.0,5.78,2.78
38,107,2.6,161,Primary Care,71,0.345,All,All,1,5,21.0,30.63,9.63,6.0,8.41,2.41
37,136,10.3,187,Primary Care,69,0.746,All,All,1,5,15.0,26.54,11.54,6.0,8.21,2.21
60,59,13.3,137,Cardiology,77,0.309,All,Insights,1,0,8.0,9.91,1.91,6.0,7.2,1.2
44,91,18.7,26,Neurology,80,0.394,Call,All,1,4,18.0,22.19,4.19,6.0,6.0,0.0
64,490,18.8,49,Cardiology,85,0.564,Call,Call,0,0,13.0,13.35,0.35,6.0,6.11,0.11
74,165,19.7,62,Primary Care,74,0.219,All,All,0,0,14.0,14.19,0.19,5.0,5.11,0.11
32,194,11.7,170,Oncology,77,0.095,Insights,Insights,1,3,17.0,23.47,6.47,3.0,4.45,1.45
70,240,9.1,60,Primary Care,61,0.169,Insights,Insights,1,1,18.0,21.26,3.26,2.0,4.39,2.39
14,357,1.0,123,Primary Care,73,0.27,Email,Email,0,0,10.0,10.6,0.6,6.0,6.09,0.09
74,287,19.7,62,Neurology,72,0.386,Call,Call,1,2,7.0,13.62,6.62,4.0,5.71,1.71
15,269,5.6,103,Neurology,94,0.513,Call,Call,1,2,17.0,23.61,6.61,5.0,6.88,1.88
69,419,19.6,188,Cardiology,81,0.451,Insights,Insights,1,2,13.0,19.66,6.66,5.0,6.77,1.77
32,248,11.7,170,Cardiology,80,0.411,Email,Email,1,2,14.0,22.8,8.8,6.0,7.3,1.3
78,385,19.6,86,Primary Care,88,0.763,Call,Email,1,2,18.0,22.49,4.49,3.0,4.26,1.26
11,456,14.7,189,Cardiology,75,0.223,All,Insights,1,1,14.0,16.98,2.98,1.0,2.16,1.16
38,339,2.6,161,Primary Care,82,0.594,Insights,Insights,0,0,14.0,14.2,0.2,2.0,2.06,0.06
73,18,9.5,80,Neurology,84,0.29,All,Email,1,2,7.0,11.97,4.97,5.0,5.88,0.88
4,132,15.7,136,Oncology,73,0.254,Email,All,0,0,15.0,15.07,0.07,1.0,1.1,0.1
22,309,19.0,38,Primary Care,92,0.488,Call,Call,1,4,11.0,18.98,7.98,2.0,4.61,2.61
7,240,16.5,42,Primary Care,61,0.169,Insights,Insights,0,0,23.0,23.98,0.98,5.0,5.01,0.01
26,143,8.4,99,Neurology,88,0.131,Call,Email,1,4,14.0,17.55,3.55,3.0,4.52,1.52
32,168,11.7,170,Oncology,67,0.519,Insights,Insights,0,0,18.0,20.0,2.0,6.0,6.09,0.09
50,40,8.5,157,Oncology,81,0.522,Email,Email,0,0,14.0,14.26,0.26,5.0,5.11,0.11
21,118,6.0,31,Oncology,79,0.377,Insights,Insights,1,0,16.0,18.93,2.93,2.0,3.09,1.09
13,392,7.9,51,Primary Care,77,0.126,Email,Email,1,3,18.0,26.36,8.36,7.0,8.27,1.27
14,6,1.0,123,Primary Care,70,0.138,Insights,Insights,1,4,19.0,26.3,7.3,3.0,5.15,2.15
76,419,1.2,80,Cardiology,81,0.451,All,All,0,0,17.0,17.05,0.05,5.0,5.11,0.11
77,170,5.6,150,Oncology,85,0.258,Email,Email,1,1,13.0,19.38,6.38,4.0,5.3,1.3
18,404,7.3,45,Primary Care,83,0.092,Call,Call,1,4,24.0,33.56,9.56,5.0,6.63,1.63
16,129,15.5,62,Primary Care,88,0.726,Call,Call,0,0,12.0,12.21,0.21,4.0,4.23,0.23
5,415,14.3,123,Primary Care,79,0.153,All,Call,1,1,11.0,17.9,6.9,1.0,2.98,1.98
77,286,5.6,150,Neurology,85,0.161,Email,All,1,4,12.0,17.14,5.14,5.0,6.3,1.3
57,426,6.8,128,Cardiology,80,0.166,Call,Call,0,0,15.0,15.29,0.29,5.0,5.1,0.1
61,32,5.4,66,Cardiology,67,0.366,All,All,1,2,18.0,25.07,7.07,1.0,1.86,0.86
24,399,5.7,177,Cardiology,77,0.525,Insights,Insights,1,1,16.0,21.62,5.62,5.0,5.19,0.19
52,136,18.3,191,Primary Care,69,0.746,All,Insights,1,2,12.0,18.21,6.21,1.0,1.49,0.49
5,180,14.3,123,Primary Care,79,0.23,Call,Call,0,0,15.0,15.86,0.86,4.0,4.04,0.04
55,23,12.2,128,Cardiology,88,0.417,All,All,1,2,11.0,17.41,6.41,4.0,5.22,1.22
47,478,19.6,145,Cardiology,95,0.507,Email,Email,1,5,15.0,23.89,8.89,0.0,1.91,1.91
27,321,14.9,28,Oncology,80,0.224,Email,Email,0,0,14.0,14.22,0.22,3.0,3.0,0.0
57,491,6.8,128,Oncology,61,0.387,Insights,Insights,0,0,15.0,15.24,0.24,3.0,3.03,0.03
52,285,18.3,191,Primary Care,76,0.112,Call,Insights,1,5,19.0,24.91,5.91,7.0,8.54,1.54
36,80,9.2,60,Neurology,78,0.356,Insights,All,0,0,23.0,23.19,0.19,4.0,4.91,0.91
15,169,5.6,103,Neurology,85,0.207,Email,Email,0,0,21.0,21.55,0.55,5.0,5.0,0.0
2,220,6.3,75,Cardiology,75,0.559,Email,Email,1,7,9.0,21.13,12.13,1.0,3.34,2.34
76,74,1.2,80,Cardiology,89,0.492,All,Call,1,3,11.0,18.72,7.72,4.0,5.93,1.93
23,466,8.9,67,Neurology,82,0.66,Call,Call,0,0,9.0,9.15,0.15,2.0,2.4,0.4
25,479,10.3,198,Neurology,91,0.661,All,All,0,0,19.0,19.27,0.27,6.0,6.07,0.07
55,282,12.2,128,Primary Care,95,0.199,Insights,Insights,0,0,15.0,15.19,0.19,3.0,3.03,0.03
21,293,6.0,31,Neurology,74,0.229,Email,Email,1,3,10.0,14.37,4.37,0.0,1.75,1.75
31,352,7.9,33,Oncology,76,0.756,All,Email,0,0,10.0,10.03,0.03,3.0,3.01,0.01
57,340,6.8,128,Primary Care,74,0.612,All,Email,1,2,18.0,25.42,7.42,8.0,9.89,1.89
48,32,11.4,109,Cardiology,67,0.366,All,Insights,0,0,10.0,10.43,0.43,2.0,2.03,0.03
53,266,14.4,171,Neurology,93,0.138,Email,All,0,0,10.0,10.42,0.42,2.0,2.02,0.02
1,389,18.1,130,Oncology,80,0.152,Insights,Insights,1,5,14.0,25.62,11.62,1.0,4.21,3.21
37,404,10.3,187,Primary Care,83,0.092,All,Call,1,0,16.0,19.69,3.69,3.0,4.93,1.93
39,299,16.9,55,Oncology,81,0.553,Insights,Insights,1,1,10.0,14.61,4.61,8.0,8.7,0.7
51,449,15.3,66,Oncology,71,0.266,Call,Insights,0,0,12.0,14.9,2.9,6.0,6.52,0.52
13,294,7.9,51,Neurology,81,0.318,Email,Email,1,1,22.0,29.05,7.05,6.0,6.45,0.45
13,192,7.9,51,Neurology,63,0.339,Insights,Insights,1,5,3.0,10.2,7.2,2.0,4.48,2.48
61,222,5.4,66,Primary Care,88,0.782,All,Email,1,4,12.0,22.48,10.48,2.0,3.14,1.14
54,346,18.8,54,Neurology,88,0.173,All,Call,1,2,20.0,27.26,7.26,9.0,9.73,0.73
65,444,4.0,150,Oncology,81,0.234,All,Email,1,2,23.0,31.23,8.23,3.0,4.85,1.85
22,115,19.0,38,Oncology,61,0.56,Call,Call,1,2,12.0,18.64,6.64,4.0,5.13,1.13
80,147,5.0,190,Cardiology,86,0.24,Insights,Email,0,0,9.0,9.48,0.48,5.0,5.09,0.09
22,326,19.0,38,Cardiology,85,0.18,Email,Email,1,1,11.0,17.31,6.31,3.0,5.18,2.18
53,382,14.4,171,Cardiology,72,0.608,Email,All,1,4,12.0,16.96,4.96,3.0,4.91,1.91
13,200,7.9,51,Primary Care,89,0.329,Email,Email,1,2,17.0,22.39,5.39,4.0,5.72,1.72
74,322,19.7,62,Oncology,79,0.407,All,Call,0,0,16.0,16.09,0.09,2.0,2.14,0.14
27,4,14.9,28,Cardiology,80,0.464,Email,Email,1,4,16.0,24.08,8.08,4.0,6.06,2.06
65,146,4.0,150,Primary Care,89,0.01,Call,Call,0,0,12.0,12.51,0.51,8.0,8.19,0.19
27,478,14.9,28,Cardiology,95,0.507,Call,Email,0,0,14.0,14.18,0.18,6.0,6.25,0.25
64,289,18.8,49,Neurology,87,0.352,Call,Insights,0,0,15.0,15.38,0.38,4.0,4.02,0.02
37,435,10.3,187,Oncology,85,0.598,Insights,Insights,0,0,14.0,14.01,0.01,4.0,4.26,0.26
5,109,14.3,123,Neurology,75,0.083,Email,Email,1,2,12.0,18.71,6.71,5.0,6.3,1.3
16,146,15.5,62,Primary Care,89,0.01,Call,Insights,1,1,17.0,21.06,4.06,5.0,5.19,0.19
55,488,12.2,128,Primary Care,76,0.642,Call,Call,1,1,26.0,30.06,4.06,1.0,1.41,0.41
16,499,15.5,62,Oncology,68,0.052,All,Call,0,0,16.0,16.28,0.28,1.0,1.09,0.09
23,439,8.9,67,Cardiology,74,0.493,All,Call,1,2,9.0,15.61,6.61,7.0,8.04,1.04
44,159,18.7,26,Cardiology,86,0.338,All,Email,1,3,11.0,18.96,7.96,7.0,9.51,2.51
21,401,6.0,31,Primary Care,88,0.017,Call,Call,1,3,18.0,25.89,7.89,4.0,5.81,1.81
11,230,14.7,189,Primary Care,92,0.26,Email,Email,1,2,8.0,14.87,6.87,3.0,4.63,1.63
50,422,8.5,157,Cardiology,88,0.557,Call,Call,1,0,17.0,24.4,7.4,8.0,8.94,0.94
56,426,12.0,85,Cardiology,80,0.166,All,All,1,0,19.0,23.3,4.3,3.0,3.67,0.67
59,218,17.8,73,Cardiology,77,0.354,Email,Email,1,1,8.0,14.15,6.15,1.0,2.16,1.16
76,153,1.2,80,Oncology,81,0.134,Email,Email,1,1,16.0,21.19,5.19,5.0,6.51,1.51
10,488,19.4,180,Primary Care,76,0.642,All,Email,1,4,21.0,29.52,8.52,4.0,5.36,1.36
35,226,17.5,101,Primary Care,76,0.391,All,Call,1,3,13.0,18.74,5.74,5.0,6.69,1.69
19,216,12.9,81,Neurology,88,0.684,Email,Email,1,1,13.0,17.49,4.49,3.0,4.22,1.22
73,333,9.5,80,Cardiology,78,0.618,All,All,1,7,16.0,26.43,10.43,5.0,8.51,3.51
44,469,18.7,26,Cardiology,82,0.326,Call,Call,1,4,15.0,21.21,6.21,3.0,4.92,1.92
8,66,17.0,116,Neurology,84,0.648,Call,All,1,2,13.0,17.08,4.08,4.0,4.8,0.8
56,493,12.0,85,Neurology,73,0.058,Call,Insights,1,2,14.0,16.32,2.32,3.0,4.36,1.36
4,212,15.7,136,Cardiology,70,0.076,All,Call,1,1,16.0,19.25,3.25,3.0,3.16,0.16
22,13,19.0,38,Cardiology,82,0.227,Email,All,1,3,13.0,20.72,7.72,4.0,5.8,1.8
58,155,14.5,120,Primary Care,70,0.546,All,All,0,0,25.0,25.36,0.36,4.0,4.08,0.08
41,232,8.8,52,Neurology,78,0.439,Email,All,1,4,14.0,22.11,8.11,4.0,5.94,1.94
61,339,5.4,66,Primary Care,82,0.594,Insights,Insights,1,3,23.0,30.2,7.2,6.0,8.59,2.59
46,284,14.6,60,Primary Care,71,0.228,Insights,Insights,1,2,11.0,16.44,5.44,3.0,4.24,1.24
68,68,3.4,153,Primary Care,67,0.536,All,Insights,0,0,17.0,17.36,0.36,2.0,2.07,0.07
46,245,14.6,60,Cardiology,73,0.766,All,All,1,4,13.0,21.52,8.52,5.0,6.88,1.88
5,117,14.3,123,Primary Care,85,0.523,All,All,1,2,11.0,16.88,5.88,5.0,6.1,1.1
6,135,11.4,159,Oncology,88,0.282,All,Insights,1,1,13.0,17.29,4.29,10.0,11.44,1.44
63,356,15.4,190,Oncology,83,0.094,Call,Call,1,3,21.0,29.27,8.27,4.0,6.38,2.38
4,402,15.7,136,Cardiology,76,0.552,All,All,1,6,14.0,21.73,7.73,1.0,3.2,2.2
31,79,7.9,33,Neurology,91,0.237,Call,Call,1,1,12.0,18.4,6.4,9.0,9.18,0.18
2,302,6.3,75,Primary Care,86,0.283,Call,Call,1,3,12.0,19.05,7.05,5.0,6.99,1.99
25,212,10.3,198,Cardiology,70,0.076,Insights,Insights,0,0,21.0,21.08,0.08,4.0,4.22,0.22
48,169,11.4,109,Neurology,85,0.207,Call,Call,0,0,16.0,18.05,2.05,4.0,4.33,0.33
14,357,1.0,123,Primary Care,73,0.27,Insights,Insights,1,4,23.0,31.82,8.82,6.0,8.88,2.88
38,125,2.6,161,Neurology,79,0.505,Call,Call,0,0,8.0,8.38,0.38,3.0,3.04,0.04
80,383,5.0,190,Cardiology,73,0.163,Email,Call,1,4,19.0,21.68,2.68,5.0,6.83,1.83
6,201,11.4,159,Oncology,77,0.633,All,Call,1,3,12.0,16.76,4.76,2.0,3.72,1.72
6,48,11.4,159,Neurology,89,0.023,All,Insights,0,0,17.0,17.37,0.37,5.0,5.08,0.08
22,397,19.0,38,Primary Care,90,0.631,Call,Call,1,1,23.0,26.25,3.25,6.0,7.31,1.31
67,426,8.8,42,Cardiology,80,0.166,All,Call,1,2,10.0,16.12,6.12,3.0,3.82,0.82
33,282,7.1,115,Primary Care,95,0.199,Call,Call,1,2,18.0,23.35,5.35,6.0,8.1,2.1
52,362,18.3,191,Cardiology,86,0.334,Call,Call,1,1,9.0,13.47,4.47,5.0,5.97,0.97
3,74,1.5,33,Cardiology,89,0.492,All,All,0,0,8.0,9.95,1.95,4.0,4.1,0.1
59,170,17.8,73,Oncology,85,0.258,Insights,Insights,0,0,10.0,10.76,0.76,3.0,3.42,0.42
6,175,11.4,159,Oncology,86,0.074,All,Insights,1,0,6.0,9.05,3.05,3.0,3.41,0.41
57,382,6.8,128,Cardiology,72,0.608,Call,Email,1,0,18.0,19.79,1.79,7.0,7.18,0.18
12,177,13.9,58,Neurology,75,0.61,Call,Call,0,0,16.0,16.05,0.05,3.0,3.26,0.26
69,365,19.6,188,Primary Care,94,0.448,Email,Email,1,5,15.0,24.76,9.76,4.0,5.94,1.94
24,154,5.7,177,Oncology,88,0.42,All,Email,0,0,9.0,9.37,0.37,2.0,2.06,0.06
15,301,5.6,103,Oncology,79,0.068,Email,Email,1,2,12.0,19.14,7.14,4.0,4.99,0.99
27,105,14.9,28,Cardiology,70,0.342,Call,Insights,0,0,14.0,14.61,0.61,6.0,6.03,0.03
1,280,18.1,130,Cardiology,73,0.54,Email,All,1,1,20.0,24.28,4.28,2.0,2.0,0.0
14,41,1.0,123,Oncology,79,0.401,Insights,Insights,1,1,12.0,20.53,8.53,6.0,6.75,0.75
48,368,11.4,109,Cardiology,83,0.162,Call,All,0,0,13.0,13.96,0.96,4.0,4.27,0.27
25,15,10.3,198,Primary Care,71,0.274,All,Call,0,0,16.0,16.2,0.2,2.0,2.03,0.03
29,500,12.2,174,Neurology,86,0.438,Insights,All,1,3,23.0,25.39,2.39,5.0,5.9,0.9
65,420,4.0,150,Neurology,87,0.385,Email,Email,0,0,16.0,16.16,0.16,5.0,5.1,0.1
10,290,19.4,180,Primary Care,89,0.269,Email,Email,1,3,10.0,18.07,8.07,4.0,5.96,1.96
32,455,11.7,170,Cardiology,81,0.852,Email,Email,0,0,12.0,13.18,1.18,1.0,1.44,0.44
15,405,5.6,103,Oncology,74,0.549,All,All,1,6,14.0,23.82,9.82,3.0,5.42,2.42
39,72,16.9,55,Cardiology,87,0.334,All,All,0,0,21.0,22.23,1.23,8.0,8.21,0.21
27,373,14.9,28,Neurology,92,0.427,Call,All,0,0,15.0,15.72,0.72,3.0,3.03,0.03
4,189,15.7,136,Neurology,77,0.106,Insights,Insights,1,3,9.0,15.96,6.96,6.0,6.95,0.95
6,428,11.4,159,Neurology,76,0.716,Email,Insights,1,0,19.0,20.25,1.25,7.0,8.35,1.35
69,432,19.6,188,Cardiology,82,0.379,All,All,1,1,13.0,18.32,5.32,2.0,2.67,0.67
5,478,14.3,123,Cardiology,95,0.507,All,Call,1,4,15.0,24.11,9.11,6.0,8.12,2.12
63,226,15.4,190,Primary Care,76,0.391,All,Call,1,3,16.0,25.1,9.1,8.0,10.41,2.41
74,97,19.7,62,Primary Care,81,0.428,Email,Email,1,4,18.0,25.08,7.08,5.0,6.79,1.79
38,63,2.6,161,Neurology,69,0.409,Call,Call,1,3,9.0,16.83,7.83,7.0,9.44,2.44
25,83,10.3,198,Oncology,83,0.469,All,Email,0,0,17.0,17.23,0.23,6.0,6.04,0.04
63,496,15.4,190,Cardiology,78,0.351,Email,Email,0,0,13.0,13.19,0.19,5.0,5.21,0.21
79,294,19.8,87,Neurology,81,0.318,Insights,Insights,1,2,20.0,25.18,5.18,2.0,3.67,1.67
10,176,19.4,180,Primary Care,83,0.723,All,All,1,1,10.0,17.21,7.21,4.0,5.05,1.05
78,225,19.6,86,Primary Care,78,0.565,All,Email,0,0,15.0,15.11,0.11,2.0,2.13,0.13
76,87,1.2,80,Oncology,82,0.544,Insights,Insights,1,2,16.0,20.99,4.99,4.0,5.99,1.99
12,286,13.9,58,Neurology,85,0.161,Insights,Insights,0,0,12.0,12.38,0.38,6.0,6.04,0.04
5,213,14.3,123,Cardiology,83,0.393,All,All,1,4,15.0,22.31,7.31,2.0,3.93,1.93
58,400,14.5,120,Neurology,85,0.085,Call,Call,1,4,15.0,23.06,8.06,4.0,6.69,2.69
7,11,16.5,42,Primary Care,81,0.098,All,All,1,3,16.0,25.43,9.43,3.0,3.43,0.43
49,466,14.2,24,Neurology,82,0.66,Call,Call,1,2,15.0,20.58,5.58,3.0,4.04,1.04
6,31,11.4,159,Cardiology,78,0.376,All,Insights,1,4,10.0,21.25,11.25,4.0,6.8,2.8
56,209,12.0,85,Primary Care,77,0.116,All,All,1,6,13.0,24.42,11.42,11.0,13.99,2.99
19,171,12.9,81,Neurology,79,0.107,Insights,Insights,1,0,12.0,15.32,3.32,3.0,3.55,0.55
8,359,17.0,116,Cardiology,90,0.489,Call,Call,1,3,17.0,23.83,6.83,2.0,4.35,2.35
6,330,11.4,159,Oncology,70,0.262,Email,Call,1,3,21.0,25.46,4.46,6.0,8.4,2.4
16,99,15.5,62,Neurology,72,0.758,All,Email,1,7,16.0,26.88,10.88,6.0,8.51,2.51
44,246,18.7,26,Primary Care,86,0.14,Insights,Insights,1,1,19.0,22.54,3.54,3.0,3.49,0.49
7,268,16.5,42,Cardiology,86,0.264,Call,All,1,3,15.0,18.46,3.46,2.0,4.2,2.2
65,232,4.0,150,Neurology,78,0.439,All,Call,0,0,14.0,14.55,0.55,2.0,2.15,0.15
49,11,14.2,24,Primary Care,81,0.098,All,Insights,1,3,11.0,20.84,9.84,6.0,7.69,1.69
24,90,5.7,177,Neurology,69,0.307,All,Insights,1,1,14.0,19.02,5.02,8.0,9.19,1.19
79,252,19.8,87,Cardiology,74,0.789,Insights,Insights,0,0,12.0,12.58,0.58,5.0,5.07,0.07
53,131,14.4,171,Neurology,69,0.687,All,All,1,6,16.0,24.61,8.61,7.0,10.24,3.24
54,273,18.8,54,Neurology,77,0.662,All,Call,1,1,17.0,21.2,4.2,5.0,6.74,1.74
14,82,1.0,123,Cardiology,85,0.329,Email,All,0,0,9.0,9.13,0.13,2.0,2.33,0.33
57,368,6.8,128,Cardiology,83,0.162,All,Call,0,0,15.0,15.01,0.01,5.0,5.27,0.27
45,95,5.0,150,Cardiology,84,0.193,Insights,Insights,0,0,13.0,13.01,0.01,3.0,3.2,0.2
79,325,19.8,87,Neurology,75,0.759,All,All,1,3,23.0,32.32,9.32,8.0,10.21,2.21
39,419,16.9,55,Cardiology,81,0.451,All,Call,1,2,10.0,17.37,7.37,7.0,9.54,2.54
55,180,12.2,128,Primary Care,79,0.23,Insights,Insights,0,0,11.0,11.46,0.46,5.0,5.33,0.33
28,70,19.3,22,Primary Care,76,0.115,Call,Insights,1,3,16.0,22.06,6.06,7.0,7.82,0.82
4,3,15.7,136,Primary Care,78,0.833,Email,Email,0,0,20.0,20.23,0.23,5.0,5.15,0.15
11,181,14.7,189,Primary Care,69,0.282,Call,Call,1,0,18.0,19.83,1.83,5.0,5.59,0.59
70,58,9.1,60,Neurology,80,0.07,Insights,Insights,0,0,16.0,16.1,0.1,4.0,4.05,0.05
60,441,13.3,137,Oncology,82,0.069,All,All,0,0,18.0,18.27,0.27,2.0,2.18,0.18
30,487,12.2,100,Primary Care,69,0.447,Email,Email,1,3,18.0,24.59,6.59,3.0,3.91,0.91
56,491,12.0,85,Oncology,61,0.387,Email,Email,1,1,17.0,20.06,3.06,3.0,3.53,0.53
1,462,18.1,130,Primary Care,65,0.088,Insights,Insights,0,0,15.0,15.9,0.9,2.0,2.6,0.6
3,294,1.5,33,Neurology,81,0.318,Call,Call,0,0,14.0,15.39,1.39,4.0,4.07,0.07
41,163,8.8,52,Neurology,77,0.341,Email,Email,0,0,18.0,18.01,0.01,1.0,1.28,0.28
50,224,8.5,157,Neurology,77,0.28,Email,Call,0,0,17.0,17.26,0.26,3.0,3.53,0.53
75,130,10.3,91,Oncology,88,0.424,Insights,Email,1,2,18.0,23.51,5.51,4.0,4.78,0.78
61,421,5.4,66,Primary Care,82,0.174,Insights,Insights,0,0,17.0,17.67,0.67,2.0,2.08,0.08
21,219,6.0,31,Neurology,73,0.039,All,Insights,0,0,17.0,17.16,0.16,6.0,6.43,0.43
66,193,3.4,187,Cardiology,65,0.598,Call,Call,1,3,13.0,21.02,8.02,4.0,5.19,1.19
40,345,4.2,152,Oncology,68,0.107,Email,Email,1,2,10.0,15.34,5.34,6.0,6.61,0.61
67,187,8.8,42,Cardiology,100,0.246,All,Email,1,2,9.0,15.7,6.7,5.0,7.49,2.49
14,179,1.0,123,Cardiology,81,0.096,All,Email,0,0,13.0,13.9,0.9,6.0,6.2,0.2
3,114,1.5,33,Neurology,81,0.42,Call,Call,0,0,18.0,18.16,0.16,5.0,5.07,0.07
5,34,14.3,123,Primary Care,71,0.112,All,All,1,5,12.0,19.73,7.73,4.0,5.89,1.89
80,19,5.0,190,Primary Care,65,0.675,All,Email,0,0,13.0,13.03,0.03,1.0,1.07,0.07
7,202,16.5,42,Oncology,69,0.55,All,All,1,3,8.0,17.74,9.74,8.0,10.4,2.4
76,498,1.2,80,Oncology,69,0.581,Call,Call,1,1,8.0,12.98,4.98,2.0,2.09,0.09
59,131,17.8,73,Neurology,69,0.687,Email,Call,1,2,22.0,27.12,5.12,3.0,5.01,2.01
12,321,13.9,58,Oncology,80,0.224,Email,Insights,1,1,14.0,15.36,1.36,4.0,5.43,1.43
70,163,9.1,60,Neurology,77,0.341,All,All,0,0,14.0,14.34,0.34,3.0,3.09,0.09
12,152,13.9,58,Cardiology,87,0.604,All,All,1,5,14.0,23.13,9.13,9.0,11.2,2.2
12,82,13.9,58,Cardiology,85,0.329,Call,Call,0,0,17.0,17.69,0.69,2.0,2.01,0.01
47,282,19.6,145,Primary Care,95,0.199,Email,Call,0,0,17.0,17.19,0.19,6.0,6.45,0.45
24,330,5.7,177,Oncology,70,0.262,Email,Email,1,4,8.0,14.11,6.11,3.0,6.02,3.02
24,176,5.7,177,Primary Care,83,0.723,Insights,Insights,1,3,12.0,20.92,8.92,1.0,3.1,2.1
16,264,15.5,62,Primary Care,85,0.184,All,All,0,0,9.0,9.83,0.83,6.0,6.33,0.33
49,239,14.2,24,Cardiology,88,0.392,Call,Call,1,1,15.0,18.59,3.59,4.0,5.64,1.64
3,136,1.5,33,Primary Care,69,0.746,Insights,Insights,0,0,21.0,21.55,0.55,5.0,5.03,0.03
20,346,4.7,153,Neurology,88,0.173,Insights,Call,0,0,12.0,12.66,0.66,3.0,3.17,0.17
45,277,5.0,150,Neurology,67,0.525,All,Email,1,5,18.0,26.51,8.51,4.0,7.31,3.31
39,33,16.9,55,Oncology,98,0.68,All,Email,0,0,19.0,19.08,0.08,4.0,4.03,0.03
56,247,12.0,85,Oncology,76,0.846,Email,Email,1,1,20.0,25.36,5.36,6.0,7.27,1.27
18,195,7.3,45,Primary Care,84,0.33,Insights,Insights,1,2,18.0,24.07,6.07,5.0,6.07,1.07
52,398,18.3,191,Cardiology,83,0.425,All,Call,1,5,22.0,31.94,9.94,1.0,4.04,3.04
61,154,5.4,66,Oncology,88,0.42,All,Email,0,0,20.0,21.37,1.37,5.0,5.69,0.69
32,478,11.7,170,Cardiology,95,0.507,Insights,Insights,1,3,18.0,25.54,7.54,6.0,8.02,2.02
21,308,6.0,31,Oncology,83,0.44,Email,Insights,0,0,17.0,17.24,0.24,3.0,3.03,0.03
45,66,5.0,150,Neurology,84,0.648,Insights,Insights,1,0,14.0,19.04,5.04,2.0,2.9,0.9
47,202,19.6,145,Oncology,69,0.55,Insights,Insights,1,5,22.0,32.26,10.26,2.0,4.65,2.65
8,442,17.0,116,Neurology,86,0.281,Call,Call,1,4,20.0,25.11,5.11,3.0,5.35,2.35
46,128,14.6,60,Primary Care,68,0.624,All,All,1,8,17.0,27.82,10.82,1.0,4.14,3.14
13,353,7.9,51,Primary Care,74,0.284,Email,Email,1,4,8.0,16.74,8.74,2.0,4.67,2.67
46,392,14.6,60,Primary Care,77,0.126,All,Email,1,4,12.0,23.2,11.2,7.0,7.61,0.61
75,347,10.3,91,Primary Care,75,0.174,Call,Call,1,6,20.0,31.72,11.72,3.0,6.14,3.14
43,46,9.7,154,Neurology,90,0.647,Email,Email,1,3,16.0,25.37,9.37,3.0,4.31,1.31
61,188,5.4,66,Cardiology,91,0.228,Insights,Insights,0,0,19.0,19.7,0.7,5.0,5.34,0.34
25,175,10.3,198,Oncology,86,0.074,Insights,Insights,1,1,14.0,19.16,5.16,6.0,6.13,0.13
74,172,19.7,62,Oncology,91,0.343,All,Call,1,2,15.0,24.62,9.62,6.0,7.27,1.27
66,440,3.4,187,Neurology,80,0.5,Insights,Insights,1,4,15.0,24.21,9.21,3.0,5.42,2.42
74,3,19.7,62,Primary Care,78,0.833,Email,Email,0,0,16.0,16.34,0.34,3.0,3.63,0.63
60,270,13.3,137,Primary Care,86,0.471,All,All,1,10,14.0,26.25,12.25,3.0,6.81,3.81
52,492,18.3,191,Primary Care,84,0.109,Insights,Email,0,0,11.0,11.01,0.01,2.0,2.07,0.07
43,438,9.7,154,Cardiology,88,0.581,Call,Insights,1,4,15.0,21.26,6.26,3.0,3.59,0.59
75,304,10.3,91,Neurology,89,0.269,All,Insights,0,0,16.0,16.29,0.29,7.0,7.11,0.11
68,499,3.4,153,Oncology,68,0.052,Email,Email,1,1,15.0,19.95,4.95,2.0,2.77,0.77
34,202,1.0,82,Oncology,69,0.55,Email,Email,1,6,13.0,25.49,12.49,4.0,7.19,3.19
7,306,16.5,42,Oncology,78,0.227,Insights,Insights,1,4,9.0,17.17,8.17,4.0,5.82,1.82
1,272,18.1,130,Cardiology,76,0.329,Insights,Insights,0,0,11.0,11.49,0.49,2.0,2.18,0.18
19,24,12.9,81,Primary Care,92,0.605,Insights,Insights,0,0,19.0,19.47,0.47,4.0,4.01,0.01
6,21,11.4,159,Cardiology,74,0.415,All,Email,0,0,19.0,19.15,0.15,4.0,4.04,0.04
17,449,14.5,38,Oncology,71,0.266,Call,Call,1,3,20.0,26.47,6.47,2.0,3.89,1.89
9,87,12.2,167,Oncology,82,0.544,All,All,0,0,14.0,14.4,0.4,2.0,2.45,0.45
79,178,19.8,87,Oncology,75,0.326,Email,Email,0,0,13.0,13.79,0.79,3.0,3.17,0.17
8,312,17.0,116,Neurology,66,0.714,Email,Email,1,1,16.0,20.59,4.59,6.0,6.72,0.72
51,288,15.3,66,Primary Care,84,0.271,Email,Email,1,1,9.0,15.21,6.21,4.0,5.36,1.36
29,258,12.2,174,Oncology,69,0.395,Email,Email,0,0,9.0,9.11,0.11,5.0,5.27,0.27
14,490,1.0,123,Cardiology,85,0.564,Call,Call,1,1,19.0,27.95,8.95,0.0,1.45,1.45
57,394,6.8,128,Oncology,78,0.317,All,Call,1,2,13.0,18.03,5.03,8.0,9.51,1.51
78,471,19.6,86,Primary Care,92,0.141,All,All,0,0,18.0,19.13,1.13,6.0,6.03,0.03
64,330,18.8,49,Oncology,70,0.262,All,Email,0,0,21.0,21.27,0.27,3.0,3.2,0.2
79,490,19.8,87,Cardiology,85,0.564,Email,Email,1,2,11.0,17.41,6.41,4.0,6.58,2.58
48,301,11.4,109,Oncology,79,0.068,All,Call,0,0,15.0,15.29,0.29,6.0,6.01,0.01
54,271,18.8,54,Neurology,87,0.401,Call,Call,0,0,15.0,15.14,0.14,2.0,2.08,0.08
12,408,13.9,58,Cardiology,85,0.605,All,Call,1,2,13.0,18.11,5.11,4.0,5.13,1.13
69,435,19.6,188,Oncology,85,0.598,All,Call,1,3,18.0,25.66,7.66,5.0,8.31,3.31
60,35,13.3,137,Oncology,84,0.572,Email,Email,0,0,13.0,13.21,0.21,1.0,1.02,0.02
21,456,6.0,31,Cardiology,75,0.223,Insights,Insights,0,0,16.0,16.45,0.45,4.0,4.04,0.04
29,346,12.2,174,Neurology,88,0.173,All,All,1,2,14.0,21.36,7.36,4.0,6.83,2.83
49,449,14.2,24,Oncology,71,0.266,Call,Call,1,1,12.0,19.1,7.1,1.0,1.63,0.63
2,358,6.3,75,Neurology,85,0.659,All,All,1,7,7.0,18.39,11.39,3.0,5.46,2.46
66,464,3.4,187,Cardiology,85,0.058,All,All,1,3,17.0,24.88,7.88,9.0,12.59,3.59
23,138,8.9,67,Neurology,74,0.142,Call,Insights,1,4,15.0,19.6,4.6,4.0,5.22,1.22
6,94,11.4,159,Cardiology,64,0.307,Call,Call,1,4,19.0,27.64,8.64,6.0,7.56,1.56
27,98,14.9,28,Primary Care,84,0.947,Call,Call,1,6,11.0,19.47,8.47,4.0,7.16,3.16
67,127,8.8,42,Cardiology,63,0.593,All,All,1,5,11.0,18.01,7.01,2.0,3.69,1.69
22,107,19.0,38,Primary Care,71,0.345,Call,Call,0,0,13.0,13.84,0.84,2.0,2.06,0.06
44,221,18.7,26,Neurology,71,0.5,Call,Call,1,2,10.0,16.74,6.74,6.0,6.98,0.98
65,100,4.0,150,Neurology,73,0.099,Email,Email,0,0,22.0,22.74,0.74,1.0,1.12,0.12
3,80,1.5,33,Neurology,78,0.356,All,Email,0,0,17.0,17.26,0.26,6.0,6.02,0.02
61,262,5.4,66,Neurology,80,0.027,All,Call,0,0,14.0,14.13,0.13,3.0,3.28,0.28
24,397,5.7,177,Primary Care,90,0.631,Insights,Insights,1,3,19.0,26.95,7.95,2.0,3.36,1.36
56,68,12.0,85,Primary Care,67,0.536,All,Call,1,4,23.0,28.87,5.87,0.0,2.28,2.28
16,256,15.5,62,Cardiology,82,0.414,Insights,Insights,1,4,17.0,24.16,7.16,2.0,3.83,1.83
12,330,13.9,58,Oncology,70,0.262,All,Call,1,3,19.0,23.07,4.07,3.0,5.32,2.32
64,353,18.8,49,Primary Care,74,0.284,Email,Insights,0,0,8.0,10.2,2.2,6.0,6.96,0.96
65,53,4.0,150,Cardiology,81,0.762,Email,Email,1,0,21.0,23.91,2.91,5.0,6.25,1.25
79,367,19.8,87,Primary Care,96,0.438,All,All,1,5,17.0,28.87,11.87,0.0,2.09,2.09
55,14,12.2,128,Neurology,97,0.519,Call,Call,1,4,9.0,18.59,9.59,6.0,8.22,2.22
38,119,2.6,161,Primary Care,75,0.352,Call,Call,0,0,16.0,16.45,0.45,2.0,2.62,0.62
16,160,15.5,62,Primary Care,88,0.064,All,Insights,1,2,16.0,21.29,5.29,2.0,3.09,1.09
24,427,5.7,177,Oncology,85,0.282,Insights,Insights,1,2,21.0,27.89,6.89,6.0,7.26,1.26
52,96,18.3,191,Oncology,78,0.538,Call,Call,1,3,18.0,24.7,6.7,3.0,5.08,2.08
28,392,19.3,22,Primary Care,77,0.126,Call,Call,1,4,8.0,16.86,8.86,2.0,3.14,1.14
39,495,16.9,55,Oncology,68,0.358,Call,Call,1,4,16.0,25.38,9.38,5.0,6.82,1.82
14,480,1.0,123,Primary Care,86,0.362,Email,Email,1,1,14.0,18.15,4.15,5.0,6.15,1.15
36,152,9.2,60,Cardiology,87,0.604,Email,Email,0,0,19.0,19.33,0.33,2.0,2.11,0.11
20,48,4.7,153,Neurology,89,0.023,Insights,Insights,0,0,19.0,19.01,0.01,1.0,1.33,0.33
9,112,12.2,167,Neurology,67,0.565,All,Call,1,3,16.0,24.73,8.73,6.0,7.72,1.72
11,385,14.7,189,Primary Care,88,0.763,Call,Call,1,3,12.0,18.04,6.04,3.0,4.31,1.31
42,99,17.0,101,Neurology,72,0.758,Call,Call,0,0,16.0,16.1,0.1,3.0,3.28,0.28
30,323,12.2,100,Cardiology,79,0.305,Insights,Insights,1,2,13.0,17.83,4.83,7.0,8.02,1.02
8,187,17.0,116,Cardiology,100,0.246,Email,Email,1,2,12.0,19.18,7.18,4.0,5.79,1.79
42,384,17.0,101,Oncology,93,0.521,Call,Insights,0,0,14.0,14.38,0.38,5.0,5.23,0.23
14,303,1.0,123,Neurology,71,0.161,Email,Email,0,0,18.0,18.4,0.4,6.0,6.36,0.36
2,293,6.3,75,Neurology,74,0.229,Insights,Insights,0,0,15.0,15.02,0.02,9.0,9.49,0.49
11,391,14.7,189,Cardiology,83,0.754,Email,Email,1,5,12.0,20.45,8.45,1.0,3.94,2.94
36,478,9.2,60,Cardiology,95,0.507,Call,Call,0,0,15.0,15.0,0.0,5.0,5.2,0.2
77,183,5.6,150,Primary Care,68,0.476,Insights,Insights,0,0,13.0,13.53,0.53,6.0,6.29,0.29
20,265,4.7,153,Cardiology,79,0.42,All,All,1,1,18.0,22.55,4.55,2.0,2.0,0.0
23,313,8.9,67,Primary Care,78,0.792,All,All,0,0,21.0,21.11,0.11,7.0,8.29,1.29
20,412,4.7,153,Neurology,76,0.38,All,Call,1,2,13.0,18.39,5.39,5.0,6.22,1.22
29,242,12.2,174,Primary Care,74,0.264,Insights,Insights,1,2,17.0,23.0,6.0,4.0,6.8,2.8
58,188,14.5,120,Cardiology,91,0.228,Call,Call,1,1,14.0,18.53,4.53,4.0,4.97,0.97
26,424,8.4,99,Neurology,81,0.381,Email,Email,1,0,17.0,22.57,5.57,4.0,4.75,0.75
53,477,14.4,171,Primary Care,81,0.627,Email,Email,1,5,11.0,18.56,7.56,4.0,6.86,2.86
72,285,5.3,163,Primary Care,76,0.112,Call,Call,1,3,13.0,20.23,7.23,3.0,5.89,2.89
76,52,1.2,80,Cardiology,70,0.308,Email,Email,1,3,16.0,21.41,5.41,6.0,8.95,2.95
46,145,14.6,60,Primary Care,81,0.259,Call,Email,0,0,18.0,18.22,0.22,4.0,4.04,0.04
58,232,14.5,120,Neurology,78,0.439,All,Call,0,0,11.0,11.18,0.18,6.0,6.01,0.01
74,352,19.7,62,Oncology,76,0.756,Insights,Insights,1,2,12.0,17.05,5.05,1.0,2.15,1.15
63,335,15.4,190,Neurology,87,0.039,Call,Call,1,3,11.0,19.25,8.25,5.0,8.02,3.02
24,411,5.7,177,Cardiology,82,0.642,Insights,Insights,0,0,17.0,17.02,0.02,5.0,5.03,0.03
11,15,14.7,189,Primary Care,71,0.274,Email,Email,0,0,8.0,8.05,0.05,7.0,7.08,0.08
10,233,19.4,180,Neurology,77,0.726,Insights,Insights,1,1,20.0,22.05,2.05,1.0,2.75,1.75
71,351,11.1,124,Cardiology,67,0.51,Insights,Insights,0,0,15.0,15.06,0.06,3.0,3.11,0.11
45,494,5.0,150,Oncology,64,0.439,Call,Call,1,3,11.0,18.23,7.23,2.0,3.33,1.33
24,72,5.7,177,Cardiology,87,0.334,Call,Call,1,1,22.0,27.58,5.58,1.0,1.91,0.91
28,440,19.3,22,Neurology,80,0.5,All,All,1,5,11.0,19.58,8.58,4.0,5.81,1.81
23,4,8.9,67,Cardiology,80,0.464,Insights,Insights,0,0,14.0,14.4,0.4,6.0,6.5,0.5
65,99,4.0,150,Neurology,72,0.758,Insights,Insights,0,0,25.0,25.38,0.38,3.0,3.11,0.11
49,424,14.2,24,Neurology,81,0.381,Email,Email,1,3,18.0,22.19,4.19,4.0,5.13,1.13
71,394,11.1,124,Oncology,78,0.317,Email,Email,1,5,14.0,20.92,6.92,5.0,8.37,3.37
25,487,10.3,198,Primary Care,69,0.447,Call,Call,1,0,15.0,18.57,3.57,6.0,7.03,1.03
38,301,2.6,161,Oncology,79,0.068,All,Insights,1,2,14.0,21.28,7.28,2.0,2.23,0.23
10,308,19.4,180,Oncology,83,0.44,Email,Email,1,4,13.0,19.82,6.82,5.0,7.63,2.63
78,268,19.6,86,Cardiology,86,0.264,Call,Call,0,0,18.0,18.51,0.51,3.0,3.42,0.42
41,256,8.8,52,Cardiology,82,0.414,All,All,1,6,15.0,26.3,11.3,1.0,3.36,2.36
45,257,5.0,150,Neurology,92,0.677,Call,Call,1,1,19.0,23.83,4.83,3.0,4.51,1.51
34,147,1.0,82,Cardiology,86,0.24,Call,Call,0,0,12.0,13.54,1.54,3.0,3.48,0.48
22,427,19.0,38,Oncology,85,0.282,Insights,Insights,1,0,20.0,24.36,4.36,9.0,9.42,0.42
76,179,1.2,80,Cardiology,81,0.096,Call,Call,1,0,19.0,21.25,2.25,2.0,2.07,0.07
40,306,4.2,152,Oncology,78,0.227,All,Call,1,3,16.0,25.78,9.78,2.0,4.91,2.91
54,335,18.8,54,Neurology,87,0.039,Email,Email,0,0,13.0,13.25,0.25,6.0,6.02,0.02
3,269,1.5,33,Neurology,94,0.513,All,Insights,1,2,18.0,27.47,9.47,5.0,6.42,1.42
23,306,8.9,67,Oncology,78,0.227,Call,Call,1,2,17.0,23.89,6.89,4.0,5.48,1.48
65,25,4.0,150,Primary Care,87,0.422,All,Email,1,2,19.0,25.79,6.79,5.0,6.12,1.12
8,158,17.0,116,Cardiology,88,0.423,All,Insights,0,0,8.0,8.7,0.7,5.0,5.21,0.21
9,225,12.2,167,Primary Care,78,0.565,All,All,1,6,24.0,34.64,10.64,6.0,8.81,2.81
65,198,4.0,150,Oncology,69,0.558,All,Insights,0,0,12.0,12.2,0.2,1.0,1.07,0.07
25,455,10.3,198,Cardiology,81,0.852,All,All,0,0,18.0,18.1,0.1,4.0,4.09,0.09
22,449,19.0,38,Oncology,71,0.266,Email,Email,0,0,10.0,11.52,1.52,7.0,7.29,0.29
46,356,14.6,60,Oncology,83,0.094,Email,Email,1,5,13.0,23.68,10.68,5.0,8.45,3.45
16,177,15.5,62,Neurology,75,0.61,Call,Call,1,3,16.0,24.35,8.35,1.0,2.59,1.59
4,26,15.7,136,Oncology,78,0.357,Call,Call,1,1,12.0,14.49,2.49,6.0,6.57,0.57
1,378,18.1,130,Primary Care,84,0.084,Call,Call,0,0,15.0,15.51,0.51,6.0,6.25,0.25
7,442,16.5,42,Neurology,86,0.281,All,Email,0,0,14.0,14.29,0.29,3.0,3.65,0.65
13,245,7.9,51,Cardiology,73,0.766,All,Call,1,3,11.0,18.4,7.4,4.0,5.0,1.0
56,414,12.0,85,Primary Care,80,0.738,All,Email,1,3,11.0,18.38,7.38,3.0,3.73,0.73
24,466,5.7,177,Neurology,82,0.66,Call,Call,1,3,21.0,28.14,7.14,3.0,5.15,2.15
6,274,11.4,159,Primary Care,79,0.327,All,Email,1,7,13.0,24.93,11.93,7.0,9.37,2.37
2,105,6.3,75,Cardiology,70,0.342,All,All,1,5,16.0,27.5,11.5,4.0,5.38,1.38
39,12,16.9,55,Neurology,80,0.218,All,All,0,0,13.0,13.19,0.19,4.0,4.48,0.48
68,379,3.4,153,Oncology,88,0.243,All,All,1,3,14.0,23.03,9.03,4.0,5.23,1.23
28,282,19.3,22,Primary Care,95,0.199,Call,Call,1,2,17.0,26.28,9.28,3.0,4.94,1.94
6,77,11.4,159,Neurology,75,0.827,Email,Email,1,2,18.0,26.26,8.26,2.0,3.78,1.78
19,28,12.9,81,Oncology,87,0.392,All,All,0,0,20.0,20.53,0.53,8.0,8.12,0.12
40,485,4.2,152,Oncology,95,0.015,All,All,1,4,19.0,28.85,9.85,4.0,5.8,1.8
16,161,15.5,62,Primary Care,69,0.591,All,Call,0,0,18.0,18.06,0.06,0.0,0.07,0.07
79,164,19.8,87,Neurology,82,0.635,All,All,1,6,16.0,28.89,12.89,4.0,5.97,1.97
62,315,11.3,183,Primary Care,75,0.354,All,Insights,1,2,13.0,18.39,5.39,4.0,6.16,2.16
28,183,19.3,22,Primary Care,68,0.476,All,All,1,4,20.0,27.08,7.08,1.0,2.92,1.92
77,457,5.6,150,Neurology,105,0.438,All,All,0,0,14.0,14.24,0.24,4.0,4.38,0.38
27,341,14.9,28,Cardiology,79,0.146,All,All,1,2,16.0,25.77,9.77,6.0,7.72,1.72
12,179,13.9,58,Cardiology,81,0.096,Call,Call,1,3,18.0,27.51,9.51,6.0,8.61,2.61
76,134,1.2,80,Neurology,80,0.588,Email,Email,0,0,12.0,12.76,0.76,0.0,1.08,1.08
77,431,5.6,150,Oncology,61,0.102,Email,Email,1,2,15.0,18.69,3.69,4.0,5.13,1.13
26,296,8.4,99,Oncology,68,0.223,Call,Call,1,3,18.0,24.39,6.39,3.0,5.1,2.1
48,460,11.4,109,Primary Care,77,0.092,All,Insights,1,1,17.0,22.14,5.14,6.0,7.84,1.84
14,173,1.0,123,Primary Care,82,0.83,All,Call,1,2,14.0,20.59,6.59,2.0,4.13,2.13
52,11,18.3,191,Primary Care,81,0.098,Call,Call,0,0,9.0,9.09,0.09,4.0,4.56,0.56
56,450,12.0,85,Neurology,92,0.263,Call,Call,1,1,9.0,13.35,4.35,3.0,4.37,1.37
57,120,6.8,128,Primary Care,76,0.259,Insights,All,1,5,14.0,21.37,7.37,4.0,5.74,1.74
46,423,14.6,60,Neurology,84,0.471,All,Call,1,2,25.0,32.2,7.2,2.0,4.04,2.04
57,355,6.8,128,Cardiology,79,0.655,Insights,Insights,0,0,16.0,16.33,0.33,3.0,3.32,0.32
45,116,5.0,150,Oncology,75,0.172,Email,Email,1,1,15.0,21.43,6.43,1.0,2.27,1.27
66,379,3.4,187,Oncology,88,0.243,Call,Call,1,4,20.0,30.02,10.02,6.0,8.32,2.32
15,41,5.6,103,Oncology,79,0.401,Insights,Insights,0,0,18.0,18.44,0.44,6.0,6.12,0.12
39,197,16.9,55,Primary Care,70,0.318,Insights,Insights,0,0,13.0,13.34,0.34,3.0,3.07,0.07
34,179,1.0,82,Cardiology,81,0.096,All,All,1,2,13.0,18.17,5.17,6.0,8.13,2.13
43,329,9.7,154,Cardiology,70,0.471,All,Insights,1,1,9.0,13.61,4.61,2.0,4.33,2.33
12,268,13.9,58,Cardiology,86,0.264,Email,All,0,0,16.0,16.12,0.12,2.0,2.18,0.18
26,307,8.4,99,Neurology,69,0.321,Email,All,1,6,5.0,9.03,4.03,5.0,6.6,1.6
77,239,5.6,150,Cardiology,88,0.392,Call,Call,0,0,16.0,16.69,0.69,7.0,7.43,0.43
9,370,12.2,167,Neurology,75,0.29,Call,All,1,5,12.0,17.57,5.57,4.0,4.06,0.06
51,81,15.3,66,Cardiology,93,0.439,Call,Call,1,3,14.0,23.68,9.68,9.0,11.87,2.87
54,360,18.8,54,Oncology,81,0.298,Email,Email,1,1,15.0,19.34,4.34,5.0,5.73,0.73
38,26,2.6,161,Oncology,78,0.357,Email,Email,1,0,11.0,14.83,3.83,3.0,3.0,0.0
3,43,1.5,33,Neurology,74,0.559,All,Insights,1,0,18.0,22.74,4.74,3.0,4.03,1.03
3,362,1.5,33,Cardiology,86,0.334,Email,Email,1,5,16.0,24.6,8.6,4.0,6.56,2.56
23,80,8.9,67,Neurology,78,0.356,All,Insights,0,0,12.0,12.44,0.44,0.0,0.26,0.26
9,386,12.2,167,Cardiology,87,0.372,Call,All,1,4,13.0,21.04,8.04,3.0,4.67,1.67
8,67,17.0,116,Oncology,87,0.465,Call,Call,1,3,8.0,16.28,8.28,3.0,5.85,2.85
13,74,7.9,51,Cardiology,89,0.492,Email,Email,1,5,16.0,27.5,11.5,2.0,5.02,3.02
16,467,15.5,62,Neurology,82,0.399,Email,Email,1,2,14.0,21.3,7.3,6.0,7.18,1.18
68,89,3.4,153,Primary Care,91,0.808,Call,Call,1,0,17.0,21.17,4.17,4.0,6.42,2.42
52,457,18.3,191,Neurology,105,0.438,All,All,1,1,8.0,12.92,4.92,5.0,7.29,2.29
3,175,1.5,33,Oncology,86,0.074,All,All,1,2,16.0,21.5,5.5,7.0,8.91,1.91
51,399,15.3,66,Cardiology,77,0.525,Email,Email,1,5,8.0,15.96,7.96,5.0,8.16,3.16
11,470,14.7,189,Neurology,73,0.115,Email,Email,1,2,15.0,19.81,4.81,4.0,5.7,1.7
34,59,1.0,82,Cardiology,77,0.309,Email,All,0,0,8.0,8.88,0.88,5.0,5.09,0.09
4,166,15.7,136,Oncology,77,0.605,All,Insights,1,4,14.0,23.22,9.22,2.0,4.46,2.46
8,288,17.0,116,Primary Care,84,0.271,Email,Insights,1,1,13.0,14.78,1.78,4.0,6.02,2.02
11,433,14.7,189,Cardiology,83,0.355,Email,Email,1,7,15.0,28.54,13.54,8.0,11.95,3.95
35,94,17.5,101,Cardiology,64,0.307,All,Insights,1,1,24.0,29.79,5.79,4.0,5.13,1.13
38,94,2.6,161,Cardiology,64,0.307,All,All,0,0,16.0,16.51,0.51,1.0,1.27,0.27
29,185,12.2,174,Cardiology,94,0.671,Insights,Email,0,0,10.0,11.65,1.65,2.0,2.03,0.03
50,103,8.5,157,Cardiology,67,0.095,Email,Email,0,0,13.0,13.18,0.18,5.0,5.09,0.09
58,134,14.5,120,Neurology,80,0.588,Call,Call,0,0,6.0,6.83,0.83,2.0,2.14,0.14
59,65,17.8,73,Cardiology,87,0.215,Email,Insights,0,0,16.0,16.23,0.23,2.0,2.23,0.23
47,415,19.6,145,Primary Care,79,0.153,Insights,Insights,1,1,15.0,19.42,4.42,6.0,7.32,1.32
44,399,18.7,26,Cardiology,77,0.525,All,All,1,6,15.0,23.1,8.1,5.0,7.41,2.41
40,73,4.2,152,Primary Care,83,0.365,Email,Email,1,1,15.0,20.89,5.89,2.0,3.76,1.76
20,269,4.7,153,Neurology,94,0.513,All,All,0,0,14.0,14.08,0.08,7.0,7.29,0.29
39,324,16.9,55,Neurology,72,0.393,Call,Email,0,0,21.0,21.24,0.24,3.0,3.0,0.0
1,314,18.1,130,Primary Care,80,0.738,All,All,1,1,18.0,24.14,6.14,2.0,3.26,1.26
78,492,19.6,86,Primary Care,84,0.109,Email,Email,0,0,13.0,13.07,0.07,7.0,7.05,0.05
30,321,12.2,100,Oncology,80,0.224,Call,Email,0,0,14.0,14.34,0.34,5.0,5.1,0.1
61,344,5.4,66,Cardiology,99,0.496,Email,Call,1,1,9.0,11.21,2.21,4.0,5.11,1.11
77,17,5.6,150,Primary Care,85,0.339,All,Email,1,0,14.0,17.12,3.12,3.0,3.0,0.0
40,40,4.2,152,Oncology,81,0.522,Email,Call,0,0,17.0,17.75,0.75,2.0,2.04,0.04
69,310,19.6,188,Oncology,73,0.198,Call,Call,0,0,16.0,16.25,0.25,4.0,4.06,0.06
39,454,16.9,55,Cardiology,84,0.267,All,All,1,3,11.0,18.16,7.16,8.0,9.56,1.56
11,200,14.7,189,Primary Care,89,0.329,All,Call,1,1,16.0,24.23,8.23,6.0,7.97,1.97
3,322,1.5,33,Oncology,79,0.407,Insights,Insights,1,3,18.0,27.91,9.91,3.0,4.25,1.25
11,106,14.7,189,Cardiology,97,0.804,Insights,Call,0,0,15.0,16.97,1.97,5.0,5.01,0.01
76,229,1.2,80,Primary Care,81,0.425,Insights,Insights,0,0,17.0,17.29,0.29,2.0,2.04,0.04
39,376,16.9,55,Primary Care,85,0.101,Insights,Insights,1,1,13.0,16.14,3.14,0.0,1.38,1.38
26,330,8.4,99,Oncology,70,0.262,Call,Call,1,1,21.0,26.11,5.11,2.0,3.59,1.59
36,58,9.2,60,Neurology,80,0.07,Email,Email,1,2,16.0,21.77,5.77,3.0,4.54,1.54
21,440,6.0,31,Neurology,80,0.5,Call,Call,1,2,12.0,18.2,6.2,5.0,5.28,0.28
70,464,9.1,60,Cardiology,85,0.058,Email,Email,1,3,14.0,22.01,8.01,7.0,8.46,1.46
80,239,5.0,190,Cardiology,88,0.392,Call,Call,1,4,16.0,25.61,9.61,4.0,7.23,3.23
7,171,16.5,42,Neurology,79,0.107,Call,Call,1,4,17.0,22.48,5.48,2.0,4.23,2.23
58,266,14.5,120,Neurology,93,0.138,Email,Call,1,3,15.0,21.67,6.67,5.0,5.0,0.0
27,401,14.9,28,Primary Care,88,0.017,All,Call,1,6,22.0,34.13,12.13,6.0,8.42,2.42
4,227,15.7,136,Cardiology,83,0.278,All,All,0,0,11.0,11.58,0.58,3.0,3.02,0.02
74,16,19.7,62,Oncology,92,0.61,Insights,Insights,1,1,13.0,19.79,6.79,3.0,3.96,0.96
5,37,14.3,123,Cardiology,84,0.317,All,All,1,7,5.0,16.13,11.13,7.0,10.28,3.28
17,406,14.5,38,Primary Care,83,0.594,Call,Call,0,0,14.0,14.61,0.61,4.0,4.59,0.59
3,394,1.5,33,Oncology,78,0.317,Call,Call,1,0,20.0,23.83,3.83,3.0,3.63,0.63
38,387,2.6,161,Neurology,69,0.094,Email,Email,0,0,8.0,8.63,0.63,3.0,4.5,1.5
48,64,11.4,109,Primary Care,89,0.343,Insights,Insights,1,1,9.0,12.49,3.49,2.0,3.37,1.37
26,86,8.4,99,Oncology,83,0.564,Email,Email,1,0,9.0,17.26,8.26,6.0,6.67,0.67
6,198,11.4,159,Oncology,69,0.558,All,Insights,1,1,16.0,21.75,5.75,4.0,5.62,1.62
10,116,19.4,180,Oncology,75,0.172,Call,Call,0,0,16.0,16.25,0.25,6.0,6.04,0.04
75,194,10.3,91,Oncology,77,0.095,Call,Call,0,0,17.0,17.78,0.78,2.0,2.12,0.12
65,280,4.0,150,Cardiology,73,0.54,Insights,Insights,0,0,13.0,13.04,0.04,1.0,1.1,0.1
75,141,10.3,91,Cardiology,68,0.434,Call,Call,0,0,16.0,16.5,0.5,3.0,3.78,0.78
43,62,9.7,154,Neurology,83,0.649,All,Call,1,3,16.0,22.36,6.36,0.0,2.64,2.64
44,202,18.7,26,Oncology,69,0.55,Insights,Insights,1,4,8.0,14.95,6.95,4.0,6.8,2.8
63,362,15.4,190,Cardiology,86,0.334,All,Call,1,5,9.0,18.57,9.57,5.0,6.69,1.69
50,310,8.5,157,Oncology,73,0.198,Insights,Insights,0,0,12.0,12.16,0.16,2.0,2.01,0.01
35,161,17.5,101,Primary Care,69,0.591,Call,Call,1,5,9.0,14.98,5.98,2.0,3.84,1.84
24,156,5.7,177,Cardiology,82,0.277,Call,Call,1,2,21.0,25.69,4.69,1.0,2.59,1.59
39,292,16.9,55,Cardiology,67,0.446,All,All,1,3,12.0,17.27,5.27,3.0,5.52,2.52
6,87,11.4,159,Oncology,82,0.544,Call,Call,1,3,18.0,24.58,6.58,6.0,7.96,1.96
16,417,15.5,62,Oncology,73,0.794,Call,Call,1,4,12.0,18.44,6.44,6.0,6.82,0.82
59,435,17.8,73,Oncology,85,0.598,Email,Email,1,4,16.0,24.15,8.15,4.0,6.7,2.7
70,13,9.1,60,Cardiology,82,0.227,Insights,Insights,1,2,13.0,18.99,5.99,3.0,3.6,0.6
9,486,12.2,167,Neurology,83,0.187,Email,Email,1,1,14.0,15.97,1.97,9.0,9.93,0.93
8,12,17.0,116,Neurology,80,0.218,All,Insights,1,2,10.0,14.53,4.53,4.0,6.27,2.27
7,230,16.5,42,Primary Care,92,0.26,Email,Email,1,7,13.0,25.34,12.34,4.0,6.6,2.6
64,334,18.8,49,Oncology,87,0.118,Call,Email,1,2,17.0,20.76,3.76,3.0,4.26,1.26
25,164,10.3,198,Neurology,82,0.635,Email,Call,1,2,12.0,13.19,1.19,6.0,6.51,0.51
27,102,14.9,28,Neurology,84,0.344,Call,Call,1,1,10.0,16.44,6.44,2.0,2.0,0.0
1,24,18.1,130,Primary Care,92,0.605,Call,Call,1,2,15.0,22.46,7.46,2.0,3.16,1.16
78,364,19.6,86,Oncology,79,0.603,All,All,1,4,13.0,24.64,11.64,3.0,4.78,1.78
35,19,17.5,101,Primary Care,65,0.675,Email,Insights,1,0,24.0,28.96,4.96,2.0,2.0,0.0
64,243,18.8,49,Oncology,79,0.327,Call,Call,1,2,15.0,19.83,4.83,4.0,5.54,1.54
57,197,6.8,128,Primary Care,70,0.318,Email,Email,0,0,11.0,11.65,0.65,3.0,3.12,0.12
12,484,13.9,58,Oncology,81,0.394,Call,All,1,6,11.0,17.38,6.38,6.0,7.49,1.49
65,466,4.0,150,Neurology,82,0.66,All,Call,1,1,20.0,27.09,7.09,4.0,4.97,0.97
45,409,5.0,150,Primary Care,87,0.647,Call,Insights,0,0,18.0,18.13,0.13,3.0,3.04,0.04
49,366,14.2,24,Primary Care,63,0.338,All,Insights,1,0,6.0,11.73,5.73,6.0,6.0,0.0
17,272,14.5,38,Cardiology,76,0.329,Call,Call,1,5,17.0,26.43,9.43,3.0,6.2,3.2
68,175,3.4,153,Oncology,86,0.074,Call,Call,1,1,15.0,19.09,4.09,4.0,4.84,0.84
75,84,10.3,91,Cardiology,89,0.343,All,Email,0,0,16.0,16.14,0.14,3.0,3.4,0.4
33,485,7.1,115,Oncology,95,0.015,Email,Email,0,0,15.0,15.15,0.15,5.0,5.02,0.02
8,193,17.0,116,Cardiology,65,0.598,All,All,1,6,16.0,26.84,10.84,9.0,10.97,1.97
68,215,3.4,153,Oncology,88,0.42,Call,Call,1,5,17.0,28.26,11.26,3.0,6.2,3.2
71,71,11.1,124,Neurology,87,0.283,Call,Call,1,2,13.0,15.51,2.51,4.0,5.06,1.06
41,139,8.8,52,Primary Care,72,0.319,All,Email,1,2,10.0,15.67,5.67,5.0,6.8,1.8
47,318,19.6,145,Oncology,73,0.571,Call,Call,0,0,14.0,15.0,1.0,2.0,2.17,0.17
18,214,7.3,45,Primary Care,80,0.677,All,All,1,3,20.0,25.02,5.02,4.0,5.7,1.7
6,293,11.4,159,Neurology,74,0.229,All,Email,0,0,13.0,14.59,1.59,2.0,2.03,0.03
76,106,1.2,80,Cardiology,97,0.804,Call,Call,0,0,13.0,13.37,0.37,4.0,4.2,0.2
39,42,16.9,55,Oncology,78,0.55,Call,Call,1,2,15.0,19.66,4.66,4.0,4.2,0.2
22,443,19.0,38,Primary Care,86,0.185,All,Email,1,3,17.0,23.31,6.31,4.0,5.51,1.51
56,217,12.0,85,Cardiology,87,0.479,Email,Email,1,2,11.0,19.75,8.75,4.0,7.24,3.24
3,181,1.5,33,Primary Care,69,0.282,All,All,0,0,22.0,22.51,0.51,5.0,5.21,0.21
7,144,16.5,42,Primary Care,71,0.029,Email,Email,1,2,16.0,21.66,5.66,5.0,6.43,1.43
20,329,4.7,153,Cardiology,70,0.471,Email,Email,0,0,12.0,12.31,0.31,6.0,6.19,0.19
37,282,10.3,187,Primary Care,95,0.199,Insights,Insights,1,2,14.0,17.97,3.97,0.0,2.49,2.49
30,195,12.2,100,Primary Care,84,0.33,All,Call,1,1,19.0,23.27,4.27,8.0,8.65,0.65
15,466,5.6,103,Neurology,82,0.66,All,All,1,2,16.0,24.61,8.61,7.0,8.55,1.55
29,451,12.2,174,Neurology,74,0.702,Insights,Insights,1,5,11.0,19.64,8.64,3.0,5.46,2.46
27,100,14.9,28,Neurology,73,0.099,Call,Call,0,0,19.0,19.18,0.18,4.0,4.14,0.14
42,322,17.0,101,Oncology,79,0.407,Call,Call,0,0,10.0,12.43,2.43,2.0,2.34,0.34
46,485,14.6,60,Oncology,95,0.015,Email,Email,0,0,14.0,14.75,0.75,2.0,2.06,0.06
71,245,11.1,124,Cardiology,73,0.766,Call,Insights,1,5,18.0,24.84,6.84,2.0,3.39,1.39
65,16,4.0,150,Oncology,92,0.61,Call,Call,1,4,14.0,21.5,7.5,8.0,11.5,3.5
24,67,5.7,177,Oncology,87,0.465,Insights,Insights,1,2,17.0,27.41,10.41,1.0,3.04,2.04
73,334,9.5,80,Oncology,87,0.118,Email,All,1,8,13.0,18.73,5.73,5.0,7.41,2.41
42,451,17.0,101,Neurology,74,0.702,Email,Email,0,0,10.0,10.22,0.22,5.0,5.45,0.45
16,65,15.5,62,Cardiology,87,0.215,Insights,Insights,0,0,14.0,14.08,0.08,5.0,5.05,0.05
28,274,19.3,22,Primary Care,79,0.327,Email,Email,1,5,14.0,22.14,8.14,4.0,6.36,2.36
60,249,13.3,137,Oncology,95,0.217,All,Insights,0,0,18.0,18.08,0.08,4.0,4.2,0.2
66,143,3.4,187,Neurology,88,0.131,Call,Call,1,2,15.0,22.68,7.68,2.0,2.82,0.82
30,316,12.2,100,Oncology,78,0.34,Email,Email,0,0,17.0,17.33,0.33,4.0,4.01,0.01
13,439,7.9,51,Cardiology,74,0.493,All,All,1,6,18.0,25.04,7.04,2.0,5.56,3.56
16,120,15.5,62,Primary Care,76,0.259,Insights,Insights,0,0,17.0,17.92,0.92,4.0,4.7,0.7
9,28,12.2,167,Oncology,87,0.392,All,Call,0,0,18.0,18.01,0.01,2.0,2.41,0.41
56,180,12.0,85,Primary Care,79,0.23,Call,Call,1,2,10.0,17.68,7.68,3.0,4.8,1.8
41,158,8.8,52,Cardiology,88,0.423,Call,Call,1,3,13.0,22.09,9.09,1.0,3.62,2.62
37,364,10.3,187,Oncology,79,0.603,Insights,Insights,1,1,26.0,29.04,3.04,3.0,3.52,0.52
54,269,18.8,54,Neurology,94,0.513,Call,Insights,1,1,13.0,13.43,0.43,5.0,5.08,0.08
67,9,8.8,42,Oncology,79,0.443,Insights,Insights,1,1,19.0,23.63,4.63,1.0,3.28,2.28
64,170,18.8,49,Oncology,85,0.258,Call,Call,0,0,23.0,23.24,0.24,2.0,2.02,0.02
11,368,14.7,189,Cardiology,83,0.162,Call,Call,0,0,10.0,10.17,0.17,8.0,8.23,0.23
48,239,11.4,109,Cardiology,88,0.392,Email,Insights,1,3,13.0,18.24,5.24,5.0,7.14,2.14
71,282,11.1,124,Primary Care,95,0.199,All,All,1,3,18.0,25.53,7.53,5.0,7.21,2.21
62,133,11.3,183,Oncology,88,0.176,Call,Call,0,0,16.0,16.04,0.04,6.0,6.41,0.41
27,160,14.9,28,Primary Care,88,0.064,All,Insights,1,2,26.0,31.17,5.17,3.0,5.39,2.39
32,66,11.7,170,Neurology,84,0.648,Call,Call,1,1,19.0,22.69,3.69,5.0,6.72,1.72
72,41,5.3,163,Oncology,79,0.401,Call,Call,1,1,14.0,20.0,6.0,3.0,4.42,1.42
3,19,1.5,33,Primary Care,65,0.675,Call,Call,1,2,17.0,23.41,6.41,1.0,1.76,0.76
43,313,9.7,154,Primary Care,78,0.792,Insights,All,1,4,12.0,16.45,4.45,6.0,6.46,0.46
10,79,19.4,180,Neurology,91,0.237,All,Insights,1,2,18.0,22.94,4.94,6.0,7.46,1.46
72,287,5.3,163,Neurology,72,0.386,Call,Call,1,4,15.0,25.15,10.15,2.0,3.0,1.0
4,477,15.7,136,Primary Care,81,0.627,Call,Call,1,3,9.0,18.77,9.77,4.0,6.23,2.23
2,349,6.3,75,Primary Care,63,0.195,All,Call,0,0,13.0,13.8,0.8,1.0,1.12,0.12
27,288,14.9,28,Primary Care,84,0.271,Email,Insights,1,1,15.0,19.17,4.17,4.0,4.78,0.78
17,59,14.5,38,Cardiology,77,0.309,Insights,Insights,1,0,15.0,17.39,2.39,2.0,3.09,1.09
40,245,4.2,152,Cardiology,73,0.766,All,All,0,0,19.0,19.13,0.13,7.0,7.14,0.14
24,446,5.7,177,Primary Care,98,0.446,Call,Call,0,0,9.0,9.29,0.29,1.0,1.25,0.25
29,193,12.2,174,Cardiology,65,0.598,Insights,Insights,1,3,17.0,22.03,5.03,5.0,6.8,1.8
46,414,14.6,60,Primary Care,80,0.738,All,Email,1,2,17.0,24.2,7.2,2.0,3.38,1.38
45,355,5.0,150,Cardiology,79,0.655,Email,Email,1,5,14.0,22.4,8.4,2.0,4.75,2.75
75,134,10.3,91,Neurology,80,0.588,Call,Call,1,5,18.0,28.46,10.46,2.0,4.11,2.11
39,71,16.9,55,Neurology,87,0.283,Call,Call,1,3,6.0,15.16,9.16,1.0,2.98,1.98
46,9,14.6,60,Oncology,79,0.443,All,Call,1,1,12.0,17.87,5.87,3.0,4.49,1.49
55,139,12.2,128,Primary Care,72,0.319,Insights,Insights,0,0,14.0,15.29,1.29,2.0,2.09,0.09
14,167,1.0,123,Primary Care,82,0.32,Call,Call,0,0,10.0,10.48,0.48,4.0,4.07,0.07
54,328,18.8,54,Cardiology,83,0.37,Call,Call,1,3,13.0,21.13,8.13,3.0,4.51,1.51
69,287,19.6,188,Neurology,72,0.386,Email,Email,0,0,14.0,14.02,0.02,5.0,5.77,0.77
26,240,8.4,99,Primary Care,61,0.169,Email,Call,1,6,19.0,24.12,5.12,4.0,5.91,1.91
15,362,5.6,103,Cardiology,86,0.334,Email,Email,1,6,13.0,26.44,13.44,4.0,6.34,2.34
28,386,19.3,22,Cardiology,87,0.372,Email,Email,1,5,18.0,30.06,12.06,7.0,9.13,2.13
23,357,8.9,67,Primary Care,73,0.27,Email,Email,0,0,14.0,14.04,0.04,4.0,4.12,0.12
47,449,19.6,145,Oncology,71,0.266,Insights,Call,0,0,20.0,20.29,0.29,2.0,2.03,0.03
70,180,9.1,60,Primary Care,79,0.23,Insights,Insights,1,3,21.0,30.35,9.35,4.0,5.77,1.77
48,412,11.4,109,Neurology,76,0.38,Email,Email,1,1,16.0,24.19,8.19,3.0,3.91,0.91
11,211,14.7,189,Cardiology,92,0.527,Insights,Insights,1,1,17.0,24.82,7.82,5.0,6.6,1.6
26,93,8.4,99,Primary Care,92,0.396,Email,Email,1,6,12.0,22.39,10.39,5.0,7.42,2.42
56,73,12.0,85,Primary Care,83,0.365,Call,Call,1,6,14.0,25.41,11.41,8.0,10.6,2.6
27,46,14.9,28,Neurology,90,0.647,All,Insights,1,3,20.0,26.18,6.18,4.0,5.89,1.89
47,478,19.6,145,Cardiology,95,0.507,Insights,Insights,0,0,9.0,9.76,0.76,5.0,5.01,0.01
56,85,12.0,85,Primary Care,100,0.396,Email,Email,0,0,19.0,19.34,0.34,4.0,4.1,0.1
27,418,14.9,28,Cardiology,83,0.342,Call,Call,1,3,9.0,15.33,6.33,2.0,3.47,1.47
52,392,18.3,191,Primary Care,77,0.126,Insights,Insights,1,1,22.0,26.91,4.91,2.0,2.0,0.0
32,220,11.7,170,Cardiology,75,0.559,Email,Email,1,4,16.0,23.12,7.12,5.0,6.53,1.53
11,457,14.7,189,Neurology,105,0.438,All,All,1,6,12.0,24.76,12.76,4.0,7.44,3.44
30,455,12.2,100,Cardiology,81,0.852,Call,Call,1,3,13.0,18.92,5.92,6.0,6.93,0.93
36,463,9.2,60,Neurology,64,0.253,Email,Email,1,2,12.0,21.48,9.48,5.0,5.78,0.78
1,249,18.1,130,Oncology,95,0.217,Insights,Insights,1,0,20.0,25.26,5.26,5.0,5.74,0.74
72,150,5.3,163,Neurology,72,0.618,Insights,Insights,1,0,11.0,14.39,3.39,7.0,8.26,1.26
43,22,9.7,154,Primary Care,76,0.2,Call,Call,0,0,15.0,15.34,0.34,1.0,1.13,0.13
3,421,1.5,33,Primary Care,82,0.174,All,Call,1,1,23.0,27.71,4.71,5.0,5.8,0.8
70,437,9.1,60,Oncology,82,0.121,All,All,1,3,14.0,20.93,6.93,3.0,5.67,2.67
69,269,19.6,188,Neurology,94,0.513,Email,Email,1,1,15.0,20.11,5.11,2.0,3.34,1.34
1,36,18.1,130,Oncology,95,0.734,Email,Email,1,3,10.0,17.02,7.02,3.0,5.34,2.34
14,412,1.0,123,Neurology,76,0.38,Call,Call,0,0,15.0,15.46,0.46,3.0,3.22,0.22
30,150,12.2,100,Neurology,72,0.618,Insights,Insights,1,3,12.0,20.21,8.21,4.0,5.4,1.4
41,275,8.8,52,Cardiology,94,0.648,Insights,Call,1,2,9.0,15.19,6.19,7.0,8.58,1.58
59,330,17.8,73,Oncology,70,0.262,Call,Call,1,2,17.0,21.51,4.51,6.0,7.67,1.67
34,73,1.0,82,Primary Care,83,0.365,All,Insights,1,3,17.0,24.21,7.21,2.0,4.22,2.22
49,32,14.2,24,Cardiology,67,0.366,Call,Call,1,6,19.0,25.8,6.8,2.0,5.11,3.11
1,40,18.1,130,Oncology,81,0.522,All,All,1,1,13.0,17.33,4.33,2.0,3.7,1.7
53,480,14.4,171,Primary Care,86,0.362,All,Call,1,0,13.0,20.19,7.19,3.0,3.65,0.65
74,479,19.7,62,Neurology,91,0.661,Email,Email,1,1,15.0,22.23,7.23,7.0,7.58,0.58
43,214,9.7,154,Primary Care,80,0.677,Email,Email,0,0,13.0,13.65,0.65,7.0,7.02,0.02
37,213,10.3,187,Cardiology,83,0.393,Email,Email,1,5,7.0,14.63,7.63,3.0,5.28,2.28
24,204,5.7,177,Primary Care,73,0.492,All,All,0,0,18.0,18.49,0.49,3.0,3.23,0.23
77,176,5.6,150,Primary Care,83,0.723,Call,Call,0,0,14.0,14.68,0.68,3.0,3.4,0.4
3,272,1.5,33,Cardiology,76,0.329,All,Insights,1,0,11.0,16.54,5.54,5.0,6.38,1.38
23,179,8.9,67,Cardiology,81,0.096,Call,Call,1,3,18.0,27.16,9.16,4.0,5.92,1.92
12,309,13.9,58,Primary Care,92,0.488,Call,Insights,0,0,12.0,12.59,0.59,3.0,3.09,0.09
70,190,9.1,60,Primary Care,84,0.621,All,Email,1,5,15.0,25.78,10.78,1.0,3.59,2.59
39,315,16.9,55,Primary Care,75,0.354,Call,Call,0,0,21.0,21.26,0.26,3.0,3.02,0.02
74,473,19.7,62,Oncology,95,0.199,All,Insights,1,2,16.0,23.15,7.15,7.0,7.52,0.52
54,103,18.8,54,Cardiology,67,0.095,Call,Call,0,0,10.0,10.01,0.01,5.0,5.31,0.31
45,32,5.0,150,Cardiology,67,0.366,Email,Email,1,0,16.0,22.21,6.21,6.0,6.0,0.0
42,264,17.0,101,Primary Care,85,0.184,Email,Email,0,0,12.0,12.54,0.54,2.0,2.53,0.53
17,60,14.5,38,Neurology,96,0.578,Email,Email,1,2,14.0,22.88,8.88,4.0,6.43,2.43
45,116,5.0,150,Oncology,75,0.172,All,All,1,3,8.0,18.6,10.6,5.0,6.79,1.79
55,395,12.2,128,Primary Care,82,0.363,Call,Call,1,3,17.0,22.14,5.14,12.0,13.81,1.81
78,209,19.6,86,Primary Care,77,0.116,Call,Call,1,3,16.0,20.7,4.7,3.0,4.92,1.92
44,275,18.7,26,Cardiology,94,0.648,Email,Call,1,3,16.0,23.22,7.22,3.0,3.0,0.0
76,389,1.2,80,Oncology,80,0.152,Insights,Email,1,3,17.0,20.88,3.88,7.0,7.74,0.74
76,65,1.2,80,Cardiology,87,0.215,All,All,0,0,10.0,10.24,0.24,11.0,11.05,0.05
42,240,17.0,101,Primary Care,61,0.169,Insights,Insights,1,3,15.0,23.3,8.3,4.0,5.78,1.78
36,18,9.2,60,Neurology,84,0.29,All,Call,1,3,3.0,9.11,6.11,5.0,6.77,1.77
12,250,13.9,58,Cardiology,91,0.692,Email,Email,1,2,15.0,22.03,7.03,6.0,7.61,1.61
22,113,19.0,38,Neurology,73,0.145,Email,Email,0,0,12.0,12.81,0.81,7.0,7.03,0.03
71,456,11.1,124,Cardiology,75,0.223,Insights,Insights,0,0,10.0,10.12,0.12,6.0,6.1,0.1
12,131,13.9,58,Neurology,69,0.687,Call,Call,1,4,17.0,26.11,9.11,3.0,5.64,2.64
32,101,11.7,170,Cardiology,69,0.507,Insights,Insights,0,0,13.0,14.5,1.5,1.0,1.52,0.52
56,8,12.0,85,Oncology,84,0.211,All,Email,0,0,16.0,18.29,2.29,8.0,8.33,0.33
20,67,4.7,153,Oncology,87,0.465,Email,Email,1,3,12.0,19.56,7.56,4.0,5.7,1.7
78,109,19.6,86,Neurology,75,0.083,All,Call,1,2,14.0,19.85,5.85,6.0,7.7,1.7
52,115,18.3,191,Oncology,61,0.56,Email,Email,1,5,18.0,26.27,8.27,1.0,4.32,3.32
3,370,1.5,33,Neurology,75,0.29,Insights,Insights,0,0,18.0,20.0,2.0,3.0,3.03,0.03
20,444,4.7,153,Oncology,81,0.234,Call,Email,0,0,19.0,19.68,0.68,3.0,3.2,0.2
60,428,13.3,137,Neurology,76,0.716,Insights,Insights,1,2,16.0,24.89,8.89,3.0,4.13,1.13
70,479,9.1,60,Neurology,91,0.661,Email,Email,1,4,16.0,25.11,9.11,3.0,4.22,1.22
75,450,10.3,91,Neurology,92,0.263,All,Email,1,1,9.0,17.97,8.97,2.0,3.11,1.11
69,228,19.6,188,Cardiology,78,0.41,All,Call,1,4,20.0,28.61,8.61,2.0,3.52,1.52
6,195,11.4,159,Primary Care,84,0.33,Insights,Insights,0,0,13.0,13.15,0.15,4.0,4.04,0.04
59,325,17.8,73,Neurology,75,0.759,Insights,Insights,0,0,12.0,14.16,2.16,6.0,6.08,0.08
9,160,12.2,167,Primary Care,88,0.064,Insights,Insights,0,0,20.0,20.4,0.4,5.0,5.04,0.04
7,302,16.5,42,Primary Care,86,0.283,Insights,Insights,1,0,15.0,17.76,2.76,1.0,1.0,0.0
56,500,12.0,85,Neurology,86,0.438,Insights,Insights,0,0,24.0,24.98,0.98,4.0,4.12,0.12
39,100,16.9,55,Neurology,73,0.099,Insights,Email,0,0,15.0,15.12,0.12,7.0,7.2,0.2
52,385,18.3,191,Primary Care,88,0.763,All,All,0,0,14.0,14.89,0.89,7.0,7.1,0.1
69,468,19.6,188,Primary Care,86,0.101,Insights,Insights,0,0,21.0,22.66,1.66,4.0,4.45,0.45
6,269,11.4,159,Neurology,94,0.513,Email,Email,1,3,14.0,24.04,10.04,1.0,2.78,1.78
43,179,9.7,154,Cardiology,81,0.096,All,Call,1,2,12.0,14.3,2.3,5.0,6.48,1.48
67,128,8.8,42,Primary Care,68,0.624,Email,Email,1,2,19.0,27.58,8.58,3.0,4.22,1.22
36,84,9.2,60,Cardiology,89,0.343,Email,Email,0,0,17.0,17.2,0.2,6.0,6.03,0.03
42,161,17.0,101,Primary Care,69,0.591,All,All,1,4,11.0,19.85,8.85,1.0,3.7,2.7
40,374,4.2,152,Oncology,77,0.751,Email,Email,0,0,15.0,15.05,0.05,3.0,3.28,0.28
73,258,9.5,80,Oncology,69,0.395,Email,Email,1,2,15.0,18.93,3.93,3.0,5.19,2.19
4,111,15.7,136,Cardiology,80,0.346,Insights,Insights,0,0,23.0,23.03,0.03,3.0,3.1,0.1
71,272,11.1,124,Cardiology,76,0.329,All,Insights,0,0,18.0,18.16,0.16,4.0,4.45,0.45
66,405,3.4,187,Oncology,74,0.549,Email,Call,1,3,12.0,19.06,7.06,4.0,4.0,0.0
66,7,3.4,187,Cardiology,78,0.528,Call,Call,1,4,19.0,27.35,8.35,4.0,5.26,1.26
33,11,7.1,115,Primary Care,81,0.098,Email,All,0,0,13.0,13.78,0.78,5.0,5.24,0.24
42,480,17.0,101,Primary Care,86,0.362,Call,Call,0,0,19.0,19.61,0.61,2.0,2.01,0.01
30,375,12.2,100,Cardiology,77,0.043,Call,Call,1,3,14.0,20.12,6.12,6.0,6.98,0.98
21,288,6.0,31,Primary Care,84,0.271,Email,Email,1,1,18.0,23.27,5.27,4.0,5.83,1.83
71,454,11.1,124,Cardiology,84,0.267,All,All,0,0,16.0,16.13,0.13,2.0,2.02,0.02
41,295,8.8,52,Primary Care,84,0.131,Insights,Insights,1,0,18.0,23.45,5.45,3.0,4.12,1.12
58,261,14.5,120,Primary Care,92,0.673,All,Call,1,0,13.0,15.98,2.98,3.0,4.17,1.17
9,106,12.2,167,Cardiology,97,0.804,All,All,0,0,14.0,14.06,0.06,4.0,4.35,0.35
64,406,18.8,49,Primary Care,83,0.594,All,All,0,0,15.0,15.6,0.6,3.0,3.04,0.04
53,383,14.4,171,Cardiology,73,0.163,All,Insights,1,1,14.0,15.82,1.82,6.0,7.17,1.17
80,148,5.0,190,Neurology,80,0.513,Call,Call,0,0,18.0,18.57,0.57,3.0,3.41,0.41
11,369,14.7,189,Oncology,91,0.499,All,Call,0,0,17.0,17.84,0.84,0.0,0.15,0.15
44,364,18.7,26,Oncology,79,0.603,Insights,Insights,1,2,17.0,23.26,6.26,7.0,9.02,2.02
41,48,8.8,52,Neurology,89,0.023,Call,Call,1,4,17.0,27.91,10.91,1.0,2.37,1.37
44,81,18.7,26,Cardiology,93,0.439,Call,Insights,0,0,15.0,15.22,0.22,4.0,4.05,0.05
5,298,14.3,123,Oncology,79,0.701,Call,Call,0,0,11.0,11.81,0.81,3.0,3.13,0.13
38,312,2.6,161,Neurology,66,0.714,Call,Call,0,0,14.0,14.09,0.09,4.0,4.03,0.03
24,330,5.7,177,Oncology,70,0.262,All,Call,1,3,13.0,19.77,6.77,3.0,5.13,2.13
50,187,8.5,157,Cardiology,100,0.246,Call,Insights,1,2,23.0,28.95,5.95,1.0,1.86,0.86
19,418,12.9,81,Cardiology,83,0.342,Call,Insights,0,0,14.0,14.21,0.21,1.0,1.44,0.44
35,223,17.5,101,Oncology,99,0.726,Email,Email,1,3,15.0,21.48,6.48,6.0,8.39,2.39
50,104,8.5,157,Neurology,82,0.246,All,Call,0,0,14.0,14.3,0.3,7.0,7.21,0.21
6,58,11.4,159,Neurology,80,0.07,Call,Call,1,0,21.0,24.5,3.5,6.0,7.11,1.11
63,439,15.4,190,Cardiology,74,0.493,Call,Call,1,5,15.0,23.33,8.33,4.0,6.5,2.5
58,354,14.5,120,Cardiology,77,0.52,All,Email,1,4,9.0,17.38,8.38,5.0,6.19,1.19
5,231,14.3,123,Oncology,78,0.528,All,Call,0,0,15.0,15.22,0.22,1.0,1.45,0.45
6,105,11.4,159,Cardiology,70,0.342,Insights,All,1,3,19.0,23.33,4.33,2.0,2.08,0.08
69,49,19.6,188,Primary Care,72,0.425,Insights,Insights,1,4,11.0,19.29,8.29,2.0,3.9,1.9
23,77,8.9,67,Neurology,75,0.827,Email,Email,1,2,12.0,18.8,6.8,4.0,5.56,1.56
69,53,19.6,188,Cardiology,81,0.762,All,Email,1,3,20.0,24.38,4.38,2.0,3.09,1.09
40,265,4.2,152,Cardiology,79,0.42,Insights,Insights,0,0,12.0,12.84,0.84,4.0,4.05,0.05
28,99,19.3,22,Neurology,72,0.758,All,All,1,2,9.0,12.66,3.66,11.0,13.35,2.35
22,64,19.0,38,Primary Care,89,0.343,Email,Email,1,1,24.0,29.52,5.52,2.0,2.88,0.88
53,142,14.4,171,Cardiology,86,0.277,Insights,Insights,0,0,7.0,8.02,1.02,3.0,3.03,0.03
9,350,12.2,167,Neurology,82,0.491,Call,All,1,4,18.0,22.57,4.57,5.0,6.99,1.99
33,249,7.1,115,Oncology,95,0.217,Call,Call,0,0,15.0,15.09,0.09,4.0,4.21,0.21
28,77,19.3,22,Neurology,75,0.827,Insights,Call,1,4,8.0,10.41,2.41,4.0,5.27,1.27
13,375,7.9,51,Cardiology,77,0.043,All,Call,0,0,11.0,11.68,0.68,7.0,7.2,0.2
29,245,12.2,174,Cardiology,73,0.766,Call,Email,0,0,15.0,15.88,0.88,2.0,2.18,0.18
43,94,9.7,154,Cardiology,64,0.307,All,All,1,5,23.0,27.45,4.45,6.0,7.88,1.88
55,346,12.2,128,Neurology,88,0.173,Email,Email,1,3,16.0,24.35,8.35,2.0,3.19,1.19
7,497,16.5,42,Oncology,60,0.533,Insights,Email,1,2,12.0,12.0,0.0,7.0,8.92,1.92
70,271,9.1,60,Neurology,87,0.401,Email,Email,1,5,18.0,27.92,9.92,6.0,8.83,2.83
71,81,11.1,124,Cardiology,93,0.439,Call,All,1,2,9.0,13.82,4.82,4.0,5.9,1.9
56,155,12.0,85,Primary Care,70,0.546,All,All,1,9,13.0,25.02,12.02,0.0,3.51,3.51
74,300,19.7,62,Cardiology,75,0.621,Email,Email,1,2,20.0,26.32,6.32,4.0,6.22,2.22
35,500,17.5,101,Neurology,86,0.438,All,All,1,1,18.0,26.78,8.78,7.0,7.73,0.73
66,465,3.4,187,Neurology,83,0.399,Call,Call,1,2,11.0,16.52,5.52,2.0,2.57,0.57
59,467,17.8,73,Neurology,82,0.399,Insights,Insights,0,0,14.0,14.35,0.35,3.0,3.23,0.23
46,417,14.6,60,Oncology,73,0.794,Email,Email,1,4,17.0,28.03,11.03,1.0,3.67,2.67
15,288,5.6,103,Primary Care,84,0.271,Insights,Insights,0,0,10.0,10.33,0.33,3.0,3.09,0.09
45,324,5.0,150,Neurology,72,0.393,All,Insights,0,0,21.0,21.27,0.27,2.0,2.36,0.36
73,367,9.5,80,Primary Care,96,0.438,Insights,Insights,1,1,20.0,23.19,3.19,2.0,2.84,0.84
79,358,19.8,87,Neurology,85,0.659,Call,All,1,7,21.0,24.48,3.48,0.0,2.19,2.19
36,320,9.2,60,Neurology,76,0.818,All,Call,0,0,16.0,16.65,0.65,5.0,5.44,0.44
20,68,4.7,153,Primary Care,67,0.536,All,All,0,0,20.0,20.76,0.76,1.0,1.19,0.19
60,440,13.3,137,Neurology,80,0.5,Email,Call,1,2,16.0,19.04,3.04,6.0,6.64,0.64
7,5,16.5,42,Primary Care,67,0.622,Insights,Insights,1,4,17.0,23.86,6.86,5.0,6.38,1.38
13,213,7.9,51,Cardiology,83,0.393,Insights,Insights,1,2,20.0,23.48,3.48,2.0,3.64,1.64
45,218,5.0,150,Cardiology,77,0.354,All,Email,1,6,12.0,22.44,10.44,4.0,6.93,2.93
80,499,5.0,190,Oncology,68,0.052,Call,Call,1,1,16.0,20.43,4.43,1.0,1.24,0.24
27,45,14.9,28,Primary Care,74,0.138,Call,Insights,0,0,13.0,13.33,0.33,1.0,1.49,0.49
36,238,9.2,60,Cardiology,63,0.275,All,Email,1,2,14.0,19.14,5.14,3.0,3.55,0.55
26,179,8.4,99,Cardiology,81,0.096,Insights,Insights,0,0,13.0,13.01,0.01,4.0,4.38,0.38
36,49,9.2,60,Primary Care,72,0.425,Insights,Call,1,5,19.0,26.04,7.04,4.0,5.63,1.63
1,112,18.1,130,Neurology,67,0.565,All,All,1,4,9.0,15.83,6.83,0.0,2.29,2.29
48,212,11.4,109,Cardiology,70,0.076,Email,Email,1,1,18.0,24.33,6.33,6.0,6.64,0.64
48,459,11.4,109,Oncology,84,0.196,Call,Email,0,0,11.0,12.59,1.59,2.0,2.32,0.32
26,195,8.4,99,Primary Care,84,0.33,All,All,1,4,14.0,21.17,7.17,2.0,4.13,2.13
22,441,19.0,38,Oncology,82,0.069,All,All,1,7,18.0,30.43,12.43,3.0,6.14,3.14
61,367,5.4,66,Primary Care,96,0.438,All,Call,1,4,14.0,24.66,10.66,2.0,5.14,3.14
16,410,15.5,62,Neurology,93,0.263,Insights,Insights,1,2,13.0,21.26,8.26,5.0,5.93,0.93
4,427,15.7,136,Oncology,85,0.282,Call,All,1,3,12.0,17.09,5.09,8.0,9.18,1.18
4,357,15.7,136,Primary Care,73,0.27,Call,Call,1,4,10.0,17.74,7.74,6.0,8.01,2.01
71,367,11.1,124,Primary Care,96,0.438,Email,Email,0,0,17.0,17.41,0.41,6.0,6.2,0.2
30,78,12.2,100,Oncology,75,0.333,All,All,0,0,12.0,12.15,0.15,3.0,3.08,0.08
9,359,12.2,167,Cardiology,90,0.489,Email,Email,0,0,9.0,9.6,0.6,0.0,0.1,0.1
71,25,11.1,124,Primary Care,87,0.422,Insights,Insights,0,0,12.0,12.05,0.05,0.0,0.25,0.25
12,369,13.9,58,Oncology,91,0.499,Call,Call,0,0,22.0,22.22,0.22,2.0,2.17,0.17
27,327,14.9,28,Neurology,80,0.283,Email,Email,1,1,15.0,18.63,3.63,5.0,6.25,1.25
2,379,6.3,75,Oncology,88,0.243,Call,All,1,2,12.0,15.95,3.95,5.0,5.93,0.93
55,322,12.2,128,Oncology,79,0.407,Insights,Insights,1,3,20.0,24.77,4.77,7.0,8.58,1.58
56,185,12.0,85,Cardiology,94,0.671,Email,Email,0,0,15.0,15.1,0.1,1.0,1.14,0.14
61,185,5.4,66,Cardiology,94,0.671,All,Call,0,0,14.0,14.12,0.12,3.0,3.42,0.42
22,299,19.0,38,Oncology,81,0.553,All,Email,1,2,12.0,17.0,5.0,4.0,5.77,1.77
27,237,14.9,28,Primary Care,69,0.497,Email,All,1,3,13.0,18.01,5.01,5.0,6.4,1.4
76,171,1.2,80,Neurology,79,0.107,All,Call,1,3,10.0,18.13,8.13,2.0,3.58,1.58
66,245,3.4,187,Cardiology,73,0.766,Call,Call,1,5,17.0,25.0,8.0,8.0,9.72,1.72
3,269,1.5,33,Neurology,94,0.513,Email,Email,1,5,11.0,21.35,10.35,1.0,3.12,2.12
56,120,12.0,85,Primary Care,76,0.259,Call,Call,0,0,19.0,19.23,0.23,8.0,8.34,0.34
66,320,3.4,187,Neurology,76,0.818,All,Call,1,2,18.0,23.48,5.48,1.0,3.14,2.14
45,158,5.0,150,Cardiology,88,0.423,Insights,Insights,0,0,8.0,9.35,1.35,6.0,6.33,0.33
52,134,18.3,191,Neurology,80,0.588,Email,Insights,1,2,18.0,21.01,3.01,4.0,5.88,1.88
1,210,18.1,130,Neurology,81,0.65,All,All,1,3,13.0,17.26,4.26,3.0,3.57,0.57
3,52,1.5,33,Cardiology,70,0.308,All,Email,1,3,16.0,25.94,9.94,3.0,5.86,2.86
3,302,1.5,33,Primary Care,86,0.283,All,Call,1,0,17.0,23.05,6.05,4.0,4.24,0.24
13,367,7.9,51,Primary Care,96,0.438,Insights,All,1,3,14.0,22.49,8.49,3.0,5.06,2.06
80,478,5.0,190,Cardiology,95,0.507,All,All,1,6,15.0,27.8,12.8,2.0,4.7,2.7
51,142,15.3,66,Cardiology,86,0.277,Insights,Insights,1,3,16.0,23.88,7.88,6.0,8.72,2.72
63,270,15.4,190,Primary Care,86,0.471,Email,Email,1,8,13.0,22.43,9.43,3.0,5.15,2.15
24,252,5.7,177,Cardiology,74,0.789,All,Insights,1,0,16.0,21.53,5.53,5.0,6.18,1.18
76,366,1.2,80,Primary Care,63,0.338,Call,Call,1,5,13.0,23.38,10.38,6.0,8.95,2.95
16,313,15.5,62,Primary Care,78,0.792,All,Call,1,3,18.0,23.4,5.4,2.0,4.0,2.0
73,404,9.5,80,Primary Care,83,0.092,Insights,Insights,0,0,11.0,11.82,0.82,2.0,2.28,0.28
3,426,1.5,33,Cardiology,80,0.166,Call,Call,1,3,11.0,18.42,7.42,4.0,6.46,2.46
2,57,6.3,75,Neurology,74,0.438,Email,Email,0,0,12.0,12.1,0.1,3.0,3.14,0.14
7,178,16.5,42,Oncology,75,0.326,Insights,Insights,1,4,21.0,29.81,8.81,4.0,5.85,1.85
64,327,18.8,49,Neurology,80,0.283,All,Call,0,0,9.0,9.87,0.87,6.0,6.11,0.11
21,272,6.0,31,Cardiology,76,0.329,All,All,1,6,12.0,20.54,8.54,4.0,7.34,3.34
37,242,10.3,187,Primary Care,74,0.264,Insights,Email,0,0,16.0,16.28,0.28,3.0,3.34,0.34
38,87,2.6,161,Oncology,82,0.544,Email,Email,1,0,10.0,11.97,1.97,3.0,4.28,1.28
64,287,18.8,49,Neurology,72,0.386,Call,Email,0,0,16.0,16.42,0.42,1.0,1.29,0.29
28,371,19.3,22,Oncology,79,0.598,All,All,1,2,9.0,15.57,6.57,1.0,2.66,1.66
1,20,18.1,130,Primary Care,75,0.121,Call,Call,1,9,10.0,21.83,11.83,2.0,5.47,3.47
31,296,7.9,33,Oncology,68,0.223,All,All,1,2,16.0,23.62,7.62,2.0,4.14,2.14
24,454,5.7,177,Cardiology,84,0.267,Call,Call,0,0,20.0,20.22,0.22,7.0,7.03,0.03
59,287,17.8,73,Neurology,72,0.386,Email,Email,1,4,19.0,27.25,8.25,4.0,6.19,2.19
61,477,5.4,66,Primary Care,81,0.627,Insights,Insights,0,0,14.0,14.09,0.09,5.0,5.03,0.03
8,177,17.0,116,Neurology,75,0.61,Insights,Insights,1,1,22.0,29.37,7.37,8.0,10.0,2.0
64,2,18.8,49,Neurology,86,0.643,Insights,Insights,1,0,11.0,16.24,5.24,2.0,2.0,0.0
6,342,11.4,159,Oncology,83,0.431,Call,Call,0,0,10.0,10.05,0.05,7.0,7.31,0.31
50,107,8.5,157,Primary Care,71,0.345,All,All,1,5,13.0,21.07,8.07,3.0,5.16,2.16
32,5,11.7,170,Primary Care,67,0.622,Call,Call,1,2,20.0,28.14,8.14,4.0,5.76,1.76
25,91,10.3,198,Neurology,80,0.394,All,Email,1,4,11.0,18.96,7.96,3.0,4.05,1.05
39,468,16.9,55,Primary Care,86,0.101,Insights,Insights,0,0,18.0,19.54,1.54,6.0,6.05,0.05
25,391,10.3,198,Cardiology,83,0.754,Call,Call,1,4,11.0,19.25,8.25,4.0,6.91,2.91
64,138,18.8,49,Neurology,74,0.142,Insights,All,1,4,17.0,24.39,7.39,2.0,4.02,2.02
78,300,19.6,86,Cardiology,75,0.621,Insights,Insights,1,3,15.0,20.7,5.7,5.0,6.7,1.7
66,170,3.4,187,Oncology,85,0.258,Insights,Insights,1,2,14.0,18.74,4.74,2.0,4.57,2.57
36,89,9.2,60,Primary Care,91,0.808,Insights,Insights,1,2,17.0,23.18,6.18,5.0,6.58,1.58
41,495,8.8,52,Oncology,68,0.358,Email,Email,1,0,10.0,12.85,2.85,1.0,2.03,1.03
36,407,9.2,60,Primary Care,87,0.244,All,All,1,6,13.0,24.74,11.74,8.0,10.41,2.41
64,182,18.8,49,Neurology,70,0.403,Call,Call,0,0,16.0,16.35,0.35,5.0,5.42,0.42
45,177,5.0,150,Neurology,75,0.61,Email,Email,0,0,15.0,15.19,0.19,6.0,6.25,0.25
38,408,2.6,161,Cardiology,85,0.605,All,Insights,0,0,8.0,8.16,0.16,2.0,2.19,0.19
33,231,7.1,115,Oncology,78,0.528,Email,Email,0,0,14.0,14.31,0.31,3.0,3.04,0.04
31,189,7.9,33,Neurology,77,0.106,All,All,1,4,11.0,20.61,9.61,3.0,5.42,2.42
45,194,5.0,150,Oncology,77,0.095,Call,Call,0,0,9.0,9.9,0.9,5.0,5.3,0.3
56,224,12.0,85,Neurology,77,0.28,Call,Call,1,3,18.0,23.18,5.18,3.0,5.7,2.7
35,261,17.5,101,Primary Care,92,0.673,Email,Email,1,2,17.0,25.62,8.62,9.0,10.3,1.3
65,21,4.0,150,Cardiology,74,0.415,Email,Email,0,0,14.0,14.35,0.35,3.0,3.0,0.0
67,241,8.8,42,Cardiology,79,0.319,Email,Email,1,2,17.0,20.92,3.92,2.0,3.28,1.28
35,220,17.5,101,Cardiology,75,0.559,Email,Email,1,3,17.0,22.71,5.71,3.0,4.64,1.64
73,138,9.5,80,Neurology,74,0.142,Call,Call,1,1,19.0,22.74,3.74,3.0,4.07,1.07
14,178,1.0,123,Oncology,75,0.326,Call,Call,0,0,17.0,17.38,0.38,2.0,2.16,0.16
75,213,10.3,91,Cardiology,83,0.393,Call,Call,1,2,17.0,21.58,4.58,5.0,7.22,2.22
24,184,5.7,177,Neurology,88,0.178,Email,Email,1,2,12.0,19.27,7.27,3.0,5.41,2.41
46,455,14.6,60,Cardiology,81,0.852,Email,Email,0,0,20.0,20.1,0.1,7.0,7.05,0.05
23,265,8.9,67,Cardiology,79,0.42,Email,Email,1,5,14.0,23.44,9.44,4.0,6.93,2.93
36,252,9.2,60,Cardiology,74,0.789,Email,Email,1,1,17.0,22.97,5.97,4.0,4.59,0.59
28,132,19.3,22,Oncology,73,0.254,Call,Call,1,3,17.0,26.17,9.17,4.0,5.76,1.76
57,459,6.8,128,Oncology,84,0.196,Email,All,0,0,21.0,21.34,0.34,7.0,7.54,0.54
7,12,16.5,42,Neurology,80,0.218,Call,All,1,6,12.0,17.38,5.38,6.0,7.61,1.61
68,276,3.4,153,Neurology,76,0.252,All,Email,1,2,16.0,23.21,7.21,3.0,4.74,1.74
73,85,9.5,80,Primary Care,100,0.396,Call,Call,1,5,13.0,25.12,12.12,3.0,4.79,1.79
46,385,14.6,60,Primary Care,88,0.763,Email,Email,1,6,15.0,25.81,10.81,6.0,9.24,3.24
44,190,18.7,26,Primary Care,84,0.621,Insights,Insights,0,0,15.0,15.92,0.92,3.0,3.35,0.35
56,147,12.0,85,Cardiology,86,0.24,Call,All,0,0,17.0,18.91,1.91,4.0,4.19,0.19
16,29,15.5,62,Oncology,75,0.618,Email,Email,1,5,16.0,24.03,8.03,2.0,2.81,0.81
60,396,13.3,137,Oncology,61,0.217,All,All,1,4,14.0,20.73,6.73,3.0,5.0,2.0
18,199,7.3,45,Primary Care,88,0.233,All,All,0,0,12.0,12.41,0.41,6.0,6.02,0.02
55,133,12.2,128,Oncology,88,0.176,All,Call,1,4,21.0,30.55,9.55,2.0,4.81,2.81
25,423,10.3,198,Neurology,84,0.471,All,Email,0,0,9.0,10.11,1.11,8.0,8.22,0.22
60,10,13.3,137,Oncology,62,0.232,Insights,Insights,0,0,16.0,16.63,0.63,3.0,3.11,0.11
64,235,18.8,49,Primary Care,72,0.151,Insights,Insights,0,0,24.0,24.11,0.11,3.0,3.26,0.26
17,81,14.5,38,Cardiology,93,0.439,Call,Call,1,4,17.0,24.71,7.71,8.0,9.82,1.82
50,64,8.5,157,Primary Care,89,0.343,All,All,1,3,20.0,27.14,7.14,8.0,10.49,2.49
40,11,4.2,152,Primary Care,81,0.098,Insights,Insights,0,0,21.0,21.06,0.06,4.0,4.19,0.19
24,94,5.7,177,Cardiology,64,0.307,Call,Call,1,0,20.0,25.17,5.17,4.0,4.03,0.03
48,474,11.4,109,Primary Care,65,0.287,Email,Insights,1,1,15.0,17.68,2.68,4.0,4.28,0.28
80,223,5.0,190,Oncology,99,0.726,Insights,Insights,1,2,18.0,25.46,7.46,8.0,9.76,1.76
1,500,18.1,130,Neurology,86,0.438,Insights,All,0,0,14.0,14.75,0.75,2.0,2.11,0.11
77,134,5.6,150,Neurology,80,0.588,All,Call,1,4,20.0,26.49,6.49,3.0,3.95,0.95
69,382,19.6,188,Cardiology,72,0.608,Email,Insights,1,1,15.0,17.62,2.62,4.0,4.95,0.95
43,45,9.7,154,Primary Care,74,0.138,All,Email,0,0,14.0,16.56,2.56,5.0,5.25,0.25
49,55,14.2,24,Primary Care,85,0.307,Email,Email,1,2,25.0,30.13,5.13,7.0,8.39,1.39
30,9,12.2,100,Oncology,79,0.443,Insights,Insights,0,0,11.0,11.4,0.4,2.0,2.09,0.09
11,450,14.7,189,Neurology,92,0.263,Call,Call,0,0,13.0,13.57,0.57,2.0,2.06,0.06
46,336,14.6,60,Cardiology,79,0.289,Call,Call,0,0,16.0,16.02,0.02,7.0,7.13,0.13
66,372,3.4,187,Neurology,80,0.372,Call,Call,0,0,19.0,19.4,0.4,3.0,3.07,0.07
19,464,12.9,81,Cardiology,85,0.058,Email,Email,1,1,17.0,23.09,6.09,1.0,2.7,1.7
58,167,14.5,120,Primary Care,82,0.32,Email,Email,0,0,10.0,10.83,0.83,3.0,3.22,0.22
60,362,13.3,137,Cardiology,86,0.334,All,All,1,3,12.0,19.98,7.98,8.0,10.21,2.21
61,252,5.4,66,Cardiology,74,0.789,Email,Email,0,0,14.0,14.85,0.85,5.0,5.2,0.2
28,272,19.3,22,Cardiology,76,0.329,All,Call,1,6,18.0,29.5,11.5,2.0,4.9,2.9
32,331,11.7,170,Oncology,80,0.49,All,Call,0,0,12.0,12.27,0.27,5.0,5.03,0.03
34,235,1.0,82,Primary Care,72,0.151,Email,Email,1,3,16.0,22.68,6.68,2.0,3.92,1.92
69,13,19.6,188,Cardiology,82,0.227,All,All,1,5,13.0,20.64,7.64,3.0,5.21,2.21
73,38,9.5,80,Oncology,84,0.363,All,All,1,1,13.0,19.47,6.47,4.0,5.34,1.34
34,251,1.0,82,Primary Care,90,0.67,All,Call,1,6,11.0,23.07,12.07,3.0,6.74,3.74
78,285,19.6,86,Primary Care,76,0.112,All,Email,1,1,17.0,18.07,1.07,2.0,3.27,1.27
46,367,14.6,60,Primary Care,96,0.438,Insights,Insights,0,0,20.0,20.4,0.4,6.0,6.1,0.1
31,287,7.9,33,Neurology,72,0.386,All,Call,0,0,17.0,17.77,0.77,1.0,1.26,0.26
1,95,18.1,130,Cardiology,84,0.193,Email,Email,0,0,17.0,17.3,0.3,3.0,3.01,0.01
49,184,14.2,24,Neurology,88,0.178,Email,Email,0,0,16.0,16.29,0.29,5.0,5.35,0.35
52,222,18.3,191,Primary Care,88,0.782,All,All,1,9,13.0,26.87,13.87,6.0,9.55,3.55
78,492,19.6,86,Primary Care,84,0.109,Call,Call,0,0,12.0,13.04,1.04,1.0,1.69,0.69
58,267,14.5,120,Primary Care,84,0.157,Insights,Call,1,4,13.0,19.64,6.64,4.0,4.99,0.99
3,318,1.5,33,Oncology,73,0.571,Call,Call,1,5,26.0,33.07,7.07,4.0,5.45,1.45
46,368,14.6,60,Cardiology,83,0.162,Call,Call,1,3,19.0,25.62,6.62,5.0,7.13,2.13
60,182,13.3,137,Neurology,70,0.403,All,Email,0,0,18.0,18.27,0.27,4.0,4.35,0.35
40,483,4.2,152,Oncology,85,0.557,Email,Email,1,2,14.0,20.72,6.72,2.0,3.6,1.6
35,338,17.5,101,Neurology,80,0.149,Email,Email,1,7,14.0,23.3,9.3,5.0,7.54,2.54
65,425,4.0,150,Cardiology,86,0.128,Insights,Insights,0,0,15.0,15.39,0.39,3.0,3.12,0.12
49,375,14.2,24,Cardiology,77,0.043,All,Insights,0,0,15.0,15.02,0.02,2.0,2.57,0.57
55,311,12.2,128,Primary Care,74,0.685,All,Email,0,0,21.0,21.06,0.06,7.0,7.04,0.04
38,16,2.6,161,Oncology,92,0.61,Email,Email,1,3,17.0,23.53,6.53,4.0,6.12,2.12
23,292,8.9,67,Cardiology,67,0.446,All,Call,1,2,11.0,17.91,6.91,4.0,6.36,2.36
42,65,17.0,101,Cardiology,87,0.215,Insights,Insights,0,0,12.0,13.48,1.48,1.0,1.11,0.11
77,302,5.6,150,Primary Care,86,0.283,All,Call,0,0,18.0,18.14,0.14,4.0,4.06,0.06
49,351,14.2,24,Cardiology,67,0.51,Email,Email,1,3,14.0,19.33,5.33,10.0,11.2,1.2
57,273,6.8,128,Neurology,77,0.662,Call,Call,0,0,18.0,18.47,0.47,3.0,3.13,0.13
10,155,19.4,180,Primary Care,70,0.546,Insights,Insights,1,4,16.0,24.77,8.77,6.0,8.5,2.5
80,30,5.0,190,Neurology,91,0.336,Insights,Insights,1,2,20.0,25.56,5.56,2.0,3.3,1.3
20,336,4.7,153,Cardiology,79,0.289,Email,Email,1,3,8.0,15.54,7.54,3.0,3.79,0.79
78,350,19.6,86,Neurology,82,0.491,Insights,Insights,0,0,8.0,8.77,0.77,3.0,3.28,0.28
36,239,9.2,60,Cardiology,88,0.392,Insights,Insights,0,0,19.0,20.03,1.03,4.0,4.1,0.1
74,359,19.7,62,Cardiology,90,0.489,Call,Call,1,5,10.0,18.34,8.34,3.0,4.96,1.96
72,390,5.3,163,Primary Care,60,0.288,Insights,Insights,0,0,14.0,14.68,0.68,5.0,5.08,0.08
61,257,5.4,66,Neurology,92,0.677,Call,Call,1,1,11.0,14.36,3.36,5.0,7.1,2.1
74,24,19.7,62,Primary Care,92,0.605,All,Insights,1,4,15.0,23.9,8.9,1.0,4.05,3.05
49,436,14.2,24,Neurology,80,0.202,Insights,Call,0,0,14.0,14.02,0.02,2.0,2.05,0.05
68,234,3.4,153,Neurology,83,0.397,Insights,Insights,1,1,13.0,18.46,5.46,2.0,2.71,0.71
14,337,1.0,123,Primary Care,80,0.413,All,All,0,0,17.0,17.5,0.5,11.0,11.26,0.26
6,456,11.4,159,Cardiology,75,0.223,Insights,Insights,0,0,11.0,11.58,0.58,4.0,4.06,0.06
44,182,18.7,26,Neurology,70,0.403,Call,Call,1,2,11.0,16.55,5.55,6.0,8.01,2.01
65,311,4.0,150,Primary Care,74,0.685,Insights,Insights,0,0,13.0,13.26,0.26,7.0,7.1,0.1
62,10,11.3,183,Oncology,62,0.232,All,Call,0,0,23.0,23.19,0.19,4.0,4.07,0.07
43,443,9.7,154,Primary Care,86,0.185,Email,Email,1,9,18.0,33.56,15.56,2.0,6.26,4.26
42,30,17.0,101,Neurology,91,0.336,Insights,Insights,1,4,15.0,22.82,7.82,1.0,3.35,2.35
49,271,14.2,24,Neurology,87,0.401,Email,Email,1,1,20.0,27.72,7.72,4.0,5.14,1.14
70,176,9.1,60,Primary Care,83,0.723,All,All,1,4,7.0,15.44,8.44,4.0,6.35,2.35
68,18,3.4,153,Neurology,84,0.29,Insights,Email,0,0,11.0,11.72,0.72,4.0,4.07,0.07
9,232,12.2,167,Neurology,78,0.439,All,Insights,1,0,18.0,22.22,4.22,6.0,6.19,0.19
48,468,11.4,109,Primary Care,86,0.101,Insights,Insights,1,1,15.0,19.46,4.46,4.0,4.51,0.51
31,84,7.9,33,Cardiology,89,0.343,Email,Email,0,0,17.0,17.16,0.16,8.0,8.1,0.1
64,147,18.8,49,Cardiology,86,0.24,Insights,All,0,0,21.0,22.19,1.19,0.0,0.28,0.28
41,95,8.8,52,Cardiology,84,0.193,All,All,1,6,10.0,18.7,8.7,3.0,5.98,2.98
80,63,5.0,190,Neurology,69,0.409,Email,Email,1,4,22.0,31.55,9.55,7.0,8.83,1.83
35,116,17.5,101,Oncology,75,0.172,Email,Email,0,0,26.0,26.09,0.09,7.0,7.1,0.1
55,286,12.2,128,Neurology,85,0.161,All,Email,0,0,16.0,16.05,0.05,3.0,3.23,0.23
9,391,12.2,167,Cardiology,83,0.754,Insights,Insights,0,0,17.0,17.21,0.21,2.0,2.22,0.22
75,346,10.3,91,Neurology,88,0.173,Email,Email,1,4,7.0,16.59,9.59,5.0,6.42,1.42
13,386,7.9,51,Cardiology,87,0.372,Call,Call,1,1,13.0,19.36,6.36,3.0,4.42,1.42
31,358,7.9,33,Neurology,85,0.659,Call,Call,1,3,9.0,15.42,6.42,6.0,7.28,1.28
68,192,3.4,153,Neurology,63,0.339,Insights,Insights,0,0,17.0,18.19,1.19,2.0,2.04,0.04
78,451,19.6,86,Neurology,74,0.702,Call,Call,1,4,14.0,23.12,9.12,1.0,4.07,3.07
39,87,16.9,55,Oncology,82,0.544,Call,Call,1,2,19.0,22.75,3.75,4.0,6.03,2.03
39,350,16.9,55,Neurology,82,0.491,All,All,0,0,18.0,18.39,0.39,4.0,4.09,0.09
4,56,15.7,136,Cardiology,82,0.258,Call,Call,1,2,10.0,16.37,6.37,6.0,7.68,1.68
79,383,19.8,87,Cardiology,73,0.163,Insights,Insights,1,3,17.0,23.69,6.69,7.0,8.59,1.59
2,44,6.3,75,Oncology,88,0.174,Call,Call,1,5,14.0,23.86,9.86,3.0,4.79,1.79
3,109,1.5,33,Neurology,75,0.083,Call,Call,0,0,16.0,16.19,0.19,5.0,5.2,0.2
38,196,2.6,161,Primary Care,70,0.377,Insights,Insights,1,0,24.0,29.04,5.04,3.0,5.24,2.24
1,348,18.1,130,Oncology,88,0.382,Insights,Call,1,0,19.0,22.9,3.9,5.0,6.33,1.33
14,23,1.0,123,Cardiology,88,0.417,All,Email,1,6,15.0,25.94,10.94,5.0,7.19,2.19
51,129,15.3,66,Primary Care,88,0.726,Call,Call,1,3,13.0,18.5,5.5,3.0,6.16,3.16
57,167,6.8,128,Primary Care,82,0.32,Email,Email,1,7,15.0,27.95,12.95,5.0,7.82,2.82
24,366,5.7,177,Primary Care,63,0.338,Call,Insights,1,1,12.0,12.22,0.22,3.0,3.45,0.45
64,481,18.8,49,Oncology,78,0.757,Insights,Insights,1,3,13.0,18.19,5.19,3.0,4.4,1.4
49,308,14.2,24,Oncology,83,0.44,Email,Email,1,7,19.0,31.59,12.59,3.0,6.3,3.3
19,254,12.9,81,Oncology,81,0.098,All,Call,1,3,21.0,26.52,5.52,3.0,3.63,0.63
57,169,6.8,128,Neurology,85,0.207,All,Call,0,0,16.0,16.62,0.62,2.0,2.17,0.17
48,412,11.4,109,Neurology,76,0.38,Call,Call,1,1,17.0,22.21,5.21,5.0,6.89,1.89
65,54,4.0,150,Primary Care,70,0.118,Call,Insights,0,0,10.0,10.42,0.42,3.0,3.11,0.11
13,65,7.9,51,Cardiology,87,0.215,Email,Email,1,3,19.0,27.32,8.32,8.0,8.57,0.57
19,101,12.9,81,Cardiology,69,0.507,Insights,Email,1,4,17.0,23.71,6.71,6.0,7.92,1.92
25,135,10.3,198,Oncology,88,0.282,Insights,Insights,1,2,9.0,14.74,5.74,5.0,5.85,0.85
28,231,19.3,22,Oncology,78,0.528,All,Email,1,2,17.0,21.77,4.77,5.0,6.24,1.24
72,474,5.3,163,Primary Care,65,0.287,Insights,Insights,0,0,15.0,15.16,0.16,1.0,1.03,0.03
59,326,17.8,73,Cardiology,85,0.18,Email,Email,0,0,15.0,15.86,0.86,4.0,4.06,0.06
44,192,18.7,26,Neurology,63,0.339,Email,Call,0,0,18.0,18.44,0.44,4.0,4.21,0.21
44,106,18.7,26,Cardiology,97,0.804,Email,Email,1,3,21.0,32.52,11.52,5.0,7.04,2.04
71,325,11.1,124,Neurology,75,0.759,All,Email,1,6,17.0,27.87,10.87,4.0,7.25,3.25
36,127,9.2,60,Cardiology,63,0.593,All,Email,1,3,13.0,16.92,3.92,5.0,7.12,2.12
19,489,12.9,81,Primary Care,80,0.863,All,Call,1,1,13.0,19.84,6.84,4.0,4.52,0.52
11,239,14.7,189,Cardiology,88,0.392,All,Email,1,6,22.0,31.43,9.43,6.0,9.12,3.12
27,276,14.9,28,Neurology,76,0.252,Email,Email,0,0,12.0,12.17,0.17,5.0,5.07,0.07
53,452,14.4,171,Cardiology,71,0.233,All,Email,1,3,20.0,28.36,8.36,4.0,5.34,1.34
38,153,2.6,161,Oncology,81,0.134,All,Email,0,0,17.0,17.13,0.13,6.0,6.21,0.21
34,236,1.0,82,Oncology,78,0.503,Email,Email,1,3,18.0,26.72,8.72,4.0,6.64,2.64
39,266,16.9,55,Neurology,93,0.138,Call,Email,0,0,19.0,19.06,0.06,2.0,2.21,0.21
78,136,19.6,86,Primary Care,69,0.746,Insights,Insights,1,4,13.0,24.02,11.02,7.0,10.09,3.09
80,28,5.0,190,Oncology,87,0.392,All,All,1,2,18.0,25.76,7.76,5.0,6.37,1.37
13,142,7.9,51,Cardiology,86,0.277,Email,Email,1,4,13.0,20.04,7.04,6.0,7.22,1.22
10,57,19.4,180,Neurology,74,0.438,All,All,1,3,9.0,19.25,10.25,5.0,6.01,1.01
20,338,4.7,153,Neurology,80,0.149,All,Insights,1,1,21.0,26.99,5.99,3.0,3.26,0.26
69,4,19.6,188,Cardiology,80,0.464,All,All,1,3,13.0,20.14,7.14,2.0,4.1,2.1
37,159,10.3,187,Cardiology,86,0.338,Email,Email,0,0,13.0,14.59,1.59,7.0,7.09,0.09
70,443,9.1,60,Primary Care,86,0.185,Email,Email,0,0,17.0,17.04,0.04,5.0,5.35,0.35
52,285,18.3,191,Primary Care,76,0.112,Insights,Insights,1,0,14.0,19.15,5.15,2.0,3.41,1.41
45,336,5.0,150,Cardiology,79,0.289,Call,Call,1,2,17.0,22.18,5.18,1.0,3.51,2.51
23,335,8.9,67,Neurology,87,0.039,Email,Insights,0,0,22.0,22.07,0.07,4.0,4.03,0.03
28,150,19.3,22,Neurology,72,0.618,All,All,0,0,16.0,16.63,0.63,4.0,4.09,0.09
12,317,13.9,58,Neurology,72,0.135,Email,Insights,1,3,16.0,18.92,2.92,5.0,6.17,1.17
42,111,17.0,101,Cardiology,80,0.346,Call,Call,1,2,16.0,22.92,6.92,5.0,6.0,1.0
23,318,8.9,67,Oncology,73,0.571,All,All,1,1,20.0,23.66,3.66,2.0,2.43,0.43
24,342,5.7,177,Oncology,83,0.431,Call,Call,1,1,16.0,18.8,2.8,2.0,2.98,0.98
4,439,15.7,136,Cardiology,74,0.493,All,All,0,0,16.0,16.09,0.09,5.0,5.07,0.07
64,460,18.8,49,Primary Care,77,0.092,Call,Insights,1,2,8.0,10.85,2.85,6.0,6.72,0.72
76,12,1.2,80,Neurology,80,0.218,Call,Call,0,0,18.0,18.16,0.16,4.0,4.06,0.06
40,150,4.2,152,Neurology,72,0.618,Email,Email,1,1,14.0,17.05,3.05,6.0,7.7,1.7
43,274,9.7,154,Primary Care,79,0.327,Call,Call,1,4,11.0,19.4,8.4,8.0,10.09,2.09
75,161,10.3,91,Primary Care,69,0.591,Call,Call,1,1,13.0,18.02,5.02,2.0,3.92,1.92
41,310,8.8,52,Oncology,73,0.198,All,All,1,2,15.0,22.99,7.99,5.0,6.22,1.22
50,428,8.5,157,Neurology,76,0.716,All,All,1,3,11.0,19.77,8.77,3.0,4.23,1.23
35,130,17.5,101,Oncology,88,0.424,Email,Email,1,1,21.0,27.01,6.01,1.0,3.32,2.32
42,447,17.0,101,Cardiology,89,0.063,Email,Email,1,5,13.0,21.62,8.62,6.0,9.29,3.29
42,442,17.0,101,Neurology,86,0.281,Insights,All,0,0,12.0,12.51,0.51,6.0,6.03,0.03
57,458,6.8,128,Primary Care,87,0.194,Call,Call,0,0,13.0,13.25,0.25,5.0,5.36,0.36
49,37,14.2,24,Cardiology,84,0.317,Call,Call,1,3,11.0,19.82,8.82,4.0,7.26,3.26
41,147,8.8,52,Cardiology,86,0.24,Call,Call,0,0,10.0,10.36,0.36,2.0,2.88,0.88
7,63,16.5,42,Neurology,69,0.409,Email,Email,1,4,18.0,24.99,6.99,1.0,3.63,2.63
73,61,9.5,80,Neurology,81,0.304,Insights,Insights,1,0,13.0,17.43,4.43,4.0,5.79,1.79
72,27,5.3,163,Cardiology,98,0.116,Email,Email,0,0,13.0,13.51,0.51,1.0,1.02,0.02
15,220,5.6,103,Cardiology,75,0.559,All,All,0,0,23.0,24.09,1.09,4.0,4.44,0.44
24,44,5.7,177,Oncology,88,0.174,Call,Call,0,0,17.0,17.16,0.16,5.0,5.92,0.92
78,148,19.6,86,Neurology,80,0.513,Call,All,0,0,13.0,13.75,0.75,5.0,5.16,0.16
26,491,8.4,99,Oncology,61,0.387,Insights,Insights,1,1,15.0,20.77,5.77,4.0,5.11,1.11
65,442,4.0,150,Neurology,86,0.281,Email,Email,0,0,16.0,16.16,0.16,4.0,4.01,0.01
63,469,15.4,190,Cardiology,82,0.326,All,Email,0,0,18.0,19.07,1.07,1.0,1.04,0.04
69,19,19.6,188,Primary Care,65,0.675,Insights,Insights,0,0,10.0,10.18,0.18,4.0,4.05,0.05
2,331,6.3,75,Oncology,80,0.49,All,All,0,0,19.0,19.16,0.16,3.0,3.01,0.01
39,317,16.9,55,Neurology,72,0.135,Call,Call,1,2,15.0,19.84,4.84,2.0,2.59,0.59
46,67,14.6,60,Oncology,87,0.465,Call,Call,1,3,12.0,20.19,8.19,4.0,5.71,1.71
67,454,8.8,42,Cardiology,84,0.267,Email,Email,1,3,15.0,23.4,8.4,4.0,6.06,2.06
18,203,7.3,45,Cardiology,81,0.321,Insights,Insights,0,0,17.0,18.0,1.0,6.0,6.39,0.39
25,489,10.3,198,Primary Care,80,0.863,Insights,Insights,1,1,15.0,19.59,4.59,8.0,8.75,0.75
15,57,5.6,103,Neurology,74,0.438,Call,Call,1,1,11.0,15.5,4.5,6.0,6.87,0.87
61,326,5.4,66,Cardiology,85,0.18,Email,Email,1,3,15.0,22.12,7.12,6.0,6.99,0.99
80,66,5.0,190,Neurology,84,0.648,Call,Call,1,0,18.0,21.28,3.28,3.0,3.42,0.42
12,475,13.9,58,Cardiology,80,0.758,Email,Call,1,6,19.0,25.95,6.95,8.0,8.63,0.63
19,304,12.9,81,Neurology,89,0.269,Call,Call,1,1,12.0,16.88,4.88,4.0,5.09,1.09
25,38,10.3,198,Oncology,84,0.363,Insights,Insights,0,0,15.0,15.17,0.17,2.0,2.02,0.02
72,108,5.3,163,Primary Care,76,0.337,All,All,0,0,13.0,13.53,0.53,2.0,2.26,0.26
36,180,9.2,60,Primary Care,79,0.23,Email,Email,0,0,16.0,16.15,0.15,4.0,4.25,0.25
23,7,8.9,67,Cardiology,78,0.528,Email,Email,1,2,17.0,24.01,7.01,2.0,4.03,2.03
26,5,8.4,99,Primary Care,67,0.622,Call,Call,1,1,10.0,13.72,3.72,7.0,8.27,1.27
48,463,11.4,109,Neurology,64,0.253,Email,Email,0,0,13.0,14.64,1.64,4.0,4.28,0.28
31,491,7.9,33,Oncology,61,0.387,Insights,Insights,0,0,13.0,14.56,1.56,3.0,3.19,0.19
12,269,13.9,58,Neurology,94,0.513,Email,Email,1,3,18.0,25.19,7.19,4.0,6.49,2.49
66,452,3.4,187,Cardiology,71,0.233,All,All,0,0,23.0,23.04,0.04,4.0,4.1,0.1
34,328,1.0,82,Cardiology,83,0.37,All,All,1,5,10.0,20.95,10.95,8.0,10.96,2.96
21,15,6.0,31,Primary Care,71,0.274,Call,Call,1,4,15.0,25.05,10.05,7.0,8.2,1.2
59,358,17.8,73,Neurology,85,0.659,All,Call,1,2,15.0,21.23,6.23,4.0,5.88,1.88
60,10,13.3,137,Oncology,62,0.232,Insights,Insights,0,0,15.0,15.27,0.27,4.0,4.25,0.25
13,409,7.9,51,Primary Care,87,0.647,All,All,1,4,22.0,27.64,5.64,6.0,7.39,1.39
6,184,11.4,159,Neurology,88,0.178,Call,Call,1,3,24.0,31.09,7.09,2.0,3.89,1.89
4,71,15.7,136,Neurology,87,0.283,All,Call,1,3,11.0,20.99,9.99,6.0,8.19,2.19
62,130,11.3,183,Oncology,88,0.424,Email,Call,1,2,12.0,16.06,4.06,4.0,4.99,0.99
51,342,15.3,66,Oncology,83,0.431,Call,Call,1,0,19.0,25.2,6.2,4.0,4.93,0.93
64,424,18.8,49,Neurology,81,0.381,All,Email,1,4,17.0,23.78,6.78,3.0,4.49,1.49
51,286,15.3,66,Neurology,85,0.161,Call,Call,0,0,15.0,15.13,0.13,5.0,5.03,0.03
33,81,7.1,115,Cardiology,93,0.439,Email,Email,0,0,12.0,12.23,0.23,3.0,3.02,0.02
48,451,11.4,109,Neurology,74,0.702,Email,Email,0,0,7.0,7.32,0.32,5.0,5.05,0.05
58,396,14.5,120,Oncology,61,0.217,Email,Email,0,0,11.0,11.21,0.21,6.0,6.06,0.06
32,205,11.7,170,Cardiology,72,0.143,Call,Call,1,3,14.0,19.99,5.99,5.0,6.53,1.53
74,278,19.7,62,Oncology,76,0.244,Call,Call,1,2,10.0,16.7,6.7,6.0,7.56,1.56
72,482,5.3,163,Oncology,82,0.164,Insights,Insights,0,0,11.0,11.01,0.01,2.0,2.06,0.06
65,189,4.0,150,Neurology,77,0.106,All,Insights,1,2,15.0,20.12,5.12,3.0,4.93,1.93
80,13,5.0,190,Cardiology,82,0.227,Email,Email,1,5,18.0,25.94,7.94,3.0,5.98,2.98
32,73,11.7,170,Primary Care,83,0.365,All,Email,1,3,15.0,20.95,5.95,8.0,9.82,1.82
10,301,19.4,180,Oncology,79,0.068,Insights,Insights,0,0,16.0,16.06,0.06,5.0,5.3,0.3
39,499,16.9,55,Oncology,68,0.052,All,All,0,0,21.0,22.44,1.44,6.0,6.55,0.55
60,370,13.3,137,Neurology,75,0.29,All,All,1,3,15.0,20.16,5.16,4.0,4.09,0.09
63,309,15.4,190,Primary Care,92,0.488,All,Call,1,3,17.0,26.19,9.19,5.0,6.9,1.9
32,162,11.7,170,Oncology,74,0.62,Email,Insights,1,3,20.0,21.73,1.73,4.0,4.15,0.15
24,220,5.7,177,Cardiology,75,0.559,Insights,All,0,0,21.0,21.27,0.27,3.0,3.45,0.45
36,20,9.2,60,Primary Care,75,0.121,All,All,1,6,11.0,20.42,9.42,3.0,6.33,3.33
65,186,4.0,150,Cardiology,82,0.35,All,Insights,0,0,15.0,15.3,0.3,9.0,9.02,0.02
5,312,14.3,123,Neurology,66,0.714,Email,Email,0,0,12.0,12.97,0.97,6.0,6.19,0.19
27,453,14.9,28,Cardiology,81,0.285,Insights,Insights,0,0,12.0,12.58,0.58,4.0,4.54,0.54
19,462,12.9,81,Primary Care,65,0.088,All,Call,1,4,12.0,19.14,7.14,4.0,6.36,2.36
65,411,4.0,150,Cardiology,82,0.642,Call,Call,1,1,16.0,22.96,6.96,6.0,7.81,1.81
38,11,2.6,161,Primary Care,81,0.098,Insights,Insights,0,0,20.0,20.95,0.95,7.0,7.49,0.49
7,406,16.5,42,Primary Care,83,0.594,All,All,0,0,13.0,13.16,0.16,6.0,6.65,0.65
21,110,6.0,31,Neurology,78,0.263,Insights,Email,1,4,17.0,19.78,2.78,5.0,5.64,0.64
4,309,15.7,136,Primary Care,92,0.488,Email,Email,1,0,10.0,13.4,3.4,4.0,4.39,0.39
39,474,16.9,55,Primary Care,65,0.287,Insights,Insights,1,2,21.0,27.65,6.65,2.0,4.65,2.65
80,444,5.0,190,Oncology,81,0.234,Insights,Insights,0,0,10.0,10.09,0.09,4.0,4.09,0.09
46,333,14.6,60,Cardiology,78,0.618,Call,Call,1,1,18.0,22.8,4.8,5.0,6.47,1.47
70,150,9.1,60,Neurology,72,0.618,Insights,Insights,1,3,12.0,17.02,5.02,5.0,6.23,1.23
60,261,13.3,137,Primary Care,92,0.673,Call,Call,0,0,16.0,16.51,0.51,1.0,1.08,0.08
71,352,11.1,124,Oncology,76,0.756,All,Call,1,1,11.0,16.77,5.77,5.0,5.92,0.92
25,258,10.3,198,Oncology,69,0.395,All,All,0,0,20.0,20.65,0.65,3.0,3.03,0.03
77,203,5.6,150,Cardiology,81,0.321,All,All,1,3,16.0,24.25,8.25,6.0,8.69,2.69
20,202,4.7,153,Oncology,69,0.55,Insights,Insights,1,2,15.0,22.6,7.6,4.0,4.97,0.97
36,300,9.2,60,Cardiology,75,0.621,Email,Email,0,0,16.0,16.06,0.06,5.0,5.27,0.27
55,18,12.2,128,Neurology,84,0.29,All,Call,1,2,12.0,19.64,7.64,1.0,2.42,1.42
23,500,8.9,67,Neurology,86,0.438,Email,Email,1,2,22.0,29.25,7.25,5.0,7.34,2.34
22,52,19.0,38,Cardiology,70,0.308,Insights,Insights,1,1,22.0,25.85,3.85,1.0,2.82,1.82
11,493,14.7,189,Neurology,73,0.058,Email,Email,1,3,21.0,29.23,8.23,6.0,6.5,0.5
1,18,18.1,130,Neurology,84,0.29,Insights,All,1,3,11.0,17.85,6.85,3.0,4.41,1.41
41,257,8.8,52,Neurology,92,0.677,Insights,Insights,0,0,20.0,20.48,0.48,3.0,3.59,0.59
79,209,19.8,87,Primary Care,77,0.116,Call,Call,0,0,9.0,9.4,0.4,5.0,5.21,0.21
18,287,7.3,45,Neurology,72,0.386,Call,Email,1,3,17.0,20.24,3.24,4.0,5.44,1.44
36,217,9.2,60,Cardiology,87,0.479,Email,Email,1,1,15.0,18.33,3.33,7.0,9.37,2.37
75,449,10.3,91,Oncology,71,0.266,Call,Call,1,1,12.0,16.84,4.84,6.0,8.0,2.0
62,9,11.3,183,Oncology,79,0.443,Call,Call,0,0,18.0,18.54,0.54,2.0,2.03,0.03
1,493,18.1,130,Neurology,73,0.058,All,Call,1,1,14.0,18.77,4.77,3.0,4.38,1.38
41,345,8.8,52,Oncology,68,0.107,All,Insights,1,3,16.0,23.17,7.17,4.0,5.76,1.76
12,390,13.9,58,Primary Care,60,0.288,All,Insights,1,1,10.0,14.97,4.97,2.0,3.45,1.45
20,70,4.7,153,Primary Care,76,0.115,Email,Email,0,0,14.0,14.03,0.03,4.0,4.17,0.17
20,33,4.7,153,Oncology,98,0.68,Call,Call,1,1,20.0,23.31,3.31,4.0,5.91,1.91
49,199,14.2,24,Primary Care,88,0.233,Call,Call,1,1,11.0,18.17,7.17,3.0,3.62,0.62
16,162,15.5,62,Oncology,74,0.62,Insights,Insights,1,2,18.0,21.29,3.29,10.0,11.13,1.13
21,392,6.0,31,Primary Care,77,0.126,All,Call,0,0,17.0,17.83,0.83,4.0,4.22,0.22
19,449,12.9,81,Oncology,71,0.266,All,Email,1,3,20.0,29.04,9.04,6.0,8.54,2.54
29,214,12.2,174,Primary Care,80,0.677,Call,Call,1,4,16.0,24.33,8.33,2.0,4.66,2.66
53,385,14.4,171,Primary Care,88,0.763,Insights,Insights,1,1,13.0,20.26,7.26,4.0,5.42,1.42
32,30,11.7,170,Neurology,91,0.336,All,Call,1,2,11.0,18.28,7.28,4.0,5.8,1.8
27,372,14.9,28,Neurology,80,0.372,Email,Email,1,5,18.0,25.12,7.12,1.0,2.32,1.32
42,50,17.0,101,Oncology,77,0.192,All,All,0,0,6.0,6.53,0.53,3.0,3.01,0.01
50,334,8.5,157,Oncology,87,0.118,All,Insights,0,0,16.0,16.29,0.29,4.0,4.08,0.08
2,192,6.3,75,Neurology,63,0.339,Email,Email,1,4,12.0,18.77,6.77,5.0,6.64,1.64
72,208,5.3,163,Cardiology,66,0.907,All,All,1,4,15.0,23.58,8.58,1.0,4.94,3.94
74,139,19.7,62,Primary Care,72,0.319,All,Email,1,3,16.0,21.43,5.43,3.0,5.09,2.09
49,202,14.2,24,Oncology,69,0.55,All,All,1,3,17.0,25.14,8.14,5.0,6.86,1.86
46,438,14.6,60,Cardiology,88,0.581,Email,Call,0,0,15.0,15.08,0.08,4.0,5.28,1.28
56,405,12.0,85,Oncology,74,0.549,Email,Email,1,3,21.0,30.41,9.41,7.0,9.55,2.55
36,171,9.2,60,Neurology,79,0.107,Insights,Insights,0,0,10.0,10.44,0.44,5.0,5.05,0.05
30,147,12.2,100,Cardiology,86,0.24,Email,Email,0,0,20.0,20.21,0.21,6.0,6.45,0.45
29,255,12.2,174,Cardiology,84,0.46,Email,Email,0,0,17.0,17.14,0.14,5.0,5.1,0.1
13,343,7.9,51,Neurology,73,0.188,Call,Call,0,0,15.0,15.5,0.5,4.0,4.27,0.27
68,92,3.4,153,Primary Care,81,0.167,Email,All,1,3,8.0,12.06,4.06,3.0,4.37,1.37
26,364,8.4,99,Oncology,79,0.603,All,Call,1,11,16.0,29.92,13.92,1.0,5.08,4.08
23,475,8.9,67,Cardiology,80,0.758,Insights,Insights,1,1,15.0,19.66,4.66,2.0,3.54,1.54
78,423,19.6,86,Neurology,84,0.471,Email,Email,1,2,22.0,26.38,4.38,3.0,4.21,1.21
41,275,8.8,52,Cardiology,94,0.648,Insights,Email,1,4,14.0,17.97,3.97,6.0,6.43,0.43
50,160,8.5,157,Primary Care,88,0.064,Email,Email,0,0,13.0,15.0,2.0,6.0,6.56,0.56
20,162,4.7,153,Oncology,74,0.62,Email,Email,1,3,12.0,16.92,4.92,4.0,5.26,1.26
23,371,8.9,67,Oncology,79,0.598,Call,Call,0,0,14.0,14.1,0.1,3.0,3.03,0.03
59,228,17.8,73,Cardiology,78,0.41,Call,Call,1,4,13.0,20.01,7.01,1.0,2.56,1.56
37,54,10.3,187,Primary Care,70,0.118,Call,Insights,1,2,9.0,14.62,5.62,1.0,1.92,0.92
12,339,13.9,58,Primary Care,82,0.594,Insights,Insights,1,3,15.0,20.83,5.83,4.0,5.4,1.4
67,70,8.8,42,Primary Care,76,0.115,Call,Call,1,4,17.0,24.55,7.55,4.0,7.25,3.25
33,494,7.1,115,Oncology,64,0.439,Insights,Insights,1,3,12.0,18.95,6.95,4.0,6.4,2.4
54,209,18.8,54,Primary Care,77,0.116,Call,Call,0,0,11.0,11.09,0.09,2.0,2.07,0.07
28,171,19.3,22,Neurology,79,0.107,All,Call,1,5,18.0,27.0,9.0,5.0,6.93,1.93
45,28,5.0,150,Oncology,87,0.392,Insights,Email,1,2,10.0,14.51,4.51,3.0,4.53,1.53
63,84,15.4,190,Cardiology,89,0.343,Email,Email,1,1,11.0,17.82,6.82,5.0,6.41,1.41
71,474,11.1,124,Primary Care,65,0.287,Insights,Email,0,0,14.0,14.21,0.21,6.0,6.33,0.33
17,269,14.5,38,Neurology,94,0.513,All,All,1,1,18.0,22.49,4.49,4.0,5.39,1.39
54,451,18.8,54,Neurology,74,0.702,Email,Email,1,6,25.0,33.63,8.63,2.0,4.89,2.89
74,478,19.7,62,Cardiology,95,0.507,Insights,Insights,0,0,19.0,19.08,0.08,1.0,1.23,0.23
52,25,18.3,191,Primary Care,87,0.422,All,Email,1,2,9.0,17.24,8.24,3.0,3.72,0.72
12,191,13.9,58,Cardiology,92,0.145,Email,Email,1,6,16.0,28.38,12.38,4.0,7.67,3.67
16,420,15.5,62,Neurology,87,0.385,All,All,1,8,12.0,24.63,12.63,2.0,6.01,4.01
17,248,14.5,38,Cardiology,80,0.411,Call,Insights,1,1,20.0,24.36,4.36,0.0,0.65,0.65
9,255,12.2,167,Cardiology,84,0.46,All,Email,1,2,15.0,24.45,9.45,6.0,7.86,1.86
61,286,5.4,66,Neurology,85,0.161,All,Insights,1,3,15.0,20.5,5.5,1.0,3.42,2.42
78,351,19.6,86,Cardiology,67,0.51,All,Call,0,0,13.0,13.19,0.19,5.0,5.12,0.12
42,470,17.0,101,Neurology,73,0.115,Insights,Insights,0,0,26.0,26.5,0.5,6.0,6.32,0.32
48,444,11.4,109,Oncology,81,0.234,All,Email,1,5,13.0,22.83,9.83,9.0,12.56,3.56
62,313,11.3,183,Primary Care,78,0.792,Call,Call,1,1,13.0,18.84,5.84,8.0,8.79,0.79
34,289,1.0,82,Neurology,87,0.352,Call,Call,1,5,15.0,22.98,7.98,1.0,4.7,3.7
38,181,2.6,161,Primary Care,69,0.282,All,All,0,0,14.0,14.09,0.09,5.0,5.24,0.24
48,59,11.4,109,Cardiology,77,0.309,Call,Call,1,0,19.0,24.3,5.3,4.0,5.02,1.02
25,355,10.3,198,Cardiology,79,0.655,All,Email,1,2,18.0,22.28,4.28,2.0,2.49,0.49
5,2,14.3,123,Neurology,86,0.643,Email,Email,0,0,16.0,16.91,0.91,4.0,4.1,0.1
46,350,14.6,60,Neurology,82,0.491,Email,Email,1,3,14.0,20.33,6.33,5.0,6.91,1.91
66,249,3.4,187,Oncology,95,0.217,Email,Email,0,0,14.0,14.33,0.33,7.0,7.01,0.01
6,394,11.4,159,Oncology,78,0.317,Insights,Insights,0,0,16.0,16.56,0.56,5.0,5.67,0.67
18,475,7.3,45,Cardiology,80,0.758,Email,Insights,0,0,14.0,15.4,1.4,4.0,4.25,0.25
22,277,19.0,38,Neurology,67,0.525,Call,Call,1,0,11.0,13.45,2.45,6.0,7.1,1.1
65,287,4.0,150,Neurology,72,0.386,All,Call,1,1,17.0,23.27,6.27,8.0,9.41,1.41
41,244,8.8,52,Oncology,85,0.513,All,All,1,5,17.0,29.65,12.65,4.0,6.82,2.82
43,187,9.7,154,Cardiology,100,0.246,All,Call,0,0,11.0,12.0,1.0,4.0,4.48,0.48
52,45,18.3,191,Primary Care,74,0.138,Email,Email,0,0,16.0,16.23,0.23,5.0,5.67,0.67
23,16,8.9,67,Oncology,92,0.61,Call,Call,1,1,13.0,18.01,5.01,5.0,5.65,0.65
58,362,14.5,120,Cardiology,86,0.334,Insights,Insights,0,0,9.0,9.22,0.22,9.0,9.18,0.18
3,458,1.5,33,Primary Care,87,0.194,Email,All,1,6,10.0,16.36,6.36,1.0,3.09,2.09
10,27,19.4,180,Cardiology,98,0.116,Call,Insights,1,1,10.0,12.89,2.89,4.0,4.19,0.19
66,164,3.4,187,Neurology,82,0.635,All,All,0,0,16.0,16.37,0.37,1.0,1.29,0.29
53,305,14.4,171,Primary Care,80,0.047,Email,Email,1,2,4.0,9.25,5.25,5.0,6.32,1.32
15,353,5.6,103,Primary Care,74,0.284,All,All,1,7,19.0,31.23,12.23,6.0,9.77,3.77
36,368,9.2,60,Cardiology,83,0.162,Email,Email,1,8,7.0,18.29,11.29,2.0,5.79,3.79
5,348,14.3,123,Oncology,88,0.382,Email,Email,1,1,13.0,18.17,5.17,1.0,2.86,1.86
54,42,18.8,54,Oncology,78,0.55,Email,All,1,4,6.0,8.87,2.87,4.0,6.01,2.01
61,127,5.4,66,Cardiology,63,0.593,All,Insights,0,0,17.0,17.44,0.44,8.0,8.23,0.23
23,235,8.9,67,Primary Care,72,0.151,Insights,Insights,1,2,11.0,18.05,7.05,3.0,4.46,1.46
29,32,12.2,174,Cardiology,67,0.366,All,Email,0,0,12.0,12.79,0.79,3.0,3.35,0.35
19,172,12.9,81,Oncology,91,0.343,Call,Call,1,3,15.0,21.62,6.62,0.0,2.34,2.34
32,193,11.7,170,Cardiology,65,0.598,All,Email,1,4,17.0,25.29,8.29,1.0,4.47,3.47
22,490,19.0,38,Cardiology,85,0.564,Insights,Insights,1,2,16.0,23.48,7.48,4.0,5.11,1.11
20,159,4.7,153,Cardiology,86,0.338,Insights,Insights,1,1,18.0,21.69,3.69,5.0,6.2,1.2
35,486,17.5,101,Neurology,83,0.187,All,All,0,0,18.0,18.26,0.26,1.0,1.43,0.43
69,351,19.6,188,Cardiology,67,0.51,All,All,1,2,14.0,19.72,5.72,2.0,3.78,1.78
62,347,11.3,183,Primary Care,75,0.174,Insights,All,1,2,12.0,16.2,4.2,4.0,5.21,1.21
24,410,5.7,177,Neurology,93,0.263,Email,Email,0,0,13.0,13.72,0.72,2.0,2.02,0.02
76,422,1.2,80,Cardiology,88,0.557,All,Email,1,2,17.0,20.22,3.22,2.0,3.74,1.74
17,112,14.5,38,Neurology,67,0.565,Call,Call,0,0,14.0,14.67,0.67,6.0,6.06,0.06
73,211,9.5,80,Cardiology,92,0.527,All,Call,1,1,16.0,21.21,5.21,4.0,5.5,1.5
25,265,10.3,198,Cardiology,79,0.42,Call,Call,1,2,15.0,20.61,5.61,1.0,1.83,0.83
44,489,18.7,26,Primary Care,80,0.863,Email,Email,1,2,19.0,22.68,3.68,2.0,4.98,2.98
17,21,14.5,38,Cardiology,74,0.415,Call,Call,1,2,17.0,24.44,7.44,3.0,4.51,1.51
61,239,5.4,66,Cardiology,88,0.392,Insights,Insights,1,2,15.0,21.48,6.48,5.0,5.97,0.97
26,108,8.4,99,Primary Care,76,0.337,Call,Insights,0,0,13.0,14.74,1.74,4.0,4.26,0.26
70,104,9.1,60,Neurology,82,0.246,All,Call,1,1,15.0,22.22,7.22,2.0,2.55,0.55
7,381,16.5,42,Oncology,76,0.158,Insights,Insights,1,2,16.0,22.65,6.65,3.0,4.35,1.35
41,101,8.8,52,Cardiology,69,0.507,Email,Email,0,0,18.0,18.53,0.53,8.0,8.58,0.58
13,397,7.9,51,Primary Care,90,0.631,Insights,Insights,1,2,18.0,24.04,6.04,5.0,7.17,2.17
72,497,5.3,163,Oncology,60,0.533,All,Insights,1,2,10.0,15.44,5.44,7.0,7.65,0.65
34,389,1.0,82,Oncology,80,0.152,All,All,0,0,15.0,15.11,0.11,3.0,3.12,0.12
54,85,18.8,54,Primary Care,100,0.396,Call,Call,1,2,14.0,21.48,7.48,6.0,6.43,0.43
71,72,11.1,124,Cardiology,87,0.334,All,Call,1,2,20.0,26.17,6.17,5.0,6.78,1.78
43,219,9.7,154,Neurology,73,0.039,Email,Email,1,4,13.0,19.91,6.91,2.0,4.54,2.54
5,276,14.3,123,Neurology,76,0.252,Insights,Insights,1,3,8.0,11.17,3.17,4.0,4.0,0.0
18,390,7.3,45,Primary Care,60,0.288,All,All,0,0,16.0,16.45,0.45,9.0,9.07,0.07
18,212,7.3,45,Cardiology,70,0.076,Call,Call,1,3,16.0,24.18,8.18,4.0,5.36,1.36
74,84,19.7,62,Cardiology,89,0.343,Email,All,0,0,11.0,11.88,0.88,2.0,2.32,0.32
73,496,9.5,80,Cardiology,78,0.351,Insights,Insights,1,0,17.0,22.76,5.76,6.0,8.02,2.02
39,453,16.9,55,Cardiology,81,0.285,Call,All,1,3,18.0,21.04,3.04,0.0,0.12,0.12
72,328,5.3,163,Cardiology,83,0.37,Email,Insights,1,3,12.0,15.97,3.97,4.0,4.81,0.81
20,348,4.7,153,Oncology,88,0.382,Email,Email,0,0,11.0,11.09,0.09,3.0,3.03,0.03
55,468,12.2,128,Primary Care,86,0.101,All,Email,1,1,11.0,13.35,2.35,4.0,5.85,1.85
32,238,11.7,170,Cardiology,63,0.275,Email,Email,1,2,15.0,19.67,4.67,3.0,4.35,1.35
20,73,4.7,153,Primary Care,83,0.365,Call,Call,1,3,13.0,20.54,7.54,4.0,6.43,2.43
21,303,6.0,31,Neurology,71,0.161,All,Call,0,0,22.0,22.42,0.42,3.0,3.43,0.43
34,226,1.0,82,Primary Care,76,0.391,All,All,1,9,18.0,31.79,13.79,3.0,7.36,4.36
28,400,19.3,22,Neurology,85,0.085,Insights,Email,0,0,15.0,15.11,0.11,4.0,4.03,0.03
17,386,14.5,38,Cardiology,87,0.372,Insights,Email,1,1,17.0,21.71,4.71,3.0,3.68,0.68
27,236,14.9,28,Oncology,78,0.503,Email,Email,1,2,11.0,17.53,6.53,3.0,5.02,2.02
11,184,14.7,189,Neurology,88,0.178,Call,Email,1,3,17.0,19.16,2.16,4.0,5.11,1.11
78,212,19.6,86,Cardiology,70,0.076,Email,Email,1,2,15.0,21.12,6.12,8.0,10.0,2.0
31,317,7.9,33,Neurology,72,0.135,Email,All,0,0,11.0,11.5,0.5,1.0,1.12,0.12
9,319,12.2,167,Cardiology,76,0.391,Email,Email,0,0,11.0,11.19,0.19,5.0,5.37,0.37
47,256,19.6,145,Cardiology,82,0.414,Insights,Insights,1,0,15.0,17.43,2.43,6.0,7.13,1.13
71,266,11.1,124,Neurology,93,0.138,Email,Email,0,0,18.0,18.04,0.04,5.0,5.19,0.19
29,496,12.2,174,Cardiology,78,0.351,Email,Email,0,0,19.0,19.82,0.82,1.0,1.23,0.23
68,127,3.4,153,Cardiology,63,0.593,All,All,1,4,15.0,21.11,6.11,1.0,2.49,1.49
49,87,14.2,24,Oncology,82,0.544,Email,Email,1,1,18.0,23.31,5.31,9.0,10.16,1.16
60,400,13.3,137,Neurology,85,0.085,All,All,1,2,20.0,22.58,2.58,2.0,2.69,0.69
24,468,5.7,177,Primary Care,86,0.101,Call,Call,0,0,10.0,10.51,0.51,0.0,0.49,0.49
3,305,1.5,33,Primary Care,80,0.047,Insights,Insights,0,0,17.0,17.31,0.31,2.0,2.05,0.05
28,201,19.3,22,Oncology,77,0.633,Email,Email,1,5,9.0,20.71,11.71,4.0,6.53,2.53
74,175,19.7,62,Oncology,86,0.074,Email,Email,1,6,17.0,26.06,9.06,3.0,6.56,3.56
64,234,18.8,49,Neurology,83,0.397,All,Call,0,0,19.0,19.64,0.64,2.0,2.15,0.15
63,27,15.4,190,Cardiology,98,0.116,Call,Insights,0,0,16.0,16.29,0.29,4.0,4.02,0.02
71,265,11.1,124,Cardiology,79,0.42,Email,Email,0,0,14.0,14.65,0.65,4.0,4.42,0.42
30,135,12.2,100,Oncology,88,0.282,Call,Call,0,0,13.0,13.07,0.07,10.0,10.29,0.29
26,133,8.4,99,Oncology,88,0.176,Insights,Insights,1,2,16.0,24.04,8.04,7.0,8.24,1.24
75,281,10.3,91,Primary Care,65,0.633,Email,Email,1,2,15.0,20.74,5.74,2.0,3.73,1.73
46,482,14.6,60,Oncology,82,0.164,Insights,Insights,1,0,10.0,15.22,5.22,5.0,6.61,1.61
24,103,5.7,177,Cardiology,67,0.095,Insights,Insights,0,0,17.0,17.12,0.12,0.0,0.44,0.44
23,456,8.9,67,Cardiology,75,0.223,Insights,All,0,0,14.0,14.03,0.03,8.0,8.73,0.73
71,260,11.1,124,Cardiology,90,0.209,All,All,0,0,9.0,9.31,0.31,6.0,6.23,0.23
5,487,14.3,123,Primary Care,69,0.447,Call,Call,0,0,11.0,11.52,0.52,2.0,2.01,0.01
5,192,14.3,123,Neurology,63,0.339,All,Email,1,3,12.0,19.42,7.42,3.0,3.86,0.86
60,499,13.3,137,Oncology,68,0.052,Call,Call,1,2,22.0,28.12,6.12,3.0,5.22,2.22
1,330,18.1,130,Oncology,70,0.262,Call,Call,1,2,14.0,22.1,8.1,3.0,3.41,0.41
14,335,1.0,123,Neurology,87,0.039,Insights,Insights,0,0,23.0,23.23,0.23,5.0,5.12,0.12
80,282,5.0,190,Primary Care,95,0.199,Insights,Insights,0,0,16.0,16.85,0.85,4.0,4.02,0.02
35,226,17.5,101,Primary Care,76,0.391,Email,Email,1,6,14.0,24.19,10.19,10.0,12.55,2.55
59,263,17.8,73,Neurology,68,0.33,All,Insights,1,1,16.0,19.43,3.43,0.0,0.2,0.2
39,426,16.9,55,Cardiology,80,0.166,All,All,0,0,11.0,11.23,0.23,2.0,2.23,0.23
8,397,17.0,116,Primary Care,90,0.631,Call,Email,1,3,12.0,17.07,5.07,4.0,4.76,0.76
15,12,5.6,103,Neurology,80,0.218,Insights,Insights,0,0,15.0,15.4,0.4,2.0,2.03,0.03
61,348,5.4,66,Oncology,88,0.382,All,All,0,0,16.0,16.03,0.03,3.0,3.05,0.05
8,418,17.0,116,Cardiology,83,0.342,All,Insights,1,1,12.0,19.15,7.15,1.0,2.35,1.35
48,373,11.4,109,Neurology,92,0.427,Insights,Insights,1,2,17.0,25.22,8.22,3.0,5.59,2.59
28,249,19.3,22,Oncology,95,0.217,Email,Email,1,3,10.0,17.51,7.51,4.0,6.98,2.98
30,168,12.2,100,Oncology,67,0.519,Insights,Insights,1,8,14.0,24.88,10.88,2.0,4.76,2.76
77,337,5.6,150,Primary Care,80,0.413,Email,Call,1,1,16.0,20.36,4.36,5.0,5.13,0.13
49,332,14.2,24,Primary Care,88,0.31,Insights,Insights,0,0,15.0,15.46,0.46,1.0,1.62,0.62
50,188,8.5,157,Cardiology,91,0.228,Insights,Insights,1,2,16.0,23.66,7.66,3.0,4.74,1.74
29,204,12.2,174,Primary Care,73,0.492,Insights,Insights,0,0,16.0,16.85,0.85,4.0,4.64,0.64
31,185,7.9,33,Cardiology,94,0.671,Email,Email,1,2,22.0,27.23,5.23,3.0,3.96,0.96
55,23,12.2,128,Cardiology,88,0.417,Call,Call,1,2,14.0,19.72,5.72,3.0,4.52,1.52
4,16,15.7,136,Oncology,92,0.61,Insights,Insights,1,3,12.0,20.79,8.79,5.0,6.85,1.85
19,42,12.9,81,Oncology,78,0.55,Call,Insights,0,0,19.0,19.17,0.17,9.0,9.01,0.01
49,212,14.2,24,Cardiology,70,0.076,Email,Email,0,0,17.0,17.48,0.48,2.0,2.04,0.04
50,256,8.5,157,Cardiology,82,0.414,Email,Call,1,3,20.0,23.0,3.0,3.0,3.51,0.51
8,205,17.0,116,Cardiology,72,0.143,All,All,0,0,15.0,15.21,0.21,1.0,1.14,0.14
64,478,18.8,49,Cardiology,95,0.507,Call,Call,1,4,13.0,21.6,8.6,2.0,4.12,2.12
44,113,18.7,26,Neurology,73,0.145,Insights,All,0,0,20.0,20.22,0.22,5.0,5.48,0.48
20,197,4.7,153,Primary Care,70,0.318,Insights,Insights,0,0,17.0,17.33,0.33,3.0,3.11,0.11
61,124,5.4,66,Cardiology,64,0.774,All,Insights,0,0,20.0,20.93,0.93,5.0,5.35,0.35
80,150,5.0,190,Neurology,72,0.618,Insights,Insights,0,0,11.0,11.09,0.09,2.0,2.27,0.27
34,293,1.0,82,Neurology,74,0.229,Email,Email,0,0,14.0,15.09,1.09,5.0,5.27,0.27
23,155,8.9,67,Primary Care,70,0.546,Email,Email,0,0,16.0,16.44,0.44,5.0,5.26,0.26
24,159,5.7,177,Cardiology,86,0.338,Email,Email,1,4,14.0,23.56,9.56,8.0,9.82,1.82
48,336,11.4,109,Cardiology,79,0.289,All,Call,1,1,10.0,14.7,4.7,6.0,7.23,1.23
4,416,15.7,136,Oncology,93,0.209,Insights,Insights,0,0,8.0,8.32,0.32,2.0,2.22,0.22
39,107,16.9,55,Primary Care,71,0.345,All,All,1,1,19.0,23.34,4.34,1.0,2.61,1.61
2,56,6.3,75,Cardiology,82,0.258,All,All,1,1,19.0,22.35,3.35,6.0,7.65,1.65
4,120,15.7,136,Primary Care,76,0.259,All,Call,0,0,21.0,21.23,0.23,7.0,7.02,0.02
35,289,17.5,101,Neurology,87,0.352,All,All,1,7,13.0,26.04,13.04,4.0,7.31,3.31
60,480,13.3,137,Primary Care,86,0.362,Insights,All,0,0,10.0,11.26,1.26,5.0,5.04,0.04
71,81,11.1,124,Cardiology,93,0.439,Call,Call,1,0,15.0,19.54,4.54,4.0,5.52,1.52
8,22,17.0,116,Primary Care,76,0.2,Email,Email,1,2,10.0,15.48,5.48,6.0,7.68,1.68
20,265,4.7,153,Cardiology,79,0.42,Insights,Insights,1,3,15.0,20.84,5.84,8.0,10.33,2.33
34,496,1.0,82,Cardiology,78,0.351,All,All,0,0,13.0,14.35,1.35,2.0,2.18,0.18
46,277,14.6,60,Neurology,67,0.525,Insights,Insights,1,3,11.0,16.98,5.98,6.0,7.6,1.6
79,463,19.8,87,Neurology,64,0.253,Call,Call,0,0,10.0,11.69,1.69,2.0,2.25,0.25
55,322,12.2,128,Oncology,79,0.407,All,Call,1,3,17.0,26.11,9.11,5.0,8.08,3.08
44,16,18.7,26,Oncology,92,0.61,Call,Call,1,1,10.0,15.52,5.52,4.0,4.45,0.45
5,214,14.3,123,Primary Care,80,0.677,Call,Call,0,0,11.0,11.86,0.86,2.0,2.05,0.05
7,386,16.5,42,Cardiology,87,0.372,All,Insights,1,4,10.0,18.84,8.84,2.0,4.77,2.77
13,255,7.9,51,Cardiology,84,0.46,Insights,Insights,1,1,21.0,26.85,5.85,3.0,4.1,1.1
53,98,14.4,171,Primary Care,84,0.947,Call,Call,1,5,10.0,16.8,6.8,4.0,6.2,2.2
27,91,14.9,28,Neurology,80,0.394,Call,Call,1,3,13.0,18.44,5.44,5.0,7.35,2.35
20,332,4.7,153,Primary Care,88,0.31,Insights,Insights,0,0,20.0,20.05,0.05,3.0,3.1,0.1
54,232,18.8,54,Neurology,78,0.439,Call,Call,1,2,13.0,19.0,6.0,6.0,7.63,1.63
66,288,3.4,187,Primary Care,84,0.271,Email,Email,1,1,20.0,25.85,5.85,3.0,3.27,0.27
36,187,9.2,60,Cardiology,100,0.246,Insights,Insights,1,2,16.0,24.02,8.02,4.0,5.71,1.71
71,170,11.1,124,Oncology,85,0.258,Insights,Insights,1,2,16.0,21.75,5.75,2.0,3.81,1.81
59,334,17.8,73,Oncology,87,0.118,Email,Email,0,0,12.0,12.78,0.78,2.0,2.47,0.47
58,4,14.5,120,Cardiology,80,0.464,Insights,Insights,1,2,19.0,23.09,4.09,4.0,6.46,2.46
70,218,9.1,60,Cardiology,77,0.354,Insights,Insights,0,0,11.0,11.06,0.06,4.0,4.14,0.14
15,186,5.6,103,Cardiology,82,0.35,Call,Call,0,0,11.0,11.33,0.33,5.0,5.31,0.31
61,390,5.4,66,Primary Care,60,0.288,Call,Email,0,0,16.0,16.84,0.84,7.0,7.23,0.23
77,365,5.6,150,Primary Care,94,0.448,Call,Call,1,6,18.0,27.1,9.1,4.0,7.32,3.32
80,213,5.0,190,Cardiology,83,0.393,Call,Call,0,0,16.0,16.15,0.15,1.0,1.14,0.14
47,132,19.6,145,Oncology,73,0.254,All,Email,1,2,15.0,23.11,8.11,5.0,5.72,0.72
61,118,5.4,66,Oncology,79,0.377,Call,Call,1,3,16.0,21.72,5.72,6.0,7.68,1.68
72,106,5.3,163,Cardiology,97,0.804,All,All,1,4,13.0,19.4,6.4,2.0,3.93,1.93
69,137,19.6,188,Cardiology,70,0.134,Call,Call,0,0,11.0,11.83,0.83,4.0,4.13,0.13
72,381,5.3,163,Oncology,76,0.158,Insights,Insights,1,2,9.0,17.28,8.28,2.0,3.34,1.34
67,23,8.8,42,Cardiology,88,0.417,Insights,Insights,1,5,13.0,20.63,7.63,0.0,2.89,2.89
31,14,7.9,33,Neurology,97,0.519,All,Email,1,1,14.0,17.65,3.65,1.0,2.42,1.42
59,270,17.8,73,Primary Care,86,0.471,All,All,1,4,12.0,16.91,4.91,1.0,3.7,2.7
33,112,7.1,115,Neurology,67,0.565,Insights,Insights,1,2,14.0,20.09,6.09,3.0,4.82,1.82
65,416,4.0,150,Oncology,93,0.209,Call,Call,1,1,11.0,14.99,3.99,9.0,10.87,1.87
65,377,4.0,150,Primary Care,70,0.168,All,All,0,0,13.0,13.64,0.64,3.0,3.42,0.42
75,385,10.3,91,Primary Care,88,0.763,All,Insights,1,2,11.0,18.5,7.5,6.0,8.22,2.22
48,229,11.4,109,Primary Care,81,0.425,All,Email,1,5,9.0,20.51,11.51,9.0,12.71,3.71
39,219,16.9,55,Neurology,73,0.039,Email,Email,1,2,18.0,25.55,7.55,0.0,2.24,2.24
14,213,1.0,123,Cardiology,83,0.393,Email,Email,0,0,18.0,18.02,0.02,5.0,5.18,0.18
52,99,18.3,191,Neurology,72,0.758,Call,Call,1,1,17.0,21.47,4.47,7.0,9.18,2.18
46,284,14.6,60,Primary Care,71,0.228,All,All,1,3,11.0,19.52,8.52,5.0,7.27,2.27
42,432,17.0,101,Cardiology,82,0.379,Email,Email,1,3,18.0,23.19,5.19,6.0,8.5,2.5
55,129,12.2,128,Primary Care,88,0.726,Call,Call,1,4,16.0,23.99,7.99,8.0,9.75,1.75
69,29,19.6,188,Oncology,75,0.618,Insights,Insights,0,0,16.0,16.31,0.31,2.0,2.09,0.09
12,283,13.9,58,Oncology,79,0.265,Email,Email,1,4,14.0,22.07,8.07,2.0,5.08,3.08
35,200,17.5,101,Primary Care,89,0.329,All,Call,1,2,17.0,23.89,6.89,2.0,3.29,1.29
58,399,14.5,120,Cardiology,77,0.525,Email,Email,0,0,14.0,14.43,0.43,3.0,3.2,0.2
66,429,3.4,187,Oncology,91,0.722,All,All,0,0,21.0,21.23,0.23,4.0,4.6,0.6
63,476,15.4,190,Cardiology,89,0.053,Call,Insights,0,0,15.0,15.09,0.09,5.0,5.07,0.07
64,197,18.8,49,Primary Care,70,0.318,Insights,Insights,1,2,22.0,27.53,5.53,3.0,4.47,1.47
69,451,19.6,188,Neurology,74,0.702,Insights,Insights,1,3,16.0,26.1,10.1,4.0,6.37,2.37
77,59,5.6,150,Cardiology,77,0.309,Call,Call,1,3,12.0,17.38,5.38,3.0,5.02,2.02
49,187,14.2,24,Cardiology,100,0.246,Call,Call,1,0,18.0,22.46,4.46,3.0,3.85,0.85
20,133,4.7,153,Oncology,88,0.176,All,Insights,1,0,12.0,14.29,2.29,0.0,1.72,1.72
46,462,14.6,60,Primary Care,65,0.088,Insights,Insights,0,0,13.0,13.31,0.31,5.0,5.15,0.15
57,301,6.8,128,Oncology,79,0.068,Email,Email,0,0,29.0,29.15,0.15,1.0,1.11,0.11
9,183,12.2,167,Primary Care,68,0.476,All,All,0,0,15.0,16.73,1.73,3.0,3.92,0.92
61,77,5.4,66,Neurology,75,0.827,Email,Email,1,2,18.0,22.9,4.9,3.0,4.58,1.58
44,392,18.7,26,Primary Care,77,0.126,Call,Call,1,3,15.0,19.29,4.29,5.0,6.65,1.65
75,328,10.3,91,Cardiology,83,0.37,Call,Call,1,5,16.0,27.28,11.28,4.0,6.82,2.82
17,427,14.5,38,Oncology,85,0.282,Call,Call,0,0,21.0,22.02,1.02,3.0,3.2,0.2
73,220,9.5,80,Cardiology,75,0.559,Email,Email,1,5,9.0,19.37,10.37,3.0,4.25,1.25
36,75,9.2,60,Oncology,88,0.31,Call,Call,1,0,18.0,23.61,5.61,7.0,8.04,1.04
46,168,14.6,60,Oncology,67,0.519,Email,Insights,1,3,18.0,22.24,4.24,4.0,5.18,1.18
53,311,14.4,171,Primary Care,74,0.685,Call,Call,1,2,24.0,30.85,6.85,5.0,6.35,1.35
47,121,19.6,145,Primary Care,71,0.265,Insights,Insights,1,1,14.0,17.5,3.5,6.0,7.62,1.62
73,36,9.5,80,Oncology,95,0.734,Insights,Insights,1,4,14.0,22.25,8.25,2.0,4.14,2.14
14,412,1.0,123,Neurology,76,0.38,Email,Call,0,0,13.0,13.24,0.24,4.0,4.17,0.17
59,266,17.8,73,Neurology,93,0.138,Email,Call,1,4,14.0,22.45,8.45,1.0,2.88,1.88
78,199,19.6,86,Primary Care,88,0.233,Insights,All,0,0,17.0,17.1,0.1,6.0,6.49,0.49
18,277,7.3,45,Neurology,67,0.525,Insights,All,1,5,21.0,21.3,0.3,2.0,3.05,1.05
21,370,6.0,31,Neurology,75,0.29,All,All,1,2,18.0,24.5,6.5,5.0,6.0,1.0
39,1,16.9,55,Primary Care,84,0.555,Email,Email,1,3,19.0,28.45,9.45,4.0,6.9,2.9
58,221,14.5,120,Neurology,71,0.5,Email,Email,0,0,10.0,10.14,0.14,5.0,5.45,0.45
77,128,5.6,150,Primary Care,68,0.624,Call,Call,1,0,15.0,17.32,2.32,3.0,3.01,0.01
64,46,18.8,49,Neurology,90,0.647,Insights,Insights,0,0,7.0,7.03,0.03,5.0,5.97,0.97
64,18,18.8,49,Neurology,84,0.29,Call,Call,1,0,12.0,15.65,3.65,2.0,2.21,0.21
36,221,9.2,60,Neurology,71,0.5,Email,Email,1,1,17.0,21.32,4.32,2.0,3.33,1.33
52,272,18.3,191,Cardiology,76,0.329,Email,Email,1,3,14.0,18.5,4.5,3.0,4.03,1.03
17,254,14.5,38,Oncology,81,0.098,Insights,Insights,1,1,19.0,21.67,2.67,3.0,3.29,0.29
38,392,2.6,161,Primary Care,77,0.126,Call,Call,1,1,15.0,21.29,6.29,6.0,7.62,1.62
16,229,15.5,62,Primary Care,81,0.425,Insights,Email,1,5,15.0,18.85,3.85,1.0,2.17,1.17
3,295,1.5,33,Primary Care,84,0.131,Call,Call,0,0,18.0,18.42,0.42,4.0,4.01,0.01
69,409,19.6,188,Primary Care,87,0.647,Call,Call,1,3,16.0,26.44,10.44,4.0,4.58,0.58
65,329,4.0,150,Cardiology,70,0.471,Email,Email,0,0,14.0,14.05,0.05,4.0,4.66,0.66
41,456,8.8,52,Cardiology,75,0.223,All,Email,1,3,16.0,21.93,5.93,8.0,9.53,1.53
2,111,6.3,75,Cardiology,80,0.346,Email,Email,0,0,16.0,16.33,0.33,3.0,3.14,0.14
8,394,17.0,116,Oncology,78,0.317,Email,Insights,1,1,6.0,11.41,5.41,1.0,1.48,0.48
9,349,12.2,167,Primary Care,63,0.195,All,Call,1,2,23.0,28.82,5.82,3.0,4.8,1.8
58,292,14.5,120,Cardiology,67,0.446,Email,Email,1,4,9.0,15.62,6.62,2.0,3.92,1.92
17,2,14.5,38,Neurology,86,0.643,Call,Call,0,0,16.0,16.09,0.09,6.0,6.1,0.1
21,271,6.0,31,Neurology,87,0.401,Call,Call,1,2,17.0,23.55,6.55,4.0,6.35,2.35
69,430,19.6,188,Primary Care,77,0.352,Insights,Email,1,3,10.0,13.53,3.53,5.0,6.16,1.16
71,323,11.1,124,Cardiology,79,0.305,Call,Call,1,2,14.0,21.94,7.94,9.0,10.15,1.15
62,3,11.3,183,Primary Care,78,0.833,All,All,1,1,19.0,23.02,4.02,2.0,2.62,0.62
25,144,10.3,198,Primary Care,71,0.029,All,Email,1,2,15.0,21.52,6.52,5.0,6.77,1.77
47,285,19.6,145,Primary Care,76,0.112,Insights,Call,0,0,7.0,7.19,0.19,8.0,8.12,0.12
17,406,14.5,38,Primary Care,83,0.594,Email,Email,1,6,7.0,17.42,10.42,2.0,5.27,3.27
69,223,19.6,188,Oncology,99,0.726,All,Call,1,3,11.0,18.58,7.58,11.0,14.03,3.03
7,429,16.5,42,Oncology,91,0.722,All,All,1,8,17.0,30.0,13.0,5.0,8.81,3.81
60,398,13.3,137,Cardiology,83,0.425,All,All,1,5,19.0,27.06,8.06,2.0,4.2,2.2
41,134,8.8,52,Neurology,80,0.588,Email,Email,1,6,19.0,30.4,11.4,3.0,6.66,3.66
61,98,5.4,66,Primary Care,84,0.947,Insights,Insights,1,1,20.0,25.04,5.04,5.0,5.41,0.41
37,452,10.3,187,Cardiology,71,0.233,All,Email,1,6,13.0,22.35,9.35,5.0,7.26,2.26
13,295,7.9,51,Primary Care,84,0.131,All,Call,1,5,12.0,19.78,7.78,2.0,4.59,2.59
61,425,5.4,66,Cardiology,86,0.128,Call,Call,1,4,16.0,27.38,11.38,2.0,3.62,1.62
51,462,15.3,66,Primary Care,65,0.088,All,All,0,0,20.0,20.07,0.07,8.0,8.36,0.36
38,213,2.6,161,Cardiology,83,0.393,Insights,Insights,0,0,12.0,12.92,0.92,6.0,6.07,0.07
30,23,12.2,100,Cardiology,88,0.417,All,Call,1,2,12.0,19.26,7.26,7.0,9.21,2.21
28,455,19.3,22,Cardiology,81,0.852,Insights,Insights,1,3,23.0,29.29,6.29,1.0,3.16,2.16
39,292,16.9,55,Cardiology,67,0.446,All,Call,1,4,14.0,20.24,6.24,6.0,9.22,3.22
21,61,6.0,31,Neurology,81,0.304,Call,Call,1,4,11.0,18.14,7.14,4.0,5.13,1.13
23,265,8.9,67,Cardiology,79,0.42,Email,Email,0,0,18.0,18.13,0.13,3.0,3.04,0.04
23,14,8.9,67,Neurology,97,0.519,Call,Call,0,0,19.0,19.07,0.07,5.0,5.46,0.46
2,145,6.3,75,Primary Care,81,0.259,All,All,1,7,15.0,26.25,11.25,4.0,7.25,3.25
75,174,10.3,91,Neurology,102,0.101,Email,Email,1,5,11.0,21.77,10.77,8.0,10.46,2.46
19,228,12.9,81,Cardiology,78,0.41,Insights,Insights,1,1,17.0,23.47,6.47,3.0,4.39,1.39
14,283,1.0,123,Oncology,79,0.265,All,Email,1,3,14.0,24.59,10.59,3.0,3.67,0.67
13,420,7.9,51,Neurology,87,0.385,All,Email,1,8,17.0,29.37,12.37,7.0,9.38,2.38
80,176,5.0,190,Primary Care,83,0.723,Insights,Insights,0,0,16.0,16.48,0.48,5.0,5.79,0.79
39,368,16.9,55,Cardiology,83,0.162,All,Call,0,0,17.0,17.25,0.25,5.0,5.04,0.04
27,472,14.9,28,Cardiology,75,0.516,Email,Email,0,0,22.0,22.32,0.32,5.0,5.13,0.13
33,375,7.1,115,Cardiology,77,0.043,Call,Call,1,3,14.0,22.69,8.69,5.0,6.24,1.24
8,128,17.0,116,Primary Care,68,0.624,Insights,Call,0,0,13.0,13.18,0.18,3.0,3.51,0.51
26,339,8.4,99,Primary Care,82,0.594,All,Email,1,6,11.0,24.99,13.99,3.0,6.03,3.03
20,141,4.7,153,Cardiology,68,0.434,Call,Call,0,0,14.0,14.31,0.31,8.0,8.99,0.99
65,239,4.0,150,Cardiology,88,0.392,Email,Email,0,0,19.0,20.57,1.57,4.0,4.19,0.19
5,318,14.3,123,Oncology,73,0.571,Insights,Email,0,0,6.0,6.09,0.09,5.0,5.6,0.6
35,147,17.5,101,Cardiology,86,0.24,Call,Call,1,1,10.0,13.19,3.19,0.0,1.17,1.17
64,2,18.8,49,Neurology,86,0.643,All,Insights,1,2,13.0,19.75,6.75,4.0,5.24,1.24
67,419,8.8,42,Cardiology,81,0.451,Call,Email,0,0,15.0,15.29,0.29,6.0,6.17,0.17
42,364,17.0,101,Oncology,79,0.603,All,All,0,0,12.0,12.43,0.43,2.0,2.1,0.1
18,62,7.3,45,Neurology,83,0.649,Insights,Insights,1,1,18.0,23.1,5.1,7.0,8.42,1.42
27,189,14.9,28,Neurology,77,0.106,All,Call,1,2,12.0,18.25,6.25,2.0,4.42,2.42
18,131,7.3,45,Neurology,69,0.687,All,All,0,0,9.0,9.04,0.04,6.0,6.16,0.16
53,489,14.4,171,Primary Care,80,0.863,Call,Call,1,4,12.0,19.15,7.15,4.0,5.81,1.81
24,471,5.7,177,Primary Care,92,0.141,Call,Call,1,1,18.0,24.01,6.01,3.0,4.44,1.44
51,346,15.3,66,Neurology,88,0.173,All,Call,1,3,18.0,26.87,8.87,7.0,8.5,1.5
53,221,14.4,171,Neurology,71,0.5,Email,Email,1,7,15.0,25.61,10.61,5.0,8.7,3.7
76,27,1.2,80,Cardiology,98,0.116,Insights,Insights,1,2,15.0,21.75,6.75,5.0,6.88,1.88
30,124,12.2,100,Cardiology,64,0.774,Email,Email,1,3,14.0,18.34,4.34,0.0,1.83,1.83
77,47,5.6,150,Neurology,98,0.51,All,All,0,0,16.0,16.19,0.19,6.0,6.0,0.0
33,395,7.1,115,Primary Care,82,0.363,Email,Insights,1,3,11.0,14.2,3.2,2.0,3.18,1.18
55,45,12.2,128,Primary Care,74,0.138,Insights,Insights,0,0,19.0,19.28,0.28,5.0,5.06,0.06
53,339,14.4,171,Primary Care,82,0.594,Insights,Insights,0,0,13.0,13.85,0.85,4.0,4.53,0.53
66,477,3.4,187,Primary Care,81,0.627,Email,Email,1,2,11.0,19.05,8.05,5.0,6.35,1.35
38,154,2.6,161,Oncology,88,0.42,Call,Call,1,4,11.0,20.11,9.11,4.0,6.21,2.21
64,343,18.8,49,Neurology,73,0.188,All,All,1,5,17.0,26.64,9.64,8.0,10.73,2.73
29,440,12.2,174,Neurology,80,0.5,Insights,Email,0,0,10.0,10.77,0.77,7.0,7.27,0.27
40,214,4.2,152,Primary Care,80,0.677,All,All,1,6,13.0,22.68,9.68,2.0,4.17,2.17
40,225,4.2,152,Primary Care,78,0.565,All,Email,0,0,17.0,17.47,0.47,1.0,1.04,0.04
57,101,6.8,128,Cardiology,69,0.507,Insights,Insights,0,0,20.0,20.57,0.57,3.0,3.05,0.05
50,214,8.5,157,Primary Care,80,0.677,Insights,Insights,1,1,10.0,15.83,5.83,8.0,9.31,1.31
7,437,16.5,42,Oncology,82,0.121,All,Email,0,0,14.0,14.07,0.07,5.0,5.18,0.18
65,332,4.0,150,Primary Care,88,0.31,Insights,Insights,0,0,10.0,10.05,0.05,6.0,6.42,0.42
61,101,5.4,66,Cardiology,69,0.507,Call,Call,1,4,9.0,18.53,9.53,7.0,8.35,1.35
9,264,12.2,167,Primary Care,85,0.184,All,Insights,0,0,11.0,11.43,0.43,4.0,4.11,0.11
77,354,5.6,150,Cardiology,77,0.52,All,All,1,2,21.0,30.51,9.51,9.0,11.2,2.2
53,39,14.4,171,Oncology,77,0.367,Call,Call,1,4,17.0,25.87,8.87,1.0,2.48,1.48
7,382,16.5,42,Cardiology,72,0.608,Email,Email,1,2,18.0,26.2,8.2,3.0,5.29,2.29
40,101,4.2,152,Cardiology,69,0.507,Insights,Insights,0,0,14.0,15.01,1.01,3.0,3.07,0.07
67,148,8.8,42,Neurology,80,0.513,All,Insights,1,2,16.0,24.32,8.32,1.0,2.63,1.63
23,209,8.9,67,Primary Care,77,0.116,Call,Call,1,2,13.0,20.03,7.03,5.0,6.13,1.13
75,253,10.3,91,Oncology,86,0.74,All,Insights,1,0,14.0,17.79,3.79,4.0,4.86,0.86
34,459,1.0,82,Oncology,84,0.196,Insights,Insights,1,1,17.0,20.58,3.58,1.0,2.64,1.64
19,112,12.9,81,Neurology,67,0.565,Call,All,1,2,15.0,18.52,3.52,1.0,2.44,1.44
29,128,12.2,174,Primary Care,68,0.624,Insights,Email,1,4,15.0,20.87,5.87,5.0,7.04,2.04
42,190,17.0,101,Primary Care,84,0.621,Call,Call,0,0,14.0,14.53,0.53,4.0,4.42,0.42
56,429,12.0,85,Oncology,91,0.722,All,Email,1,4,22.0,30.82,8.82,2.0,3.72,1.72
75,483,10.3,91,Oncology,85,0.557,Email,Email,1,4,18.0,25.69,7.69,5.0,6.86,1.86
16,228,15.5,62,Cardiology,78,0.41,All,Call,1,2,17.0,21.09,4.09,3.0,4.04,1.04
77,347,5.6,150,Primary Care,75,0.174,Call,Email,0,0,14.0,14.93,0.93,2.0,2.07,0.07
43,459,9.7,154,Oncology,84,0.196,All,Insights,1,2,15.0,19.88,4.88,2.0,4.01,2.01
11,424,14.7,189,Neurology,81,0.381,All,Call,1,2,12.0,19.6,7.6,5.0,5.4,0.4
75,341,10.3,91,Cardiology,79,0.146,Email,Email,1,3,14.0,22.39,8.39,4.0,5.17,1.17
28,271,19.3,22,Neurology,87,0.401,All,All,1,5,19.0,31.08,12.08,7.0,9.45,2.45
50,493,8.5,157,Neurology,73,0.058,Call,Call,0,0,20.0,20.98,0.98,5.0,5.03,0.03
56,120,12.0,85,Primary Care,76,0.259,Insights,Insights,1,2,15.0,20.94,5.94,5.0,7.43,2.43
2,182,6.3,75,Neurology,70,0.403,All,All,0,0,11.0,11.44,0.44,2.0,2.2,0.2
18,357,7.3,45,Primary Care,73,0.27,All,All,1,7,13.0,22.99,9.99,4.0,6.74,2.74
55,11,12.2,128,Primary Care,81,0.098,Insights,Insights,1,3,16.0,23.2,7.2,7.0,9.62,2.62
26,251,8.4,99,Primary Care,90,0.67,All,Email,1,4,15.0,23.76,8.76,9.0,10.93,1.93
1,428,18.1,130,Neurology,76,0.716,Call,Call,1,4,15.0,22.44,7.44,4.0,6.56,2.56
2,89,6.3,75,Primary Care,91,0.808,Email,Email,1,4,15.0,22.75,7.75,4.0,5.96,1.96
67,402,8.8,42,Cardiology,76,0.552,Email,Email,1,1,19.0,24.37,5.37,3.0,4.0,1.0
13,207,7.9,51,Oncology,63,0.411,Call,Call,0,0,18.0,18.09,0.09,6.0,6.09,0.09
9,431,12.2,167,Oncology,61,0.102,Insights,All,0,0,22.0,22.16,0.16,3.0,3.54,0.54
45,318,5.0,150,Oncology,73,0.571,Call,Call,1,1,14.0,19.3,5.3,7.0,7.7,0.7
10,79,19.4,180,Neurology,91,0.237,Insights,Insights,1,2,14.0,19.72,5.72,4.0,5.98,1.98
53,368,14.4,171,Cardiology,83,0.162,Email,Insights,1,2,7.0,12.47,5.47,8.0,8.38,0.38
44,29,18.7,26,Oncology,75,0.618,Call,Call,0,0,13.0,13.65,0.65,3.0,3.07,0.07
52,122,18.3,191,Neurology,82,0.76,All,All,1,1,9.0,13.59,4.59,3.0,3.97,0.97
40,445,4.2,152,Neurology,73,0.19,Email,Email,1,1,14.0,17.35,3.35,3.0,3.59,0.59
63,438,15.4,190,Cardiology,88,0.581,All,Email,0,0,13.0,13.26,0.26,3.0,3.05,0.05
52,24,18.3,191,Primary Care,92,0.605,All,All,1,6,13.0,25.98,12.98,3.0,5.67,2.67
34,190,1.0,82,Primary Care,84,0.621,Insights,Insights,1,2,13.0,19.56,6.56,3.0,4.4,1.4
2,48,6.3,75,Neurology,89,0.023,All,Email,1,3,19.0,23.93,4.93,2.0,2.7,0.7
22,136,19.0,38,Primary Care,69,0.746,All,Call,1,2,13.0,18.19,5.19,5.0,5.73,0.73
11,484,14.7,189,Oncology,81,0.394,Email,Email,1,6,17.0,27.69,10.69,3.0,6.51,3.51
2,98,6.3,75,Primary Care,84,0.947,Insights,Insights,1,1,22.0,27.67,5.67,3.0,4.3,1.3
22,321,19.0,38,Oncology,80,0.224,Email,All,0,0,16.0,16.23,0.23,3.0,3.18,0.18
17,403,14.5,38,Primary Care,85,0.41,Call,Call,0,0,21.0,21.4,0.4,0.0,0.13,0.13
7,441,16.5,42,Oncology,82,0.069,Insights,Insights,0,0,14.0,14.17,0.17,0.0,0.61,0.61
25,178,10.3,198,Oncology,75,0.326,All,All,1,2,7.0,12.74,5.74,4.0,6.47,2.47
41,349,8.8,52,Primary Care,63,0.195,All,Email,1,0,12.0,16.06,4.06,1.0,2.05,1.05
15,242,5.6,103,Primary Care,74,0.264,All,Call,1,4,19.0,26.71,7.71,7.0,10.1,3.1
22,54,19.0,38,Primary Care,70,0.118,All,Call,1,2,16.0,21.89,5.89,4.0,5.17,1.17
2,112,6.3,75,Neurology,67,0.565,Insights,All,1,5,18.0,23.55,5.55,1.0,2.3,1.3
5,375,14.3,123,Cardiology,77,0.043,Email,Email,0,0,13.0,13.8,0.8,6.0,6.12,0.12
13,344,7.9,51,Cardiology,99,0.496,Email,Insights,1,1,23.0,27.19,4.19,4.0,5.09,1.09
37,261,10.3,187,Primary Care,92,0.673,Insights,Insights,1,2,18.0,24.56,6.56,2.0,3.03,1.03
54,391,18.8,54,Cardiology,83,0.754,All,Call,1,3,13.0,19.68,6.68,4.0,6.86,2.86
64,346,18.8,49,Neurology,88,0.173,Email,Call,1,1,17.0,21.28,4.28,6.0,6.0,0.0
51,170,15.3,66,Oncology,85,0.258,Call,Call,0,0,18.0,18.07,0.07,7.0,7.18,0.18
50,147,8.5,157,Cardiology,86,0.24,Call,Call,1,2,19.0,25.2,6.2,4.0,5.19,1.19
75,473,10.3,91,Oncology,95,0.199,Insights,Insights,0,0,11.0,11.07,0.07,1.0,1.22,0.22
21,486,6.0,31,Neurology,83,0.187,Call,Call,1,4,14.0,22.42,8.42,3.0,4.73,1.73
64,16,18.8,49,Oncology,92,0.61,Email,Email,1,4,10.0,17.73,7.73,0.0,2.39,2.39
75,396,10.3,91,Oncology,61,0.217,Email,Call,1,3,11.0,12.78,1.78,8.0,9.28,1.28
46,67,14.6,60,Oncology,87,0.465,Call,Call,1,2,12.0,20.74,8.74,3.0,4.87,1.87
68,431,3.4,153,Oncology,61,0.102,Insights,Insights,0,0,17.0,17.05,0.05,2.0,2.06,0.06
12,295,13.9,58,Primary Care,84,0.131,All,All,0,0,11.0,11.39,0.39,3.0,3.09,0.09
71,344,11.1,124,Cardiology,99,0.496,Email,Email,1,3,11.0,19.73,8.73,2.0,3.79,1.79
46,351,14.6,60,Cardiology,67,0.51,Insights,Insights,0,0,11.0,12.15,1.15,3.0,3.47,0.47
18,303,7.3,45,Neurology,71,0.161,Insights,Insights,0,0,18.0,18.55,0.55,3.0,3.14,0.14
5,126,14.3,123,Oncology,82,0.333,Insights,Insights,1,1,14.0,19.36,5.36,1.0,2.77,1.77
58,404,14.5,120,Primary Care,83,0.092,Call,Insights,0,0,16.0,16.58,0.58,4.0,4.15,0.15
35,278,17.5,101,Oncology,76,0.244,Email,Email,0,0,26.0,26.12,0.12,4.0,4.09,0.09
25,273,10.3,198,Neurology,77,0.662,All,All,0,0,14.0,14.15,0.15,3.0,3.03,0.03
32,160,11.7,170,Primary Care,88,0.064,All,All,1,3,15.0,20.85,5.85,3.0,3.89,0.89
80,6,5.0,190,Primary Care,70,0.138,Call,Call,1,2,15.0,22.1,7.1,1.0,1.01,0.01
35,278,17.5,101,Oncology,76,0.244,Insights,Insights,0,0,21.0,21.25,0.25,6.0,6.28,0.28
7,173,16.5,42,Primary Care,82,0.83,Email,Email,1,4,14.0,19.36,5.36,8.0,10.95,2.95
23,330,8.9,67,Oncology,70,0.262,Email,Email,0,0,18.0,18.39,0.39,6.0,6.08,0.08
12,183,13.9,58,Primary Care,68,0.476,Email,Email,0,0,21.0,21.89,0.89,3.0,3.54,0.54
55,487,12.2,128,Primary Care,69,0.447,All,Call,0,0,11.0,11.26,0.26,4.0,4.03,0.03
65,341,4.0,150,Cardiology,79,0.146,Email,Email,0,0,11.0,11.59,0.59,5.0,5.25,0.25
68,228,3.4,153,Cardiology,78,0.41,Email,Email,1,4,10.0,17.61,7.61,5.0,7.7,2.7
51,355,15.3,66,Cardiology,79,0.655,Email,Email,1,3,11.0,20.91,9.91,4.0,5.67,1.67
62,325,11.3,183,Neurology,75,0.759,Email,Email,1,1,14.0,16.91,2.91,7.0,7.28,0.28
34,311,1.0,82,Primary Care,74,0.685,Call,Call,1,3,14.0,20.03,6.03,4.0,5.27,1.27
51,290,15.3,66,Primary Care,89,0.269,Insights,Insights,1,1,14.0,20.66,6.66,4.0,5.34,1.34
9,466,12.2,167,Neurology,82,0.66,Insights,Insights,1,3,13.0,19.66,6.66,6.0,8.58,2.58
44,159,18.7,26,Cardiology,86,0.338,Call,Call,1,6,16.0,25.4,9.4,4.0,7.27,3.27
45,217,5.0,150,Cardiology,87,0.479,Call,Call,1,5,14.0,23.96,9.96,5.0,7.05,2.05
3,127,1.5,33,Cardiology,63,0.593,All,All,1,3,18.0,26.19,8.19,5.0,6.71,1.71
44,285,18.7,26,Primary Care,76,0.112,Call,Call,1,4,15.0,22.98,7.98,6.0,8.75,2.75
58,494,14.5,120,Oncology,64,0.439,Email,Email,1,2,16.0,21.33,5.33,7.0,8.4,1.4
30,305,12.2,100,Primary Care,80,0.047,All,Call,0,0,10.0,10.31,0.31,2.0,2.13,0.13
44,104,18.7,26,Neurology,82,0.246,Insights,Insights,1,5,14.0,22.69,8.69,4.0,6.11,2.11
23,461,8.9,67,Neurology,93,0.205,Call,All,1,5,7.0,11.46,4.46,2.0,2.0,0.0
22,396,19.0,38,Oncology,61,0.217,Call,Call,1,1,17.0,23.46,6.46,3.0,4.29,1.29
11,221,14.7,189,Neurology,71,0.5,Email,Email,1,4,14.0,22.89,8.89,6.0,8.89,2.89
27,74,14.9,28,Cardiology,89,0.492,Email,Email,0,0,5.0,6.66,1.66,1.0,1.5,0.5
65,202,4.0,150,Oncology,69,0.55,All,All,0,0,15.0,15.11,0.11,3.0,3.04,0.04
75,403,10.3,91,Primary Care,85,0.41,Insights,Insights,1,2,13.0,20.48,7.48,1.0,2.01,1.01
51,289,15.3,66,Neurology,87,0.352,Email,Email,1,4,14.0,23.53,9.53,3.0,5.1,2.1
50,93,8.5,157,Primary Care,92,0.396,Email,Email,0,0,15.0,15.23,0.23,2.0,2.24,0.24
50,80,8.5,157,Neurology,78,0.356,Call,Call,0,0,10.0,10.29,0.29,4.0,4.07,0.07
39,484,16.9,55,Oncology,81,0.394,Call,Call,1,3,20.0,27.24,7.24,3.0,5.07,2.07
34,224,1.0,82,Neurology,77,0.28,Insights,Insights,0,0,12.0,12.56,0.56,2.0,2.0,0.0
50,343,8.5,157,Neurology,73,0.188,Call,Call,0,0,12.0,12.09,0.09,5.0,5.07,0.07
63,181,15.4,190,Primary Care,69,0.282,All,All,1,2,12.0,18.86,6.86,1.0,1.31,0.31
34,46,1.0,82,Neurology,90,0.647,All,Call,0,0,12.0,12.04,0.04,5.0,5.33,0.33
46,206,14.6,60,Oncology,91,0.39,All,All,0,0,12.0,12.31,0.31,5.0,5.02,0.02
38,347,2.6,161,Primary Care,75,0.174,All,Call,1,3,22.0,28.09,6.09,5.0,5.84,0.84
23,167,8.9,67,Primary Care,82,0.32,All,All,0,0,12.0,12.42,0.42,3.0,3.07,0.07
24,302,5.7,177,Primary Care,86,0.283,All,All,0,0,14.0,14.06,0.06,3.0,3.33,0.33
7,220,16.5,42,Cardiology,75,0.559,Call,All,0,0,14.0,14.59,0.59,6.0,6.07,0.07
36,169,9.2,60,Neurology,85,0.207,Email,Email,1,7,17.0,30.98,13.98,3.0,6.71,3.71
57,128,6.8,128,Primary Care,68,0.624,Email,Email,1,4,17.0,24.95,7.95,1.0,2.68,1.68
55,131,12.2,128,Neurology,69,0.687,Insights,Insights,1,4,17.0,22.66,5.66,3.0,5.5,2.5
79,128,19.8,87,Primary Care,68,0.624,Insights,Insights,1,3,14.0,21.75,7.75,4.0,5.61,1.61
4,360,15.7,136,Oncology,81,0.298,Email,Email,1,3,21.0,26.22,5.22,5.0,6.93,1.93
61,169,5.4,66,Neurology,85,0.207,All,All,1,2,16.0,23.03,7.03,5.0,5.71,0.71
64,371,18.8,49,Oncology,79,0.598,All,All,1,8,15.0,26.6,11.6,4.0,8.12,4.12
35,156,17.5,101,Cardiology,82,0.277,Insights,Insights,0,0,17.0,17.98,0.98,5.0,5.07,0.07
23,164,8.9,67,Neurology,82,0.635,Call,Call,0,0,10.0,10.0,0.0,1.0,1.34,0.34
29,463,12.2,174,Neurology,64,0.253,Email,Email,1,2,13.0,18.89,5.89,3.0,5.11,2.11
55,439,12.2,128,Cardiology,74,0.493,Insights,Insights,1,1,14.0,17.42,3.42,2.0,3.0,1.0
69,201,19.6,188,Oncology,77,0.633,Email,Email,1,1,17.0,21.13,4.13,4.0,5.04,1.04
52,135,18.3,191,Oncology,88,0.282,Insights,Insights,1,3,19.0,27.29,8.29,1.0,1.84,0.84
42,358,17.0,101,Neurology,85,0.659,Call,Insights,1,2,13.0,17.19,4.19,4.0,5.06,1.06
53,35,14.4,171,Oncology,84,0.572,Email,Email,1,2,14.0,23.04,9.04,2.0,4.37,2.37
6,229,11.4,159,Primary Care,81,0.425,Call,Call,1,3,11.0,18.45,7.45,2.0,3.83,1.83
49,300,14.2,24,Cardiology,75,0.621,Insights,Email,1,3,17.0,22.49,5.49,6.0,6.62,0.62
4,338,15.7,136,Neurology,80,0.149,Call,Insights,0,0,10.0,10.98,0.98,0.0,0.55,0.55
77,54,5.6,150,Primary Care,70,0.118,All,All,0,0,21.0,21.86,0.86,1.0,1.01,0.01
72,2,5.3,163,Neurology,86,0.643,Email,All,1,3,22.0,28.3,6.3,5.0,5.8,0.8
41,139,8.8,52,Primary Care,72,0.319,All,All,1,3,11.0,16.79,5.79,6.0,7.4,1.4
30,60,12.2,100,Neurology,96,0.578,Email,Email,1,3,11.0,16.68,5.68,3.0,5.5,2.5
59,254,17.8,73,Oncology,81,0.098,Email,Email,1,6,12.0,20.3,8.3,3.0,5.99,2.99
52,460,18.3,191,Primary Care,77,0.092,All,All,1,3,19.0,26.6,7.6,2.0,3.48,1.48
57,144,6.8,128,Primary Care,71,0.029,All,Insights,1,2,21.0,25.83,4.83,4.0,5.17,1.17
42,227,17.0,101,Cardiology,83,0.278,Insights,Insights,1,3,17.0,22.02,5.02,3.0,4.98,1.98
19,108,12.9,81,Primary Care,76,0.337,All,Insights,0,0,20.0,20.11,0.11,2.0,2.05,0.05
6,22,11.4,159,Primary Care,76,0.2,Call,Call,0,0,25.0,25.19,0.19,8.0,8.38,0.38
23,352,8.9,67,Oncology,76,0.756,All,Call,1,2,19.0,24.39,5.39,4.0,5.11,1.11
43,129,9.7,154,Primary Care,88,0.726,Email,Email,0,0,14.0,14.27,0.27,3.0,3.0,0.0
34,274,1.0,82,Primary Care,79,0.327,All,Call,0,0,16.0,16.01,0.01,5.0,5.23,0.23
41,342,8.8,52,Oncology,83,0.431,All,Insights,1,2,10.0,19.94,9.94,3.0,5.39,2.39
23,420,8.9,67,Neurology,87,0.385,All,All,0,0,13.0,13.28,0.28,7.0,7.56,0.56
76,93,1.2,80,Primary Care,92,0.396,All,Insights,1,1,15.0,18.69,3.69,3.0,5.68,2.68
30,291,12.2,100,Primary Care,79,0.27,Insights,All,1,5,13.0,19.76,6.76,7.0,8.12,1.12
68,456,3.4,153,Cardiology,75,0.223,Insights,Insights,0,0,17.0,17.5,0.5,3.0,3.29,0.29
32,242,11.7,170,Primary Care,74,0.264,Call,Call,1,4,9.0,16.54,7.54,5.0,6.3,1.3
36,21,9.2,60,Cardiology,74,0.415,All,Call,1,2,15.0,19.43,4.43,5.0,6.35,1.35
49,131,14.2,24,Neurology,69,0.687,Insights,Call,0,0,13.0,13.15,0.15,4.0,4.08,0.08
22,398,19.0,38,Cardiology,83,0.425,Call,Call,0,0,10.0,10.81,0.81,3.0,3.15,0.15
18,397,7.3,45,Primary Care,90,0.631,All,Call,1,3,13.0,19.2,6.2,2.0,4.06,2.06
31,158,7.9,33,Cardiology,88,0.423,Email,Email,1,3,19.0,23.58,4.58,6.0,7.71,1.71
65,99,4.0,150,Neurology,72,0.758,All,Email,0,0,15.0,15.3,0.3,6.0,6.19,0.19
12,146,13.9,58,Primary Care,89,0.01,All,Call,0,0,11.0,11.73,0.73,2.0,2.52,0.52
36,122,9.2,60,Neurology,82,0.76,Email,Email,1,2,15.0,22.59,7.59,3.0,4.23,1.23
54,371,18.8,54,Oncology,79,0.598,Email,Email,0,0,9.0,9.01,0.01,5.0,5.34,0.34
57,421,6.8,128,Primary Care,82,0.174,All,All,0,0,17.0,17.25,0.25,2.0,2.16,0.16
35,24,17.5,101,Primary Care,92,0.605,Email,Email,1,4,13.0,22.81,9.81,3.0,5.74,2.74
7,371,16.5,42,Oncology,79,0.598,All,Email,1,6,20.0,30.95,10.95,8.0,9.53,1.53
2,377,6.3,75,Primary Care,70,0.168,Email,Email,0,0,13.0,13.32,0.32,3.0,3.05,0.05
38,307,2.6,161,Neurology,69,0.321,Email,Insights,0,0,20.0,20.15,0.15,3.0,3.02,0.02
65,436,4.0,150,Neurology,80,0.202,Email,Email,0,0,17.0,17.19,0.19,5.0,5.02,0.02
3,20,1.5,33,Primary Care,75,0.121,All,All,0,0,17.0,17.02,0.02,4.0,4.02,0.02
71,350,11.1,124,Neurology,82,0.491,Insights,Insights,0,0,11.0,11.16,0.16,3.0,3.34,0.34
55,64,12.2,128,Primary Care,89,0.343,All,Email,1,0,11.0,14.28,3.28,2.0,2.58,0.58
1,449,18.1,130,Oncology,71,0.266,All,Email,1,0,14.0,16.47,2.47,5.0,5.33,0.33
28,250,19.3,22,Cardiology,91,0.692,Insights,Call,0,0,17.0,17.77,0.77,5.0,5.66,0.66
18,46,7.3,45,Neurology,90,0.647,Email,Email,1,2,20.0,24.32,4.32,2.0,2.0,0.0
76,374,1.2,80,Oncology,77,0.751,Email,Email,1,4,15.0,24.21,9.21,4.0,6.21,2.21
45,375,5.0,150,Cardiology,77,0.043,All,All,0,0,20.0,20.17,0.17,3.0,3.22,0.22
26,233,8.4,99,Neurology,77,0.726,Email,Call,0,0,22.0,22.03,0.03,2.0,2.09,0.09
23,156,8.9,67,Cardiology,82,0.277,All,Call,1,3,16.0,22.6,6.6,4.0,6.54,2.54
46,9,14.6,60,Oncology,79,0.443,All,All,1,6,15.0,23.87,8.87,4.0,6.31,2.31
1,454,18.1,130,Cardiology,84,0.267,Insights,Insights,0,0,15.0,15.11,0.11,6.0,6.17,0.17
21,93,6.0,31,Primary Care,92,0.396,Insights,Insights,1,0,16.0,18.86,2.86,3.0,4.54,1.54
14,422,1.0,123,Cardiology,88,0.557,All,All,1,3,12.0,18.2,6.2,10.0,11.59,1.59
50,295,8.5,157,Primary Care,84,0.131,All,Insights,0,0,9.0,9.01,0.01,7.0,7.27,0.27
54,343,18.8,54,Neurology,73,0.188,Insights,Call,0,0,16.0,16.1,0.1,2.0,2.19,0.19
38,348,2.6,161,Oncology,88,0.382,Call,Call,1,2,14.0,22.93,8.93,4.0,5.48,1.48
12,430,13.9,58,Primary Care,77,0.352,Call,Call,1,2,19.0,23.96,4.96,6.0,7.32,1.32
30,17,12.2,100,Primary Care,85,0.339,Call,Call,1,3,12.0,20.46,8.46,2.0,3.66,1.66
68,496,3.4,153,Cardiology,78,0.351,All,Call,1,1,14.0,20.39,6.39,2.0,2.98,0.98
17,22,14.5,38,Primary Care,76,0.2,Insights,Insights,0,0,11.0,11.09,0.09,5.0,5.71,0.71
14,500,1.0,123,Neurology,86,0.438,All,Email,0,0,20.0,20.28,0.28,3.0,3.01,0.01
9,131,12.2,167,Neurology,69,0.687,Email,Email,1,3,15.0,20.42,5.42,5.0,7.09,2.09
66,423,3.4,187,Neurology,84,0.471,All,All,1,2,13.0,20.64,7.64,4.0,4.36,0.36
10,42,19.4,180,Oncology,78,0.55,Call,Call,1,3,21.0,27.97,6.97,7.0,9.74,2.74
47,231,19.6,145,Oncology,78,0.528,All,Insights,1,2,15.0,22.41,7.41,4.0,5.39,1.39
80,271,5.0,190,Neurology,87,0.401,Email,Email,1,2,11.0,19.83,8.83,9.0,10.25,1.25
52,478,18.3,191,Cardiology,95,0.507,All,Call,1,1,15.0,23.13,8.13,4.0,5.47,1.47
33,62,7.1,115,Neurology,83,0.649,Insights,Insights,0,0,25.0,25.15,0.15,8.0,8.02,0.02
17,19,14.5,38,Primary Care,65,0.675,Call,Call,0,0,19.0,19.55,0.55,0.0,0.03,0.03
1,325,18.1,130,Neurology,75,0.759,Call,Call,1,0,12.0,14.21,2.21,4.0,4.63,0.63
13,25,7.9,51,Primary Care,87,0.422,Call,Call,1,0,17.0,22.96,5.96,3.0,4.24,1.24
77,389,5.6,150,Oncology,80,0.152,Call,Call,1,1,17.0,23.25,6.25,3.0,3.24,0.24
12,20,13.9,58,Primary Care,75,0.121,Email,Call,1,6,7.0,14.14,7.14,3.0,4.86,1.86
2,486,6.3,75,Neurology,83,0.187,Call,Call,0,0,10.0,10.04,0.04,8.0,8.02,0.02
66,267,3.4,187,Primary Care,84,0.157,Call,Call,0,0,16.0,16.16,0.16,3.0,3.19,0.19
34,475,1.0,82,Cardiology,80,0.758,Call,Email,1,3,15.0,19.54,4.54,3.0,4.81,1.81
29,64,12.2,174,Primary Care,89,0.343,All,Insights,0,0,21.0,21.09,0.09,2.0,2.49,0.49
58,137,14.5,120,Cardiology,70,0.134,Call,Call,1,2,19.0,24.97,5.97,2.0,4.08,2.08
42,228,17.0,101,Cardiology,78,0.41,Email,Email,1,2,15.0,20.1,5.1,5.0,6.95,1.95
74,15,19.7,62,Primary Care,71,0.274,All,Call,1,5,17.0,28.17,11.17,6.0,7.99,1.99
38,52,2.6,161,Cardiology,70,0.308,Call,Call,1,2,20.0,24.0,4.0,8.0,10.17,2.17
58,165,14.5,120,Primary Care,74,0.219,Insights,Insights,1,5,17.0,25.28,8.28,2.0,4.32,2.32
71,369,11.1,124,Oncology,91,0.499,All,All,1,5,11.0,22.97,11.97,1.0,3.21,2.21
38,355,2.6,161,Cardiology,79,0.655,All,Call,1,6,8.0,19.57,11.57,6.0,8.23,2.23
23,44,8.9,67,Oncology,88,0.174,Insights,Email,1,4,14.0,17.36,3.36,4.0,4.9,0.9
78,30,19.6,86,Neurology,91,0.336,Insights,Insights,1,2,15.0,18.23,3.23,4.0,5.81,1.81
19,329,12.9,81,Cardiology,70,0.471,All,All,1,3,15.0,20.22,5.22,1.0,2.35,1.35
4,180,15.7,136,Primary Care,79,0.23,All,Call,1,3,9.0,16.31,7.31,3.0,5.11,2.11
47,397,19.6,145,Primary Care,90,0.631,Email,Email,1,4,15.0,23.74,8.74,1.0,2.95,1.95
79,150,19.8,87,Neurology,72,0.618,Insights,Insights,1,2,14.0,19.82,5.82,4.0,6.06,2.06
7,182,16.5,42,Neurology,70,0.403,All,All,1,4,21.0,29.6,8.6,2.0,3.88,1.88
68,110,3.4,153,Neurology,78,0.263,All,Email,0,0,22.0,23.04,1.04,4.0,4.38,0.38
67,134,8.8,42,Neurology,80,0.588,Email,Email,1,1,16.0,22.55,6.55,6.0,7.12,1.12
75,354,10.3,91,Cardiology,77,0.52,Call,Call,0,0,18.0,18.7,0.7,7.0,7.06,0.06
34,236,1.0,82,Oncology,78,0.503,Insights,Insights,1,2,25.0,27.84,2.84,3.0,4.54,1.54
21,330,6.0,31,Oncology,70,0.262,Call,Call,0,0,16.0,16.42,0.42,3.0,3.03,0.03
41,40,8.8,52,Oncology,81,0.522,Insights,Insights,1,1,23.0,27.83,4.83,2.0,4.35,2.35
12,268,13.9,58,Cardiology,86,0.264,Call,Email,0,0,13.0,13.33,0.33,2.0,2.11,0.11
68,230,3.4,153,Primary Care,92,0.26,Call,Call,1,4,13.0,21.37,8.37,5.0,7.83,2.83
54,456,18.8,54,Cardiology,75,0.223,Call,Call,0,0,14.0,14.32,0.32,4.0,4.2,0.2
39,212,16.9,55,Cardiology,70,0.076,All,Email,1,3,20.0,27.46,7.46,3.0,4.66,1.66
42,52,17.0,101,Cardiology,70,0.308,All,All,1,9,18.0,31.61,13.61,3.0,7.18,4.18
57,349,6.8,128,Primary Care,63,0.195,All,Call,1,2,15.0,17.79,2.79,3.0,5.25,2.25
42,75,17.0,101,Oncology,88,0.31,All,Call,1,5,13.0,25.21,12.21,6.0,9.44,3.44
68,455,3.4,153,Cardiology,81,0.852,All,All,1,5,13.0,23.67,10.67,2.0,5.08,3.08
74,192,19.7,62,Neurology,63,0.339,Call,Insights,1,2,10.0,12.07,2.07,2.0,2.75,0.75
76,393,1.2,80,Neurology,84,0.408,Email,Email,1,1,9.0,12.58,3.58,4.0,6.03,2.03
50,328,8.5,157,Cardiology,83,0.37,All,Call,1,2,14.0,20.55,6.55,7.0,7.78,0.78
60,233,13.3,137,Neurology,77,0.726,Insights,Insights,1,1,16.0,21.23,5.23,6.0,6.8,0.8
25,293,10.3,198,Neurology,74,0.229,Call,Call,0,0,12.0,12.09,0.09,5.0,5.15,0.15
4,92,15.7,136,Primary Care,81,0.167,All,Email,1,3,18.0,25.94,7.94,1.0,2.72,1.72
33,38,7.1,115,Oncology,84,0.363,Call,Call,0,0,20.0,20.5,0.5,4.0,4.11,0.11
70,384,9.1,60,Oncology,93,0.521,All,Call,0,0,12.0,12.95,0.95,4.0,4.02,0.02
11,480,14.7,189,Primary Care,86,0.362,Insights,Insights,1,0,14.0,18.02,4.02,5.0,5.76,0.76
44,431,18.7,26,Oncology,61,0.102,Email,Email,0,0,12.0,13.93,1.93,5.0,5.17,0.17
16,153,15.5,62,Oncology,81,0.134,All,Call,1,2,15.0,20.82,5.82,5.0,6.91,1.91
35,180,17.5,101,Primary Care,79,0.23,All,Call,1,4,25.0,34.11,9.11,6.0,8.04,2.04
12,180,13.9,58,Primary Care,79,0.23,Insights,Insights,0,0,19.0,19.32,0.32,4.0,4.02,0.02
59,352,17.8,73,Oncology,76,0.756,Insights,Insights,1,2,9.0,13.76,4.76,4.0,4.7,0.7
65,312,4.0,150,Neurology,66,0.714,Email,Email,1,2,15.0,20.61,5.61,7.0,7.84,0.84
61,399,5.4,66,Cardiology,77,0.525,Email,Email,1,0,12.0,15.23,3.23,8.0,8.3,0.3
57,473,6.8,128,Oncology,95,0.199,Email,All,0,0,24.0,24.28,0.28,4.0,4.06,0.06
19,197,12.9,81,Primary Care,70,0.318,Email,Email,1,4,21.0,26.27,5.27,2.0,5.76,3.76
43,332,9.7,154,Primary Care,88,0.31,Call,Call,0,0,18.0,18.17,0.17,7.0,7.03,0.03
9,251,12.2,167,Primary Care,90,0.67,Insights,Insights,0,0,6.0,7.02,1.02,3.0,3.29,0.29
30,478,12.2,100,Cardiology,95,0.507,Email,Email,1,1,20.0,26.17,6.17,4.0,5.78,1.78
41,178,8.8,52,Oncology,75,0.326,Insights,Insights,1,1,15.0,23.41,8.41,2.0,2.2,0.2
54,94,18.8,54,Cardiology,64,0.307,Call,Call,1,3,11.0,19.47,8.47,3.0,5.44,2.44
8,190,17.0,116,Primary Care,84,0.621,Call,Call,1,3,16.0,22.2,6.2,5.0,7.03,2.03
66,310,3.4,187,Oncology,73,0.198,All,Call,1,2,22.0,28.54,6.54,4.0,6.13,2.13
37,477,10.3,187,Primary Care,81,0.627,All,Email,0,0,12.0,12.02,0.02,3.0,3.02,0.02
71,415,11.1,124,Primary Care,79,0.153,All,All,0,0,20.0,20.3,0.3,2.0,2.26,0.26
43,10,9.7,154,Oncology,62,0.232,Email,Email,1,2,24.0,28.45,4.45,1.0,2.85,1.85
44,255,18.7,26,Cardiology,84,0.46,All,All,1,3,16.0,23.64,7.64,4.0,5.83,1.83
56,80,12.0,85,Neurology,78,0.356,Email,Email,1,3,18.0,27.59,9.59,2.0,3.15,1.15
66,182,3.4,187,Neurology,70,0.403,Insights,Call,0,0,17.0,17.1,0.1,4.0,4.3,0.3
13,472,7.9,51,Cardiology,75,0.516,All,Call,1,2,17.0,24.52,7.52,3.0,4.93,1.93
41,493,8.8,52,Neurology,73,0.058,Call,Call,1,3,8.0,16.66,8.66,0.0,2.16,2.16
3,77,1.5,33,Neurology,75,0.827,All,Email,1,1,10.0,12.41,2.41,2.0,2.76,0.76
38,71,2.6,161,Neurology,87,0.283,All,Email,1,3,11.0,17.5,6.5,1.0,3.39,2.39
66,349,3.4,187,Primary Care,63,0.195,Call,Call,0,0,15.0,16.08,1.08,3.0,3.01,0.01
70,206,9.1,60,Oncology,91,0.39,Email,Email,1,1,18.0,24.75,6.75,4.0,4.65,0.65
23,217,8.9,67,Cardiology,87,0.479,All,Insights,0,0,17.0,17.06,0.06,4.0,4.09,0.09
31,437,7.9,33,Oncology,82,0.121,Call,Call,1,2,7.0,12.38,5.38,5.0,5.49,0.49
45,461,5.0,150,Neurology,93,0.205,Email,Email,0,0,18.0,18.15,0.15,6.0,6.25,0.25
32,451,11.7,170,Neurology,74,0.702,Email,All,0,0,13.0,13.1,0.1,2.0,2.2,0.2
15,392,5.6,103,Primary Care,77,0.126,All,Call,1,4,15.0,22.81,7.81,4.0,5.46,1.46
25,491,10.3,198,Oncology,61,0.387,Email,Email,0,0,12.0,12.04,0.04,7.0,7.2,0.2
33,360,7.1,115,Oncology,81,0.298,All,All,1,2,12.0,18.23,6.23,7.0,8.95,1.95
42,443,17.0,101,Primary Care,86,0.185,Insights,All,0,0,12.0,12.33,0.33,4.0,4.78,0.78
74,271,19.7,62,Neurology,87,0.401,Call,Call,1,0,10.0,12.67,2.67,6.0,7.33,1.33
44,26,18.7,26,Oncology,78,0.357,Call,Call,0,0,16.0,16.63,0.63,6.0,6.07,0.07
31,409,7.9,33,Primary Care,87,0.647,All,All,1,7,15.0,25.94,10.94,4.0,7.39,3.39
53,465,14.4,171,Neurology,83,0.399,Call,Call,1,5,16.0,24.61,8.61,3.0,5.43,2.43
62,157,11.3,183,Oncology,85,0.547,Email,Email,0,0,14.0,14.03,0.03,3.0,3.4,0.4
35,215,17.5,101,Oncology,88,0.42,Email,All,0,0,10.0,10.06,0.06,5.0,5.6,0.6
40,287,4.2,152,Neurology,72,0.386,All,Email,1,2,14.0,19.1,5.1,7.0,8.45,1.45
18,326,7.3,45,Cardiology,85,0.18,Insights,Insights,0,0,19.0,19.11,0.11,4.0,4.28,0.28
70,338,9.1,60,Neurology,80,0.149,Insights,Call,0,0,14.0,14.1,0.1,3.0,3.23,0.23
70,198,9.1,60,Oncology,69,0.558,Email,Email,1,5,21.0,27.11,6.11,4.0,7.18,3.18
14,428,1.0,123,Neurology,76,0.716,Call,Call,0,0,10.0,11.12,1.12,4.0,4.02,0.02
28,407,19.3,22,Primary Care,87,0.244,All,Email,1,12,15.0,32.57,17.57,2.0,6.32,4.32
22,472,19.0,38,Cardiology,75,0.516,Email,Email,1,2,14.0,21.18,7.18,9.0,10.7,1.7
74,288,19.7,62,Primary Care,84,0.271,All,All,1,2,15.0,21.98,6.98,4.0,5.51,1.51
6,39,11.4,159,Oncology,77,0.367,All,Insights,0,0,9.0,9.06,0.06,4.0,4.1,0.1
17,423,14.5,38,Neurology,84,0.471,Call,Call,1,6,18.0,29.69,11.69,1.0,3.25,2.25
26,40,8.4,99,Oncology,81,0.522,All,Call,1,5,7.0,15.98,8.98,6.0,7.52,1.52
45,97,5.0,150,Primary Care,81,0.428,Insights,Insights,1,1,23.0,29.02,6.02,2.0,3.44,1.44
20,143,4.7,153,Neurology,88,0.131,Insights,Call,0,0,17.0,17.58,0.58,8.0,8.26,0.26
43,93,9.7,154,Primary Care,92,0.396,Email,All,1,3,23.0,25.91,2.91,6.0,7.18,1.18
60,362,13.3,137,Cardiology,86,0.334,All,Insights,1,5,16.0,24.46,8.46,2.0,3.91,1.91
67,221,8.8,42,Neurology,71,0.5,Call,Call,0,0,16.0,16.27,0.27,2.0,2.04,0.04
8,110,17.0,116,Neurology,78,0.263,All,All,0,0,11.0,11.2,0.2,6.0,6.02,0.02
12,3,13.9,58,Primary Care,78,0.833,Call,Call,1,2,16.0,25.48,9.48,2.0,4.02,2.02
8,109,17.0,116,Neurology,75,0.083,Call,Call,0,0,10.0,10.06,0.06,4.0,4.38,0.38
73,347,9.5,80,Primary Care,75,0.174,All,Call,1,0,15.0,20.93,5.93,4.0,4.71,0.71
53,398,14.4,171,Cardiology,83,0.425,Call,Call,1,6,21.0,33.56,12.56,2.0,4.97,2.97
43,149,9.7,154,Neurology,68,0.531,Email,Email,0,0,22.0,22.48,0.48,4.0,4.17,0.17
64,37,18.8,49,Cardiology,84,0.317,All,All,1,3,13.0,18.63,5.63,3.0,4.69,1.69
47,279,19.6,145,Cardiology,75,0.657,Email,Email,1,2,17.0,23.66,6.66,4.0,5.48,1.48
19,392,12.9,81,Primary Care,77,0.126,All,Call,0,0,13.0,13.71,0.71,4.0,4.11,0.11
41,36,8.8,52,Oncology,95,0.734,All,Insights,1,3,17.0,24.42,7.42,5.0,7.14,2.14
57,398,6.8,128,Cardiology,83,0.425,Email,Email,0,0,12.0,12.32,0.32,3.0,3.06,0.06
3,86,1.5,33,Oncology,83,0.564,Insights,All,1,5,9.0,13.92,4.92,3.0,6.08,3.08
49,129,14.2,24,Primary Care,88,0.726,All,All,1,1,17.0,21.42,4.42,4.0,5.83,1.83
40,312,4.2,152,Neurology,66,0.714,All,All,1,8,14.0,26.77,12.77,5.0,8.72,3.72
6,26,11.4,159,Oncology,78,0.357,Insights,Insights,1,5,13.0,20.88,7.88,5.0,6.25,1.25
22,153,19.0,38,Oncology,81,0.134,Insights,Insights,0,0,11.0,11.61,0.61,4.0,4.24,0.24
36,70,9.2,60,Primary Care,76,0.115,Insights,Insights,0,0,13.0,13.21,0.21,2.0,2.02,0.02
28,108,19.3,22,Primary Care,76,0.337,Email,Call,1,4,14.0,19.8,5.8,4.0,4.4,0.4
24,387,5.7,177,Neurology,69,0.094,Insights,Call,0,0,11.0,12.32,1.32,4.0,4.6,0.6
52,115,18.3,191,Oncology,61,0.56,Call,Call,1,4,11.0,17.33,6.33,4.0,5.04,1.04
33,22,7.1,115,Primary Care,76,0.2,Call,Call,0,0,14.0,14.27,0.27,2.0,2.08,0.08
40,108,4.2,152,Primary Care,76,0.337,Call,Call,1,7,19.0,31.93,12.93,1.0,3.07,2.07
64,44,18.8,49,Oncology,88,0.174,All,Insights,1,2,15.0,18.04,3.04,0.0,1.49,1.49
8,312,17.0,116,Neurology,66,0.714,Email,Insights,1,1,12.0,15.51,3.51,5.0,6.38,1.38
29,487,12.2,174,Primary Care,69,0.447,Call,Call,1,2,16.0,21.7,5.7,3.0,3.73,0.73
6,84,11.4,159,Cardiology,89,0.343,Email,Email,1,4,15.0,23.99,8.99,4.0,5.93,1.93
75,365,10.3,91,Primary Care,94,0.448,Email,Email,1,2,17.0,24.08,7.08,3.0,5.09,2.09
15,182,5.6,103,Neurology,70,0.403,All,All,0,0,21.0,21.43,0.43,2.0,2.16,0.16
66,36,3.4,187,Oncology,95,0.734,Call,Call,1,4,13.0,21.75,8.75,9.0,11.31,2.31
16,344,15.5,62,Cardiology,99,0.496,Email,Email,1,4,18.0,27.55,9.55,4.0,5.59,1.59
26,105,8.4,99,Cardiology,70,0.342,All,Call,1,2,12.0,18.2,6.2,3.0,4.28,1.28
49,257,14.2,24,Neurology,92,0.677,Email,Email,1,3,12.0,15.47,3.47,5.0,6.68,1.68
67,254,8.8,42,Oncology,81,0.098,Call,Call,1,3,11.0,18.1,7.1,5.0,6.5,1.5
15,299,5.6,103,Oncology,81,0.553,All,Call,0,0,15.0,15.13,0.13,4.0,4.02,0.02
18,68,7.3,45,Primary Care,67,0.536,All,All,1,3,7.0,12.57,5.57,5.0,7.2,2.2
71,126,11.1,124,Oncology,82,0.333,Email,Email,0,0,13.0,13.57,0.57,3.0,3.39,0.39
26,369,8.4,99,Oncology,91,0.499,All,Email,1,4,14.0,24.22,10.22,2.0,3.18,1.18
17,467,14.5,38,Neurology,82,0.399,Insights,Insights,0,0,12.0,12.08,0.08,5.0,5.02,0.02
60,6,13.3,137,Primary Care,70,0.138,Insights,Insights,1,1,14.0,19.02,5.02,3.0,5.16,2.16
8,207,17.0,116,Oncology,63,0.411,Call,Call,1,1,19.0,21.6,2.6,3.0,4.29,1.29
70,441,9.1,60,Oncology,82,0.069,All,Insights,0,0,23.0,23.1,0.1,5.0,5.19,0.19
71,144,11.1,124,Primary Care,71,0.029,Insights,Insights,1,0,18.0,22.64,4.64,3.0,5.11,2.11
69,224,19.6,188,Neurology,77,0.28,All,Call,1,2,13.0,18.38,5.38,5.0,6.5,1.5
24,453,5.7,177,Cardiology,81,0.285,All,All,0,0,15.0,15.48,0.48,2.0,2.03,0.03
10,485,19.4,180,Oncology,95,0.015,All,All,1,7,10.0,22.98,12.98,2.0,5.1,3.1
35,328,17.5,101,Cardiology,83,0.37,All,Insights,1,2,20.0,26.78,6.78,1.0,2.15,1.15
27,348,14.9,28,Oncology,88,0.382,Call,Call,0,0,15.0,15.2,0.2,3.0,3.49,0.49
77,307,5.6,150,Neurology,69,0.321,Email,Email,0,0,10.0,10.02,0.02,3.0,3.07,0.07
51,142,15.3,66,Cardiology,86,0.277,Insights,Insights,0,0,23.0,23.09,0.09,3.0,3.24,0.24
76,444,1.2,80,Oncology,81,0.234,Email,Email,0,0,16.0,16.3,0.3,2.0,2.02,0.02
61,18,5.4,66,Neurology,84,0.29,All,All,0,0,11.0,12.1,1.1,3.0,3.09,0.09
58,30,14.5,120,Neurology,91,0.336,All,Call,1,5,13.0,25.69,12.69,1.0,2.76,1.76
9,301,12.2,167,Oncology,79,0.068,Insights,Insights,1,2,17.0,23.96,6.96,1.0,3.16,2.16
6,419,11.4,159,Cardiology,81,0.451,Email,Email,0,0,15.0,15.06,0.06,5.0,5.07,0.07
4,408,15.7,136,Cardiology,85,0.605,All,Email,0,0,13.0,13.15,0.15,4.0,4.09,0.09
48,339,11.4,109,Primary Care,82,0.594,Insights,Insights,0,0,17.0,18.48,1.48,5.0,5.26,0.26
17,189,14.5,38,Neurology,77,0.106,Insights,Insights,0,0,17.0,17.68,0.68,1.0,1.1,0.1
80,180,5.0,190,Primary Care,79,0.23,Insights,Insights,1,0,14.0,14.59,0.59,3.0,3.03,0.03
11,213,14.7,189,Cardiology,83,0.393,Email,Email,1,4,11.0,18.31,7.31,3.0,4.12,1.12
76,129,1.2,80,Primary Care,88,0.726,All,Email,1,6,14.0,25.1,11.1,5.0,7.68,2.68
54,210,18.8,54,Neurology,81,0.65,Email,Email,1,3,18.0,24.87,6.87,2.0,4.04,2.04
9,53,12.2,167,Cardiology,81,0.762,Insights,Insights,1,3,9.0,17.83,8.83,2.0,3.27,1.27
5,160,14.3,123,Primary Care,88,0.064,Email,Email,1,2,18.0,22.72,4.72,6.0,7.91,1.91
32,471,11.7,170,Primary Care,92,0.141,Email,Email,0,0,12.0,12.8,0.8,4.0,4.33,0.33
28,354,19.3,22,Cardiology,77,0.52,Email,Email,1,3,14.0,20.1,6.1,3.0,4.83,1.83
26,71,8.4,99,Neurology,87,0.283,Email,Email,1,3,23.0,30.68,7.68,2.0,4.26,2.26
43,144,9.7,154,Primary Care,71,0.029,All,Call,1,0,10.0,13.07,3.07,5.0,5.84,0.84
11,130,14.7,189,Oncology,88,0.424,All,Call,1,3,14.0,21.57,7.57,1.0,2.19,1.19
11,141,14.7,189,Cardiology,68,0.434,Email,Email,1,3,12.0,20.95,8.95,6.0,8.71,2.71
56,346,12.0,85,Neurology,88,0.173,Email,Email,1,3,12.0,17.11,5.11,4.0,6.23,2.23
80,448,5.0,190,Neurology,81,0.512,All,Insights,1,3,20.0,30.29,10.29,4.0,5.19,1.19
22,356,19.0,38,Oncology,83,0.094,Email,Email,1,4,19.0,32.54,13.54,8.0,10.07,2.07
75,245,10.3,91,Cardiology,73,0.766,Call,Call,0,0,20.0,21.01,1.01,5.0,5.52,0.52
28,81,19.3,22,Cardiology,93,0.439,Email,Insights,1,3,18.0,24.83,6.83,6.0,6.47,0.47
27,72,14.9,28,Cardiology,87,0.334,Insights,Insights,1,2,15.0,22.73,7.73,7.0,9.03,2.03
8,408,17.0,116,Cardiology,85,0.605,All,All,1,3,13.0,21.52,8.52,3.0,4.21,1.21
34,339,1.0,82,Primary Care,82,0.594,Email,Email,1,8,11.0,22.28,11.28,6.0,10.53,4.53
40,256,4.2,152,Cardiology,82,0.414,All,Email,0,0,17.0,17.18,0.18,5.0,5.04,0.04
54,289,18.8,54,Neurology,87,0.352,All,All,1,2,23.0,28.66,5.66,4.0,5.15,1.15
13,425,7.9,51,Cardiology,86,0.128,All,Email,1,5,9.0,17.88,8.88,2.0,3.92,1.92
16,407,15.5,62,Primary Care,87,0.244,All,All,0,0,14.0,14.6,0.6,4.0,4.22,0.22
35,44,17.5,101,Oncology,88,0.174,All,Call,1,2,13.0,18.23,5.23,6.0,6.73,0.73
6,198,11.4,159,Oncology,69,0.558,Insights,Insights,0,0,16.0,19.0,3.0,2.0,2.04,0.04
12,22,13.9,58,Primary Care,76,0.2,All,Email,0,0,14.0,14.34,0.34,3.0,3.07,0.07
51,193,15.3,66,Cardiology,65,0.598,Email,Email,0,0,15.0,15.23,0.23,8.0,8.14,0.14
77,319,5.6,150,Cardiology,76,0.391,All,Insights,1,4,15.0,26.67,11.67,5.0,7.74,2.74
46,105,14.6,60,Cardiology,70,0.342,Insights,Insights,1,2,13.0,16.65,3.65,5.0,6.98,1.98
12,76,13.9,58,Oncology,85,0.826,Email,Email,1,2,16.0,20.54,4.54,2.0,4.13,2.13
80,246,5.0,190,Primary Care,86,0.14,Call,Call,0,0,14.0,14.42,0.42,8.0,8.28,0.28
42,263,17.0,101,Neurology,68,0.33,Email,All,0,0,17.0,17.15,0.15,9.0,9.03,0.03
58,358,14.5,120,Neurology,85,0.659,Call,Call,1,1,13.0,19.97,6.97,1.0,1.82,0.82
16,8,15.5,62,Oncology,84,0.211,Email,Email,1,6,16.0,25.74,9.74,3.0,4.69,1.69
47,124,19.6,145,Cardiology,64,0.774,Call,Call,1,4,14.0,21.39,7.39,3.0,5.14,2.14
7,390,16.5,42,Primary Care,60,0.288,Call,Call,1,0,12.0,15.09,3.09,7.0,7.08,0.08
51,341,15.3,66,Cardiology,79,0.146,Insights,Insights,1,2,13.0,17.09,4.09,1.0,2.59,1.59
17,450,14.5,38,Neurology,92,0.263,Email,Email,1,4,13.0,19.06,6.06,5.0,5.92,0.92
73,408,9.5,80,Cardiology,85,0.605,Email,Call,1,5,11.0,13.4,2.4,3.0,3.84,0.84
5,420,14.3,123,Neurology,87,0.385,Call,Call,1,5,12.0,21.01,9.01,2.0,4.11,2.11
53,256,14.4,171,Cardiology,82,0.414,Call,Call,0,0,7.0,7.23,0.23,4.0,4.09,0.09
12,480,13.9,58,Primary Care,86,0.362,Email,Email,1,4,15.0,21.86,6.86,4.0,5.78,1.78
55,208,12.2,128,Cardiology,66,0.907,All,Call,1,4,11.0,14.95,3.95,2.0,3.81,1.81
40,452,4.2,152,Cardiology,71,0.233,Call,Call,0,0,20.0,20.14,0.14,5.0,5.02,0.02
78,196,19.6,86,Primary Care,70,0.377,Call,Insights,1,1,10.0,14.35,4.35,3.0,4.18,1.18
53,223,14.4,171,Oncology,99,0.726,Insights,Email,1,0,11.0,11.44,0.44,5.0,5.13,0.13
30,343,12.2,100,Neurology,73,0.188,All,All,0,0,17.0,17.37,0.37,9.0,9.07,0.07
7,200,16.5,42,Primary Care,89,0.329,Call,Call,1,0,18.0,23.23,5.23,8.0,8.0,0.0
48,74,11.4,109,Cardiology,89,0.492,Email,All,0,0,13.0,13.14,0.14,6.0,6.19,0.19
36,449,9.2,60,Oncology,71,0.266,Insights,Insights,1,2,15.0,18.53,3.53,2.0,4.39,2.39
5,227,14.3,123,Cardiology,83,0.278,Call,Call,1,2,12.0,20.2,8.2,2.0,2.93,0.93
47,464,19.6,145,Cardiology,85,0.058,Call,Call,0,0,15.0,15.23,0.23,5.0,5.21,0.21
17,200,14.5,38,Primary Care,89,0.329,All,All,1,4,16.0,24.42,8.42,3.0,4.94,1.94
19,487,12.9,81,Primary Care,69,0.447,All,All,1,4,13.0,18.68,5.68,1.0,2.98,1.98
1,302,18.1,130,Primary Care,86,0.283,Insights,Insights,1,1,14.0,20.77,6.77,7.0,7.53,0.53
30,385,12.2,100,Primary Care,88,0.763,Email,Email,1,4,20.0,28.19,8.19,2.0,4.47,2.47
18,378,7.3,45,Primary Care,84,0.084,Insights,Insights,1,0,20.0,25.47,5.47,2.0,3.23,1.23
6,101,11.4,159,Cardiology,69,0.507,All,Call,1,2,15.0,19.73,4.73,3.0,3.45,0.45
35,408,17.5,101,Cardiology,85,0.605,All,All,1,7,15.0,24.6,9.6,4.0,6.72,2.72
18,473,7.3,45,Oncology,95,0.199,Email,Email,0,0,15.0,15.27,0.27,3.0,3.18,0.18
11,331,14.7,189,Oncology,80,0.49,Email,Email,1,1,12.0,15.59,3.59,4.0,5.51,1.51
38,474,2.6,161,Primary Care,65,0.287,Email,Email,0,0,16.0,16.41,0.41,4.0,4.01,0.01
6,424,11.4,159,Neurology,81,0.381,All,Insights,1,2,14.0,18.64,4.64,8.0,9.13,1.13
80,334,5.0,190,Oncology,87,0.118,Call,Call,1,1,9.0,12.15,3.15,2.0,2.0,0.0
38,239,2.6,161,Cardiology,88,0.392,Call,Call,0,0,9.0,9.06,0.06,2.0,2.59,0.59
80,429,5.0,190,Oncology,91,0.722,Call,Call,1,1,11.0,16.88,5.88,1.0,2.45,1.45
71,93,11.1,124,Primary Care,92,0.396,Call,Call,1,3,20.0,25.87,5.87,5.0,7.22,2.22
79,281,19.8,87,Primary Care,65,0.633,All,Call,0,0,9.0,9.42,0.42,4.0,4.51,0.51
44,408,18.7,26,Cardiology,85,0.605,Call,Call,1,3,16.0,21.99,5.99,6.0,7.24,1.24
34,473,1.0,82,Oncology,95,0.199,Email,Email,1,3,16.0,24.76,8.76,5.0,7.17,2.17
58,134,14.5,120,Neurology,80,0.588,All,Email,1,4,17.0,20.99,3.99,5.0,7.24,2.24
7,47,16.5,42,Neurology,98,0.51,Insights,Insights,1,1,20.0,24.93,4.93,5.0,6.42,1.42
68,167,3.4,153,Primary Care,82,0.32,All,Email,1,8,18.0,27.37,9.37,5.0,8.08,3.08
26,432,8.4,99,Cardiology,82,0.379,All,All,0,0,19.0,19.1,0.1,6.0,6.09,0.09
1,262,18.1,130,Neurology,80,0.027,Email,Email,1,1,20.0,25.47,5.47,5.0,6.31,1.31
20,28,4.7,153,Oncology,87,0.392,Email,Insights,1,1,18.0,21.45,3.45,4.0,4.69,0.69
20,60,4.7,153,Neurology,96,0.578,Email,Call,1,2,14.0,16.7,2.7,4.0,5.62,1.62
2,170,6.3,75,Oncology,85,0.258,All,Email,1,2,16.0,22.11,6.11,8.0,9.34,1.34
54,172,18.8,54,Oncology,91,0.343,All,All,1,4,15.0,23.88,8.88,4.0,6.8,2.8
8,68,17.0,116,Primary Care,67,0.536,Call,All,0,0,12.0,12.35,0.35,5.0,5.35,0.35
68,248,3.4,153,Cardiology,80,0.411,All,All,0,0,13.0,13.54,0.54,5.0,5.26,0.26
37,240,10.3,187,Primary Care,61,0.169,All,Insights,0,0,11.0,11.33,0.33,1.0,1.59,0.59
58,100,14.5,120,Neurology,73,0.099,All,Insights,1,1,13.0,16.84,3.84,6.0,6.0,0.0
28,117,19.3,22,Primary Care,85,0.523,Call,Email,1,3,13.0,20.01,7.01,3.0,4.37,1.37
11,333,14.7,189,Cardiology,78,0.618,Email,All,1,4,8.0,12.12,4.12,3.0,4.95,1.95
15,477,5.6,103,Primary Care,81,0.627,All,Insights,0,0,14.0,14.01,0.01,2.0,2.04,0.04
